BEGIN TRANSACTION;

-- Assumptions:
-- 1. Lesson 21 continues the Biology track and is mapped to Grade 8, SubjectId 120011.
-- 2. Lessons 22-25 introduce Physics content and are mapped to Grade 8.
-- 3. Physics does not exist in the previous seed files, so a new subject is inserted starting from 120012.
-- 4. Section is 'А' and CreatedByUserId = 1 (seeded admin).
-- 5. IDs start from the ranges provided by the user to avoid overlap with previous scripts.

INSERT INTO "Subjects" ("Id", "CreatedByUserId", "Description", "Name", "Grade", "Section", "CreatedAt")
VALUES
  (120012, 1, 'Подготовка по физика с фокус върху механика, електричество, термодинамика и оптика.', 'Физика', 8, 'А', '2026-04-14T17:22:00Z');

INSERT INTO "Lessons" ("Id", "AttachmentName", "AttachmentUrl", "Content", "CreatedByUserId", "Grade", "ImageUrl", "Section", "SubjectId", "Title", "YoutubeUrl", "CreatedAt")
VALUES
  (121021, NULL, NULL, '<h2>Екология: Науката за нашия общ дом</h2>
<p><b>Екологията</b> изучава взаимоотношенията между живите организми и тяхната нежива среда, както и връзките между самите организми. В епохата на глобални климатични промени, тази наука е ключова за оцеляването на човечеството и съхраняването на биоразнообразието.</p>
<h3>Увод в екологичните системи</h3>
<p>Основните нива на организация в екологията са: <b>индивид</b>, <b>популация</b> (група индивиди от един вид), <b>биоценоза</b> (всички живи същества в даден район) и <b>екосистема</b> (биоценозата плюс неживата природа – почва, вода, въздух).</p>
<h3>Основни концепции: Кръговрат на веществата и енергията</h3>
<p>Всяка екосистема функционира благодарение на постоянния поток от енергия (обикновено слънчева) и кръговрата на химичните елементи. Организмите се делят на три групи според ролята им:</p>
<ul>
  <li><b>Продуценти:</b> Растения и фитопланктон, които сами създават органични вещества чрез фотосинтеза.</li>
  <li><b>Консументи:</b> Животни, които се хранят с готови органични вещества (растителноядни, хищници, всеядни).</li>
  <li><b>Редуценти:</b> Бактерии и гъби, които разлагат мъртвата материя до минерални соли, затваряйки цикъла.</li>
</ul>
<h3>Детайлно обяснение: Глобални екологични проблеми</h3>
<p>Човешката дейност (антропогенен фактор) оказва безпрецедентен натиск върху планетата. Основните предизвикателства включват:</p>
<ul>
  <li><b>Парников ефект и глобално затопляне:</b> Повишаване на нивата на CO2 води до задържане на топлина в атмосферата.</li>
  <li><b>Замърсяване на водите и почвите:</b> Чрез пестициди, тежки метали и пластмаса.</li>
  <li><b>Намаляване на биоразнообразието:</b> Изчезването на видове нарушава стабилността на екосистемите.</li>
  <li><b>Озонова дупка:</b> Разрушаване на защитния слой на Земята от изкуствени химикали (фреони).</li>
</ul>
<img src="https://source.unsplash.com/featured/?education,Image of the greenhouse effect diagram" style="width:100%; border-radius:8px; margin: 10px 0;" />
<h3>Стратегии за опазване на околната среда</h3>
<p>Опазването включва създаване на защитени територии (национални паркове, резервати), преминаване към възобновяеми енергийни източници и концепцията за <b>устойчиво развитие</b> – задоволяване на нуждите на настоящето, без да се лишават бъдещите поколения от същите ресурси.</p>
<h3>Заключение</h3>
<p>Екологията ни учи, че в природата няма нищо излишно и всяко действие има противодействие. Ние не сме господари на природата, а част от нея, и нейното здраве е пряко свързано с нашето собствено.</p>', 1, 8, NULL, 'А', 120011, 'Екология: Науката за нашия общ дом', NULL, '2026-04-14T17:23:00Z'),
  (121022, NULL, NULL, '<h2>Механика: Законите на движението и равновесието</h2>
<p><b>Механиката</b> е дял от физиката, който изучава движението на материалните тела и взаимодействията между тях. Тя ни помага да разберем всичко – от падането на една ябълка до траекторията на космическите ракети.</p>
<h3>Увод в кинематиката: Описание на движението</h3>
<p>Кинематиката описва движението, без да разглежда причините за него. Основните величини тук са <b>път (s)</b>, <b>време (t)</b>, <b>скорост (v)</b> и <b>ускорение (a)</b>.</p>
<ul>
  <li><b>Равномерно праволинейно движение:</b> Тялото изминава равни пътища за равни интервали от време. Скоростта е постоянна ($v = const$). Формула: $s = v \cdot t$.</li>
  <li><b>Равномерно ускорително движение:</b> Скоростта на тялото се променя равномерно. Формула за скорост: $v = v_0 + a \cdot t$.</li>
</ul>
<h3>Основни концепции: Динамика и законите на Нютон</h3>
<p>Динамиката изучава причините за движението – <b>силите (F)</b>. Исак Нютон формулира трите основни закона, които са фундаментът на класическата механика:</p>
<ol>
  <li><b>Първи закон (Закон за инерцията):</b> Всяко тяло запазва състоянието си на покой или на праволинейно равномерно движение, докато външна сила не го принуди да го промени.</li>
  <li><b>Втори закон (Основен закон на динамиката):</b> Ускорението, което получава едно тяло, е правопропорционално на силата, действаща върху него, и обратнопропорционално на неговата маса. Формула: <span style="color: #c0392b;">$F = m \cdot a$</span>.</li>
  <li><b>Трети закон (Закон за действието и противодействието):</b> Всяко действие има равно по големина и противоположно по посока противодействие.</li>
</ol>
<img src="https://source.unsplash.com/featured/?education,Image of Newton''s second law diagram F=ma" style="width:100%; border-radius:8px; margin: 10px 0;" />
<h3>Детайлно обяснение: Видове сили в природата</h3>
<p>В ежедневието се сблъскваме с различни сили, които определят движението ни:</p>
<ul>
  <li><b>Сила на тежестта (G):</b> Силата, с която Земята привлича телата. $G = m \cdot g$, където $g \approx 9.8 \, m/s^2$.</li>
  <li><b>Сила на триене:</b> Появява се при допир на две повърхности и винаги е насочена срещу посоката на движение.</li>
  <li><b>Сила на еластичност:</b> Възниква при деформация на телата и се стреми да върне първоначалната им форма.</li>
</ul>
<h3>Практическо приложение</h3>
<p>Законите на механиката се използват при проектирането на автомобилни спирачни системи, асансьори и спортна екипировка. Разбирането на инерцията например е причината, поради която поставяме предпазни колани в колите – нашето тяло се стреми да запази скоростта си дори когато колата спре рязко.</p>
<h3>Заключение</h3>
<p>Механиката ни учи, че нищо не се движи без причина и всяко взаимодействие оставя отпечатък. Тя е първата стъпка към разбирането на по-сложните физични явления във вселената.</p>', 1, 8, NULL, 'А', 120012, 'Механика: Законите на движението и равновесието', NULL, '2026-04-14T17:24:00Z'),
  (121023, NULL, NULL, '<h2>Електричество и магнетизъм: Двигателите на прогреса</h2>
<p><b>Електричният ток</b> е насочено движение на електрични заряди (електрони в металите или йони в електролитите). <b>Магнетизмът</b> от своя страна е свойство на материята, което се проявява чрез силови полета, създавани от движещи се заряди. Връзката между тях се нарича електромагнетизъм.</p>
<h3>Увод в електричните вериги</h3>
<p>За да протича електричен ток, е необходима затворена верига, източник на напрежение и консуматор. Основните величини, които описват този процес, са:</p>
<ul>
  <li><b>Електричен ток (I):</b> Количеството заряд, преминало през напречното сечение на проводника за единица време. Измерва се в <b>Ампери (A)</b>.</li>
  <li><b>Електрично напрежение (U):</b> Енергията, която източникът придава на зарядите. Измерва се във <b>Волтове (V)</b>.</li>
  <li><b>Електрично съпротивление (R):</b> Свойството на материалите да пречат на движението на зарядите. Измерва се в <b>Омове (Ω)</b>.</li>
</ul>
<img src="https://source.unsplash.com/featured/?education,Image of a simple electric circuit with battery, bulb, and switch" style="width:100%; border-radius:8px; margin: 10px 0;" />
<h3>Основни концепции: Закон на Ом и Свързване</h3>
<p>Най-важната зависимост в електротехниката е <b>Законът на Ом</b>: токът е правопропорционален на напрежението и обратнопропорционален на съпротивлението.<br><center><span style="font-size: 1.2em; color: #c0392b;">$I = \frac{U}{R}$</span></center></p>
<p>Консуматорите във веригата могат да бъдат свързани по два начина:</p>
<ol>
  <li><b>Последователно:</b> Токът е еднакъв навсякъде, а напрежението се разпределя. Ако един елемент изгори, веригата прекъсва.</li>
  <li><b>Успоредно:</b> Напрежението е еднакво, а токовете се събират. Това е начинът, по който са свързани уредите в домовете ни.</li>
</ol>
<img src="https://source.unsplash.com/featured/?education,Image of series and parallel circuits comparison" style="width:100%; border-radius:8px; margin: 10px 0;" />
<h3>Детайлно обяснение: Магнитни явления</h3>
<p>Около всеки проводник, по който тече ток, се поражда <b>магнитно поле</b>. Този ефект се използва за създаването на електромагнити. Основните свойства на магнитите са:</p>
<ul>
  <li>Всеки магнит има два полюса – северен (N) и южен (S).</li>
  <li>Едноименните полюси се отблъскват, а разноименните се привличат.</li>
  <li><b>Електромагнитна индукция:</b> Процесът на генериране на електричен ток чрез променящо се магнитно поле. Това е принципът, по който работят генераторите в електроцентралите.</li>
</ul>
<img src="https://source.unsplash.com/featured/?education,Image of magnetic field lines around a bar magnet and a solenoid" style="width:100%; border-radius:8px; margin: 10px 0;" />
<h3>Практическо приложение</h3>
<p>Без тези познания нямаше да имаме електродвигатели (които превръщат електрическата енергия в механична) или трансформатори (които променят напрежението за пренос на дълги разстояния). Магнитният резонанс (ЯМР) в медицината също разчита на мощни магнитни полета за диагностика.</p>
<h3>Заключение</h3>
<p>Електричеството и магнетизмът са две страни на една и съща монета. Тяхното овладяване ни позволява да пренасяме енергия на огромни разстояния и да предаваме информация със скоростта на светлината.</p>', 1, 8, NULL, 'А', 120012, 'Електричество и магнетизъм: Двигателите на прогреса', NULL, '2026-04-14T17:25:00Z'),
  (121024, NULL, NULL, '<h2>Термодинамика: Енергията на хаоса</h2>
<p><b>Молекулната физика</b> разглежда веществата като изградени от частици, които са в постоянно, хаотично движение (Брауново движение). <b>Термодинамиката</b> от своя страна изучава превръщането на енергията от един вид в друг, като се фокусира върху понятия като вътрешна енергия, работа и топлина.</p>
<h3>Увод в молекулно-кинетичната теория (МКТ)</h3>
<p>Според МКТ температурата на едно тяло е мярка за средната кинетична енергия на неговите молекули. Колкото по-бързо се движат частиците, толкова по-висока е температурата.</p>
<ul>
  <li><b>Абсолютна температура:</b> Измерва се в Келвини (K). $0 \, K$ (абсолютната нула) е състоянието, при което топлинното движение спира.</li>
  <li><b>Връзка с Целзий:</b> $T(K) = t(^\circ C) + 273.15$.</li>
</ul>
<h3>Основни концепции: Първи закон на термодинамиката</h3>
<p>Този закон всъщност е законът за запазване на енергията, приложен към топлинни системи. Той гласи, че внесеното в системата количество топлина ($Q$) се консумира за промяна на нейната <b>вътрешна енергия</b> ($\Delta U$) и за извършване на <b>работа</b> ($A$):</p>
<center><span style="font-size: 1.2em; color: #c0392b;">$Q = \Delta U + A$</span></center>
<p><b>Начини за промяна на вътрешната енергия:</b></p>
<ol>
  <li><b>Чрез работа:</b> Например при рязко свиване на газ в помпа (той се нагрява).</li>
  <li><b>Чрез топлообмен:</b> Пренос на енергия от по-топло към по-студено тяло (конвекция, топлопроводност или лъчение).</li>
</ol>
<h3>Детайлно обяснение: Топлинни машини и Втори закон</h3>
<p>Вторият закон на термодинамиката поставя фундаментално ограничение: не е възможно да се превърне цялата получена топлина в полезна работа без загуби. Всяка топлинна машина (двигател с вътрешно горене, парна турбина) се нуждае от:</p>
<ul>
  <li><b>Нагревател:</b> Източник на енергия.</li>
  <li><b>Работно тяло:</b> Газ или пара, които извършват работа чрез разширение.</li>
  <li><b>Охладител:</b> Място, където се отдава неизползваната топлина.</li>
</ul>
<p><b>Коефициент на полезно действие (КПД):</b> Винаги е по-малък от 100%.</p>
<h3>Практическо приложение</h3>
<p>Термодинамиката стои зад работата на хладилниците и климатиците. Те не "произвеждат студ", а използват работа (електричество), за да пренесат топлина от вътрешността на уреда към околната среда, действайки като "топлинни помпи".</p>
<h3>Заключение</h3>
<p>Термодинамиката ни учи, че енергията не може да бъде създадена или унищожена, но качеството й се влошава при всяко превръщане. Това е ключово за разбирането на енергийната криза и търсенето на по-ефективни технологии.</p>', 1, 8, NULL, 'А', 120012, 'Термодинамика: Енергията на хаоса', NULL, '2026-04-14T17:26:00Z'),
  (121025, NULL, NULL, '<h2>Оптика и атомна физика: От светлинния лъч до кванта</h2>
<p><b>Оптичните явления</b> ни обясняват как виждаме света, как се пречупва светлината в лещите и защо небето е синьо. <b>Атомната физика</b> пък навлиза дълбоко в микросвета, разкривайки, че енергията не се предава непрекъснато, а на малки порции, наречени кванти.</p>
<h3>Увод в геометричната оптика</h3>
<p>Светлината е електромагнитна вълна, която в хомогенна среда се разпространява праволинейно. Когато срещне граница между две среди, тя проявява две основни свойства:</p>
<ul>
  <li><b>Отражение:</b> Светлината се отразява под същия ъгъл, под който е паднала ($\alpha = \beta$).</li>
  <li><b>Пречупване (Рефракция):</b> Промяна в посоката на светлината при преминаване от една среда в друга (напр. от въздух във вода) поради промяна в нейната скорост.</li>
</ul>
<h3>Основни концепции: Оптични уреди и спектър</h3>
<p>Лещите са основните компоненти на очилата, микроскопите и телескопите. Те биват <b>събирателни</b> (изпъкнали) и <b>разсейвателни</b> (вдлъбнати).<br><b>Дисперсия:</b> Бялата светлина всъщност е смес от цветове. При преминаване през призма тя се разлага на съставните си части (червено, оранжево, жълто, зелено, синьо, индиго и виолетово) – така се образува дъгата.</p>
<h3>Детайлно обяснение: Квантова и ядрена физика</h3>
<p>В началото на 20-ти век физиците откриват, че светлината има двойствена природа – тя е едновременно вълна и поток от частици (фотони). Това е основата на квантовата физика.</p>
<ul>
  <li><b>Фотоефект:</b> Отделяне на електрони от повърхността на метал при облъчване със светлина. Това явление се използва в слънчевите панели.</li>
  <li><b>Радиоактивност:</b> Спонтанно разпадане на нестабилни атомни ядра, при което се отделя лъчение ($\alpha$, $\beta$ и $\gamma$ лъчи).</li>
  <li><b>Ядрена енергия:</b> Енергията, която се освобождава при делене на тежки ядра (в АЕЦ) или синтез на леки ядра (в ядрата на звездите като Слънцето).</li>
</ul>
<h3>Практическо приложение</h3>
<p>Оптиката е в основата на фиброоптичните кабели, които пренасят интернет с огромна скорост чрез тотално вътрешно отражение. Атомната физика пък ни даде лазерите, ядрената медицина (за лечение на рак) и най-чистия (в контекста на въглеродни емисии) начин за производство на електроенергия.</p>
<h3>Заключение</h3>
<p>От лещата на окото до енергията на атома, тези дялове на физиката ни показват, че светлината и материята са дълбоко свързани. Познаването им ни позволява не само да виждаме по-добре, но и да разбираме механизмите, по които е устроена Вселената на най-фундаментално ниво.</p>', 1, 8, NULL, 'А', 120012, 'Оптика и атомна физика: От светлинния лъч до кванта', NULL, '2026-04-14T17:27:00Z');

INSERT INTO "Tests" ("Id", "CreatedByUserId", "LessonId", "Title", "Grade", "Section", "CreatedAt")
VALUES
  (122021, 1, 121021, 'Тест към тема "Екология и опазване на околната среда"', 8, 'А', '2026-04-14T17:28:00Z'),
  (122022, 1, 121022, 'Тест към тема "Механика: Движение и сили"', 8, 'А', '2026-04-14T17:29:00Z'),
  (122023, 1, 121023, 'Тест към тема "Електричен ток и магнитни явления"', 8, 'А', '2026-04-14T17:30:00Z'),
  (122024, 1, 121024, 'Тест към тема "Термодинамика и молекулна физика"', 8, 'А', '2026-04-14T17:31:00Z'),
  (122025, 1, 121025, 'Тест към тема "Оптика и атомна физика"', 8, 'А', '2026-04-14T17:32:00Z');

INSERT INTO "Questions" ("Id", "Text", "TestId", "CorrectTextAnswer", "ImageUrl", "OrderIndex", "Type")
VALUES
  (123101, 'Кои организми в екосистемата се наричат "продуценти"?', 122021, NULL, NULL, 1, 'multiple-choice'),
  (123102, 'Какво представлява "биоценозата"?', 122021, NULL, NULL, 2, 'multiple-choice'),
  (123103, 'Кой газ е основната причина за усилването на парниковия ефект?', 122021, NULL, NULL, 3, 'multiple-choice'),
  (123104, 'Коя е основната функция на редуцентите в природата?', 122021, NULL, NULL, 4, 'multiple-choice'),
  (123105, 'Какво означава терминът "устойчиво развитие"?', 122021, NULL, NULL, 5, 'multiple-choice'),
  (123106, 'Коя е основната мерна единица за сила в система СИ?', 122022, NULL, NULL, 1, 'multiple-choice'),
  (123107, 'Ако върху тяло не действат никакви сили, то:', 122022, NULL, NULL, 2, 'multiple-choice'),
  (123108, 'Колко Нютона е силата на тежестта, действаща на тяло с маса 5 kg (при $g = 10 \\, m/s^2$)?', 122022, NULL, NULL, 3, 'multiple-choice'),
  (123109, 'Третият закон на Нютон твърди, че силите на действие и противодействие:', 122022, NULL, NULL, 4, 'multiple-choice'),
  (123110, 'Какво измерва скоростомерът на един автомобил?', 122022, NULL, NULL, 5, 'multiple-choice'),
  (123111, 'Коя е мерната единица за електрично съпротивление?', 122023, NULL, NULL, 1, 'multiple-choice'),
  (123112, 'Според закона на Ом, ако увеличим напрежението два пъти при постоянно съпротивление, токът ще:', 122023, NULL, NULL, 2, 'multiple-choice'),
  (123113, 'Как са свързани лампите в полилея у дома, за да светят независимо една от друга?', 122023, NULL, NULL, 3, 'multiple-choice'),
  (123114, 'Какво се случва при срязване на постоянен магнит на две части?', 122023, NULL, NULL, 4, 'multiple-choice'),
  (123115, 'Уредът, който превръща механичната енергия в електрическа, се нарича:', 122023, NULL, NULL, 5, 'multiple-choice'),
  (123116, 'На колко градуса по Келвин съответстват 27 °C?', 122024, NULL, NULL, 1, 'multiple-choice'),
  (123117, 'Коя величина е мярка за средната кинетична енергия на молекулите?', 122024, NULL, NULL, 2, 'multiple-choice'),
  (123118, 'Какво твърди Първият закон на термодинамиката?', 122024, NULL, NULL, 3, 'multiple-choice'),
  (123119, 'Защо КПД на топлинните машини винаги е под 100%?', 122024, NULL, NULL, 4, 'multiple-choice'),
  (123120, 'Кой начин на топлообмен НЕ изисква среда (може да протича във вакуум)?', 122024, NULL, NULL, 5, 'multiple-choice'),
  (123121, 'Как се нарича явлението, при което бялата светлина се разлага на цветове след преминаване през призма?', 122025, NULL, NULL, 1, 'multiple-choice'),
  (123122, 'Кой вид леща се използва за коригиране на далекогледство?', 122025, NULL, NULL, 2, 'multiple-choice'),
  (123123, 'Как се наричат частиците (квантите) на светлината?', 122025, NULL, NULL, 3, 'multiple-choice'),
  (123124, 'Кое от следните лъчения има най-голяма пробивна способност?', 122025, NULL, NULL, 4, 'multiple-choice'),
  (123125, 'Процесът, при който слънцето произвежда енергия, се нарича:', 122025, NULL, NULL, 5, 'multiple-choice');

INSERT INTO "Answers" ("Id", "Text", "IsCorrect", "QuestionId", "OrderIndex")
VALUES
  (124401, 'Хищниците', 0, 123101, 1),
  (124402, 'Зелените растения', 1, 123101, 2),
  (124403, 'Гъбите', 0, 123101, 3),
  (124404, 'Бактериите', 0, 123101, 4),
  (124405, 'Група индивиди от един вид', 0, 123102, 1),
  (124406, 'Неживата природа в даден район', 0, 123102, 2),
  (124407, 'Съвкупността от всички живи организми в дадена среда', 1, 123102, 3),
  (124408, 'Цялата планета Земя', 0, 123102, 4),
  (124409, 'Кислород', 0, 123103, 1),
  (124410, 'Азот', 0, 123103, 2),
  (124411, 'Въглероден диоксид', 1, 123103, 3),
  (124412, 'Водород', 0, 123103, 4),
  (124413, 'Да произвеждат кислород', 0, 123104, 1),
  (124414, 'Да разлагат органични отпадъци до минерални вещества', 1, 123104, 2),
  (124415, 'Да служат за храна на хищниците', 0, 123104, 3),
  (124416, 'Да регулират числеността на популациите', 0, 123104, 4),
  (124417, 'Спиране на всякакво промишлено производство', 0, 123105, 1),
  (124418, 'Развитие, което балансира икономиката с опазването на ресурсите', 1, 123105, 2),
  (124419, 'Използване на всички налични ресурси възможно най-бързо', 0, 123105, 3),
  (124420, 'Преместване на хората в градовете', 0, 123105, 4),

  (124421, 'Килограм (kg)', 0, 123106, 1),
  (124422, 'Джаул (J)', 0, 123106, 2),
  (124423, 'Нютон (N)', 1, 123106, 3),
  (124424, 'Ват (W)', 0, 123106, 4),
  (124425, 'Задължително е в покой', 0, 123107, 1),
  (124426, 'Се движи с ускорение', 0, 123107, 2),
  (124427, 'Запазва състоянието си на покой или равномерно праволинейно движение', 1, 123107, 3),
  (124428, 'Спира веднага', 0, 123107, 4),
  (124429, '0.5 N', 0, 123108, 1),
  (124430, '5 N', 0, 123108, 2),
  (124431, '50 N', 1, 123108, 3),
  (124432, '15 N', 0, 123108, 4),
  (124433, 'Се уравновесяват, защото са приложени към едно и също тяло', 0, 123109, 1),
  (124434, 'Са равни по големина и противоположни по посока, но са приложени към различни тела', 1, 123109, 2),
  (124435, 'Винаги предизвикват движение', 0, 123109, 3),
  (124436, 'Зависят от скоростта на телата', 0, 123109, 4),
  (124437, 'Средна скорост', 0, 123110, 1),
  (124438, 'Моментна скорост', 1, 123110, 2),
  (124439, 'Ускорение', 0, 123110, 3),
  (124440, 'Изминат път', 0, 123110, 4),

  (124441, 'Ампер', 0, 123111, 1),
  (124442, 'Волт', 0, 123111, 2),
  (124443, 'Ом', 1, 123111, 3),
  (124444, 'Ват', 0, 123111, 4),
  (124445, 'Намалее два пъти', 0, 123112, 1),
  (124446, 'Остане същият', 0, 123112, 2),
  (124447, 'Се увеличи два пъти', 1, 123112, 3),
  (124448, 'Стане нула', 0, 123112, 4),
  (124449, 'Последователно', 0, 123113, 1),
  (124450, 'Успоредно', 1, 123113, 2),
  (124451, 'Смесено', 0, 123113, 3),
  (124452, 'Не са свързани във верига', 0, 123113, 4),
  (124453, 'Получават се самостоятелен северен и самостоятелен южен полюс', 0, 123114, 1),
  (124454, 'Магнитните свойства изчезват', 0, 123114, 2),
  (124455, 'Получават се два нови магнита, всеки с два полюса', 1, 123114, 3),
  (124456, 'Магнитът става електромагнит', 0, 123114, 4),
  (124457, 'Електродвигател', 0, 123115, 1),
  (124458, 'Генератор', 1, 123115, 2),
  (124459, 'Акумулатор', 0, 123115, 3),
  (124460, 'Резистор', 0, 123115, 4),

  (124461, '0 K', 0, 123116, 1),
  (124462, '100 K', 0, 123116, 2),
  (124463, '273 K', 0, 123116, 3),
  (124464, '300 K', 1, 123116, 4),
  (124465, 'Налягане', 0, 123117, 1),
  (124466, 'Обем', 0, 123117, 2),
  (124467, 'Температура', 1, 123117, 3),
  (124468, 'Плътност', 0, 123117, 4),
  (124469, 'Топлината винаги преминава от студено към топло тяло.', 0, 123118, 1),
  (124470, 'Внесената топлина е равна на промяната на вътрешната енергия плюс извършената работа.', 1, 123118, 2),
  (124471, 'Енергията на Вселената намалява.', 0, 123118, 3),
  (124472, 'Не е възможно да се достигне абсолютната нула.', 0, 123118, 4),
  (124473, 'Поради липса на достатъчно гориво.', 0, 123119, 1),
  (124474, 'Поради Втория закон на термодинамиката (винаги има загуби към охладителя).', 1, 123119, 2),
  (124475, 'Защото триенето не може да бъде избегнато.', 0, 123119, 3),
  (124476, 'Поради грешки в измерването.', 0, 123119, 4),
  (124477, 'Топлопроводност', 0, 123120, 1),
  (124478, 'Конвекция', 0, 123120, 2),
  (124479, 'Излъчване (Радиация)', 1, 123120, 3),
  (124480, 'Дифузия', 0, 123120, 4),

  (124481, 'Отражение', 0, 123121, 1),
  (124482, 'Дисперсия', 1, 123121, 2),
  (124483, 'Дифракция', 0, 123121, 3),
  (124484, 'Поглъщане', 0, 123121, 4),
  (124485, 'Разсейвателна', 0, 123122, 1),
  (124486, 'Плоска', 0, 123122, 2),
  (124487, 'Събирателна', 1, 123122, 3),
  (124488, 'Огледална', 0, 123122, 4),
  (124489, 'Електрони', 0, 123123, 1),
  (124490, 'Протони', 0, 123123, 2),
  (124491, 'Фотони', 1, 123123, 3),
  (124492, 'Неутрони', 0, 123123, 4),
  (124493, 'Алфа лъчи', 0, 123124, 1),
  (124494, 'Бета лъчи', 0, 123124, 2),
  (124495, 'Гама лъчи', 1, 123124, 3),
  (124496, 'Видима светлина', 0, 123124, 4),
  (124497, 'Термоядрен синтез', 1, 123125, 1),
  (124498, 'Ядрено делене', 0, 123125, 2),
  (124499, 'Фотоефект', 0, 123125, 3),
  (124500, 'Химично горене', 0, 123125, 4);

COMMIT;
