BEGIN TRANSACTION;

-- Assumptions:
-- 1. Lesson 31 continues the History track and is mapped to Grade 8, SubjectId 120014.
-- 2. Lessons 32-35 belong to the Philosophy cycle (psychology, logic, ethics, history of ideas).
-- 3. Philosophy does not exist in the previous seed files, so a new subject is inserted starting from 120015.
-- 4. Philosophy-oriented content is mapped to Grade 10 to reflect older-student coursework.
-- 5. Section is 'А' and CreatedByUserId = 1 (seeded admin).
-- 6. IDs start from the ranges provided by the user to avoid overlap with previous scripts.

INSERT INTO "Subjects" ("Id", "CreatedByUserId", "Description", "Name", "Grade", "Section", "CreatedAt")
VALUES
  (120015, 1, 'Подготовка по философия с фокус върху психология, логика, етика и история на идеите.', 'Философия', 10, 'А', '2026-04-14T17:45:00Z');

INSERT INTO "Lessons" ("Id", "AttachmentName", "AttachmentUrl", "Content", "CreatedByUserId", "Grade", "ImageUrl", "Section", "SubjectId", "Title", "YoutubeUrl", "CreatedAt")
VALUES
  (121031, NULL, NULL, '<h2>Новият световен ред: Разделение и интеграция</h2>
<p>След 1945 г. светът навлиза в период на дълбока трансформация, белязан от съперничеството между две суперсили и стремежа към мир чрез международно сътрудничество.</p>
<h3>1. Студената война (1947 – 1991 г.)</h3>
<p>Това е състояние на политическо, идеологическо и икономическо противопоставяне между западния блок (начело със САЩ) и източния блок (начело със СССР).</p>
<ul>
  <li><b>"Желязната завеса":</b> Метафора за разделението на Европа на две враждебни сфери на влияние.</li>
  <li><b>Военни блокове:</b> Създаване на НАТО (1949 г.) за защита на Запада и Варшавския договор (1955 г.) като негов противовес на Изток[cite: 42, 52].</li>
  <li><b>Надпревара във въоръжаването:</b> Разработване на ядрено оръжие, което балансира света чрез "взаимно гарантирано унищожение".</li>
</ul>
<h3>2. Деколонизация и нови държави</h3>
<p>След войната старите колониални империи (Британия, Франция) отслабват, което води до вълна от независимост в Азия и Африка. Появяват се десетки нови държави, които често се самоопределят като "Третият свят".</p>
<h3>3. Пътят към европейско обединение</h3>
<p>За да се предотвратят нови конфликти, европейските държави започват икономическа интеграция. Процесът започва с Общността за въглища и стомана и еволюира в съвременния <b>Европейски съюз</b>[cite: 52].</p>
<h3>Детайлно обяснение: Крахът на социалистическата система</h3>
<p>В края на 80-те години икономическите проблеми и стремежът към свобода в Източна Европа водят до падането на Берлинската стена (1989 г.) и разпадането на СССР (1991 г.). Това бележи края на Студената война и началото на глобалния свят, в който живеем днес.</p>
<img src="https://source.unsplash.com/featured/?education,cold-war-europe-berlin-wall" style="width:100%; border-radius:8px; margin: 10px 0;" />
<h3>Заключение</h3>
<p>Следвоенната история ни показва как светът може да балансира на ръба на унищожението, но и как чрез дипломация и общи ценности могат да се градят съюзи, които гарантират най-дългия период на мир в Европа[cite: 42, 52].</p>', 1, 8, NULL, 'А', 120014, 'Новият световен ред: Разделение и интеграция', NULL, '2026-04-14T17:46:00Z'),
  (121032, NULL, NULL, '<h2>Психология: Пътят към самопознанието</h2>
<p><b>Психологията</b> е наука за душата, поведението и психичните процеси. В центъра ѝ стои <b>личността</b> – съвкупността от индивидуални черти, които ни правят уникални и определят как реагираме на света.</p>
<h3>Увод в структурата на личността</h3>
<p>Една от най-известните теории за личността е тази на <b>Зигмунд Фройд</b>. Според него психиката е изградена от три части:</p>
<ul>
  <li><b>То (Id):</b> Първичните инстинкти и желания (действа на принципа на удоволствието).</li>
  <li><b>Аз (Ego):</b> Рационалната част, която балансира между желанията и реалността.</li>
  <li><b>Свръх-Аз (Super-Ego):</b> Моралният компас, съвестта и нормите, наложени от обществото.</li>
</ul>
<h3>Основни концепции: Темперамент и характер</h3>
<p>Често бъркаме тези две понятия, но те имат различен произход:</p>
<ul>
  <li><b>Темперамент:</b> Вродената биологична основа на личността (скорост на реакциите, емоционалност). Още от Античността се делят на: <i>сангвиник, холерик, флегматик и меланхолик</i>.</li>
  <li><b>Характер:</b> Придобитите качества в процеса на възпитание и социализация. Той включва нашите ценности и волеви усилия.</li>
</ul>
<h3>Детайлно обяснение: Потребности и самоактуализация</h3>
<p>Ейбрахам Маслоу предлага "Пирамида на потребностите", според която човек не може да мисли за висши идеали, ако не са задоволени базовите му нужди.</p>
<ol>
  <li>Физиологични нужди (храна, сън).</li>
  <li>Сигурност и безопасност.</li>
  <li>Любов и принадлежност.</li>
  <li>Уважение и признание.</li>
  <li><b>Самоактуализация:</b> Реализиране на пълния потенциал на личността.</li>
</ol>
<img src="https://source.unsplash.com/featured/?education,Maslow''s hierarchy of needs pyramid" style="width:100%; border-radius:8px; margin: 10px 0;" />
<h3>Практическо приложение</h3>
<p>Познаването на психологията ни помага да разпознаваме своите емоции и да ги управляваме (емоционална интелигентност), да разбираме мотивите на другите и да избягваме конфликти. Тя е в основата на доброто общуване и психичното здраве.</p>
<h3>Заключение</h3>
<p>Личността не е нещо статично. Тя се развива през целия живот. Както казва Сократ: "Познай себе си!", защото само чрез самопознание можем да бъдем истински свободни и щастливи.</p>', 1, 10, NULL, 'А', 120015, 'Психология: Пътят към самопознанието', NULL, '2026-04-14T17:47:00Z'),
  (121033, NULL, NULL, '<h2>Логика: Изкуството на правилното мислене</h2>
<p><b>Логиката</b> е наука за формите и законите на правилното мислене. Тя не ни казва <i>какво</i> да мислим, а <i>как</i> да свързваме мислите си така, че от истинни предпоставки винаги да достигаме до истинни изводи.</p>
<h3>Увод в основните форми на мислене</h3>
<p>Логиката работи с три основни структури:</p>
<ul>
  <li><b>Понятие:</b> Мисъл за съществените признаци на обектите (напр. "човек", "триъгълник").</li>
  <li><b>Съждение:</b> Форма, чрез която се утвърждава или отрича нещо за обекта (напр. "Всички хора са смъртни").</li>
  <li><b>Умозаключение:</b> Процес, при който от едно или повече съждения (премиси) се извежда ново съждение (извод).</li>
</ul>
<h3>Основни концепции: Дедукция и Индукция</h3>
<p>Това са двата основни пътя на човешкото мислене:</p>
<ul>
  <li><b>Дедукция:</b> Движение от общото към частното. Ако общото правило е вярно, то и частният случай е задължително верен.<br><i>Пример:</i> Всички метали са електропроводими (общо). Медта е метал (частно). Следователно медта е електропроводима (извод).</li>
  <li><b>Индукция:</b> Движение от частните случаи към общото заключение. Тук изводът е вероятен, но не винаги сигурен.<br><i>Пример:</i> Първият лебед е бял, вторият е бял... следователно всички лебеди са бели (докато не открием черния лебед).</li>
</ul>
<h3>Детайлно обяснение: Логически грешки и манипулации</h3>
<p>Критичното мислене ни позволява да разпознаваме грешките в аргументацията (софизми), които често се използват в рекламите и политиката:</p>
<ul>
  <li><b>Ad Hominem (Атака срещу личността):</b> Вместо да се оборват аргументите, се атакува характерът на човека, който ги изказва.</li>
  <li><b>"Сламeн човек":</b> Изкривяване на чуждия аргумент, за да бъде по-лесно атакуван.</li>
  <li><b>Фалшива дилема:</b> Представяне на ситуацията само с две крайни опции, когато всъщност има и други възможности.</li>
</ul>
<img src="https://source.unsplash.com/featured/?education,logic-diagram-critical-thinking" style="width:100%; border-radius:8px; margin: 10px 0;" />
<h3>Практическо приложение</h3>
<p>Логиката е в основата на компютърните науки (програмирането разчита изцяло на логически оператори като AND, OR, NOT) и правото. Критичното мислене пък е най-добрата ни защита срещу фалшивите новини и емоционалната манипулация в интернет.</p>
<h3>Заключение</h3>
<p>Логиката е "хигиена на ума". Тя ни помага да бъдем последователни в думите си и да изискваме доказателства, преди да приемем нещо за истина.</p>', 1, 10, NULL, 'А', 120015, 'Логика: Изкуството на правилното мислене', NULL, '2026-04-14T17:48:00Z'),
  (121034, NULL, NULL, '<h2>Етика: Компасът на човешкия избор</h2>
<p><b>Етиката</b> е дял от философията, който изследва морала – системата от норми, ценности и правила, които регулират човешкото поведение. Тя ни учи да различаваме <b>доброто</b> (това, което утвърждава живота и щастието) от <b>злото</b> (това, което руши и причинява страдание).</p>
<h3>Увод в моралните ценности</h3>
<p>Ценностите са онези идеи, които считаме за важни и които направляват живота ни. Основните етични категории са:</p>
<ul>
  <li><b>Свобода:</b> Възможността да избираш сам пътя си, но и готовността да понесеш последиците (отговорност).</li>
  <li><b>Справедливост:</b> Принципът на безпристрастност и отдаване на всеки заслуженото.</li>
  <li><b>Дълг:</b> Моралният ангажимент да постъпваме правилно, дори когато не ни е изгодно.</li>
  <li><b>Достойнство:</b> Признаването на вътрешната ценност на всеки човек само заради това, че е човешко същество.</li>
</ul>
<h3>Основни концепции: Етични теории</h3>
<p>Философите предлагат различни критерии за това кое действие е морално:</p>
<ol>
  <li><b>Етика на добродетелта (Аристотел):</b> Фокусира се върху характера. Морален е този, който притежава добродетели като смелост, щедрост и благоразумие (намиране на "златната среда").</li>
  <li><b>Деонтология /Етика на дълга/ (Имануел Кант):</b> Моралът зависи от намерението и спазването на универсални правила. Неговият <i>Категоричен императив</i> гласи: „Постъпвай само според онази максима, чрез която можеш едновременно да искаш тя да стане универсален закон“.</li>
  <li><b>Утилитаризъм (Джон Стюарт Мил):</b> Морално е действие, което носи „най-голямо щастие за най-голям брой хора“. Тук резултатът е по-важен от намерението.</li>
</ol>
<h3>Детайлно обяснение: Морални дилеми</h3>
<p>Етиката не винаги дава готови отговори. Често се сблъскваме с <b>морални дилеми</b> – ситуации, в които трябва да избираме между две ценности (напр. истината срещу лоялността). Разрешаването им изисква критично мислене и етична рефлексия.</p>
<img src="https://source.unsplash.com/featured/?education,ethics-moral-choice-balance" style="width:100%; border-radius:8px; margin: 10px 0;" />
<h3>Практическо приложение</h3>
<p>Етиката е навсякъде около нас: в <b>медицината</b> (биоетика), в <b>бизнеса</b> (корпоративна отговорност) и в <b>отношението ни към природата</b> (екологична етика). Тя ни помага да изградим доверие в обществото и да живеем в мир със себе си.</p>
<h3>Заключение</h3>
<p>Етиката не е просто теория, тя е практика. Тя ни напомня, че човек е човек само чрез своите постъпки и че всеки избор гради нашия морален образ.</p>', 1, 10, NULL, 'А', 120015, 'Етика: Компасът на човешкия избор', NULL, '2026-04-14T17:49:00Z'),
  (121035, NULL, NULL, '<h2>История на идеите: Големите въпроси през вековете</h2>
<p>Философията не е просто суха теория, а история на човешкия опит да намери смисъл. През различните епохи фокусът на мисленето се е измествал от природата към Бога, а след това към човека и обществото.</p>
<h3>1. Античност: Раждането на Логоса</h3>
<p>В Древна Гърция философията започва с опит да се разбере <i>Архе</i> (началото) на всичко съществуващо.</p>
<ul>
  <li><b>Сократ:</b> Обръща философията към човека. Неговият метод на диалог цели да изведе истината чрез въпроси.</li>
  <li><b>Платон:</b> Създава теорията за идеите – светът, който виждаме, е само бледо копие на истинския свят на идеите.</li>
  <li><b>Аристотел:</b> Систематизира цялото налично знание и поставя основите на логиката и естествознанието.</li>
</ul>
<h3>2. Средновековие и Ренесанс</h3>
<p>През Средните векове философията става „слугиня на теологията“ (напр. св. Тома Аквински), опитвайки се да докаже съществуването на Бога чрез разума. Ренесансът (Възраждането) връща <b>хуманизма</b> – идеята, че човекът е център на вселената и мярка за всички неща.</p>
<h3>3. Модерната епоха: Разум и Опит</h3>
<p>През XVII-XVIII век философите се разделят на два лагера относно това как познаваме света:</p>
<ul>
  <li><b>Рационализъм (Декарт):</b> „Мисля, следователно съществувам“. Разумът е единственият сигурен източник на знание.</li>
  <li><b>Емпиризъм (Лок, Хюм):</b> Умът е „tabula rasa“ (чиста дъска) и цялото ни знание идва от сетивния опит.</li>
</ul>
<h3>4. Съвременна философия (XIX – XX в.)</h3>
<p>Тук идеите стават по-практични и понякога по-мрачни:</p>
<ul>
  <li><b>Екзистенциализъм (Сартр):</b> Човекът е „осъден да бъде свободен“ – няма предварително зададен смисъл, ние сами създаваме себе си чрез изборите си.</li>
  <li><b>Психоанализа и Нихилизъм:</b> Ницше обявява преоценката на всички ценности, а Фройд разкрива ролята на несъзнаваното.</li>
</ul>
<img src="https://source.unsplash.com/featured/?education,philosophy-books-thinkers-history-of-ideas" style="width:100%; border-radius:8px; margin: 10px 0;" />
<h3>Заключение</h3>
<p>Историята на идеите ни учи, че никое мнение не е абсолютно. Всяко поколение надгражда предходното, като преосмисля истината в контекста на своето време. Философията ни дава инструментите да участваме в този вечен разговор.</p>', 1, 10, NULL, 'А', 120015, 'История на идеите: Големите въпроси през вековете', NULL, '2026-04-14T17:50:00Z');

INSERT INTO "Tests" ("Id", "CreatedByUserId", "LessonId", "Title", "Grade", "Section", "CreatedAt")
VALUES
  (122031, 1, 121031, 'Тест към тема "Светът след Втората световна война"', 8, 'А', '2026-04-14T17:51:00Z'),
  (122032, 1, 121032, 'Тест към тема "Психология на личността"', 10, 'А', '2026-04-14T17:52:00Z'),
  (122033, 1, 121033, 'Тест към тема "Логика и критично мислене"', 10, 'А', '2026-04-14T17:53:00Z'),
  (122034, 1, 121034, 'Тест към тема "Етика: Доброто и злото"', 10, 'А', '2026-04-14T17:54:00Z'),
  (122035, 1, 121035, 'Тест към тема "История на идеите"', 10, 'А', '2026-04-14T17:55:00Z');

INSERT INTO "Questions" ("Id", "Text", "TestId", "CorrectTextAnswer", "ImageUrl", "OrderIndex", "Type")
VALUES
  (123151, 'Кой термин описва идеологическото противопоставяне между САЩ и СССР?', 122031, NULL, NULL, 1, 'multiple-choice'),
  (123152, 'Коя организация е създадена през 1945 г. с цел поддържане на международния мир и сигурност?', 122031, NULL, NULL, 2, 'multiple-choice'),
  (123153, 'Какво символизира падането на Берлинската стена през 1989 г.?', 122031, NULL, NULL, 3, 'multiple-choice'),
  (123154, 'Кой военен съюз е създаден от социалистическите държави като отговор на НАТО?', 122031, NULL, NULL, 4, 'multiple-choice'),
  (123155, 'Кой процес описва освобождаването на африканските и азиатските страни от колониална зависимост?', 122031, NULL, NULL, 5, 'multiple-choice'),
  (123156, 'Коя част от психиката според Фройд отговаря за морала и правилата?', 122032, NULL, NULL, 1, 'multiple-choice'),
  (123157, 'Кой темперамент се отличава с бурна реакция, енергичност и бърза смяна на настроенията?', 122032, NULL, NULL, 2, 'multiple-choice'),
  (123158, 'Какво стои на върха на пирамидата на Маслоу?', 122032, NULL, NULL, 3, 'multiple-choice'),
  (123159, 'Каква е основната разлика между темперамент и характер?', 122032, NULL, NULL, 4, 'multiple-choice'),
  (123160, 'Способността да разбираме и управляваме собствените си емоции се нарича:', 122032, NULL, NULL, 5, 'multiple-choice'),
  (123161, 'Как се нарича процесът на извеждане на частно заключение от общо правило?', 122033, NULL, NULL, 1, 'multiple-choice'),
  (123162, 'Коя форма на мислене утвърждава или отрича нещо (напр. "Слънцето е звезда")?', 122033, NULL, NULL, 2, 'multiple-choice'),
  (123163, 'Атаката срещу личността на опонента вместо срещу неговите идеи се нарича:', 122033, NULL, NULL, 3, 'multiple-choice'),
  (123164, 'Кой тип мислене ни дава само вероятни (не напълно сигурни) знания?', 122033, NULL, NULL, 4, 'multiple-choice'),
  (123165, 'Основател на формалната логика в древността е:', 122033, NULL, NULL, 5, 'multiple-choice'),
  (123166, 'Как се нарича способността на човека да носи последствията от своите действия?', 122034, NULL, NULL, 1, 'multiple-choice'),
  (123167, 'Според Имануел Кант едно действие е морално, когато:', 122034, NULL, NULL, 2, 'multiple-choice'),
  (123168, 'Коя етична теория твърди, че трябва да целим "най-голямото щастие за най-голям брой хора"?', 122034, NULL, NULL, 3, 'multiple-choice'),
  (123169, 'Златната среда между два порока (напр. смелостта между страха и безразсъдството) е основна идея на:', 122034, NULL, NULL, 4, 'multiple-choice'),
  (123170, 'Как се нарича дялът от етиката, занимаващ се с проблемите на медицината, като клониране и евтаназия?', 122034, NULL, NULL, 5, 'multiple-choice'),
  (123171, 'Кой античен философ е известен с метода на диалога и фразата „Аз знам, че нищо не знам“?', 122035, NULL, NULL, 1, 'multiple-choice'),
  (123172, 'Според Платон светът, в който живеем, е:', 122035, NULL, NULL, 2, 'multiple-choice'),
  (123173, 'Какво означава терминът "хуманизъм", зародил се през Ренесанса?', 122035, NULL, NULL, 3, 'multiple-choice'),
  (123174, 'Фразата „Мисля, следователно съществувам“ (Cogito ergo sum) принадлежи на:', 122035, NULL, NULL, 4, 'multiple-choice'),
  (123175, 'Философското течение, според което човек е напълно свободен и сам създава смисъла на живота си, се нарича:', 122035, NULL, NULL, 5, 'multiple-choice');

INSERT INTO "Answers" ("Id", "Text", "IsCorrect", "QuestionId", "OrderIndex")
VALUES
  (124601, 'Първата световна война', 0, 123151, 1),
  (124602, 'Студената война', 1, 123151, 2),
  (124603, 'Ренесанс', 0, 123151, 3),
  (124604, 'Просвещение', 0, 123151, 4),
  (124605, 'НАТО', 0, 123152, 1),
  (124606, 'ООН (Организация на обединените нации)', 1, 123152, 2),
  (124607, 'Европейски съюз', 0, 123152, 3),
  (124608, 'Варшавски договор', 0, 123152, 4),
  (124609, 'Началото на Втората световна война', 0, 123153, 1),
  (124610, 'Края на разделението на Европа и краха на комунистическите режими', 1, 123153, 2),
  (124611, 'Създаването на НАТО', 0, 123153, 3),
  (124612, 'Откриването на космоса', 0, 123153, 4),
  (124613, 'СИВ', 0, 123154, 1),
  (124614, 'Варшавски договор', 1, 123154, 2),
  (124615, 'АСЕАН', 0, 123154, 3),
  (124616, 'Г-7', 0, 123154, 4),
  (124617, 'Глобализация', 0, 123155, 1),
  (124618, 'Деколонизация', 1, 123155, 2),
  (124619, 'Реформация', 0, 123155, 3),
  (124620, 'Индустриализация', 0, 123155, 4),

  (124621, 'То (Id)', 0, 123156, 1),
  (124622, 'Аз (Ego)', 0, 123156, 2),
  (124623, 'Свръх-Аз (Super-Ego)', 1, 123156, 3),
  (124624, 'Либидо', 0, 123156, 4),
  (124625, 'Флегматик', 0, 123157, 1),
  (124626, 'Холерик', 1, 123157, 2),
  (124627, 'Меланхолик', 0, 123157, 3),
  (124628, 'Сангвиник', 0, 123157, 4),
  (124629, 'Потребност от храна', 0, 123158, 1),
  (124630, 'Потребност от сигурност', 0, 123158, 2),
  (124631, 'Самоактуализация', 1, 123158, 3),
  (124632, 'Социален престиж', 0, 123158, 4),
  (124633, 'Темпераментът се учи, а характерът е вроден.', 0, 123159, 1),
  (124634, 'Темпераментът е биологично обусловен, а характерът се формира в обществото.', 1, 123159, 2),
  (124635, 'Няма никаква разлика.', 0, 123159, 3),
  (124636, 'Характерът зависи само от гените.', 0, 123159, 4),
  (124637, 'Логическо мислене', 0, 123160, 1),
  (124638, 'Емоционална интелигентност', 1, 123160, 2),
  (124639, 'Интуиция', 0, 123160, 3),
  (124640, 'Темперамент', 0, 123160, 4),

  (124641, 'Индукция', 0, 123161, 1),
  (124642, 'Дедукция', 1, 123161, 2),
  (124643, 'Аналогия', 0, 123161, 3),
  (124644, 'Интуиция', 0, 123161, 4),
  (124645, 'Понятие', 0, 123162, 1),
  (124646, 'Умозаключение', 0, 123162, 2),
  (124647, 'Съждение', 1, 123162, 3),
  (124648, 'Хипотеза', 0, 123162, 4),
  (124649, 'Аргумент към авторитета', 0, 123163, 1),
  (124650, 'Ad Hominem', 1, 123163, 2),
  (124651, 'Логически кръг', 0, 123163, 3),
  (124652, 'Сламeн човек', 0, 123163, 4),
  (124653, 'Дедукцията', 0, 123164, 1),
  (124654, 'Математическата логика', 0, 123164, 2),
  (124655, 'Индукцията', 1, 123164, 3),
  (124656, 'Силлогизмът', 0, 123164, 4),
  (124657, 'Платон', 0, 123165, 1),
  (124658, 'Сократ', 0, 123165, 2),
  (124659, 'Аристотел', 1, 123165, 3),
  (124660, 'Декарт', 0, 123165, 4),

  (124661, 'Егоизъм', 0, 123166, 1),
  (124662, 'Справедливост', 0, 123166, 2),
  (124663, 'Отговорност', 1, 123166, 3),
  (124664, 'Алтруизъм', 0, 123166, 4),
  (124665, 'Ни носи лична полза', 0, 123167, 1),
  (124666, 'Е продиктувано от чувството за дълг и универсалния морал', 1, 123167, 2),
  (124667, 'Прави приятелите ни щастливи', 0, 123167, 3),
  (124668, 'Е извършено от страх от закона', 0, 123167, 4),
  (124669, 'Стоицизъм', 0, 123168, 1),
  (124670, 'Утилитаризъм', 1, 123168, 2),
  (124671, 'Нихилизъм', 0, 123168, 3),
  (124672, 'Едонизъм', 0, 123168, 4),
  (124673, 'Платон', 0, 123169, 1),
  (124674, 'Аристотел', 1, 123169, 2),
  (124675, 'Хобс', 0, 123169, 3),
  (124676, 'Ницше', 0, 123169, 4),
  (124677, 'Психоетика', 0, 123170, 1),
  (124678, 'Биоетика', 1, 123170, 2),
  (124679, 'Естетика', 0, 123170, 3),
  (124680, 'Метаетика', 0, 123170, 4),

  (124681, 'Платон', 0, 123171, 1),
  (124682, 'Аристотел', 0, 123171, 2),
  (124683, 'Сократ', 1, 123171, 3),
  (124684, 'Питагор', 0, 123171, 4),
  (124685, 'Единствената реалност', 0, 123172, 1),
  (124686, 'Свят на сенките и копията на истинските Идеи', 1, 123172, 2),
  (124687, 'Божествено творение без грешки', 0, 123172, 3),
  (124688, 'Хаос без правила', 0, 123172, 4),
  (124689, 'Фокус върху божественото наказание', 0, 123173, 1),
  (124690, 'Поставяне на човека, неговите ценности и възможности в центъра на света', 1, 123173, 2),
  (124691, 'Отричане на науката', 0, 123173, 3),
  (124692, 'Изследване само на животните', 0, 123173, 4),
  (124693, 'Джон Лок', 0, 123174, 1),
  (124694, 'Рене Декарт', 1, 123174, 2),
  (124695, 'Имануел Кант', 0, 123174, 3),
  (124696, 'Жан-Пол Сартр', 0, 123174, 4),
  (124697, 'Схоластика', 0, 123175, 1),
  (124698, 'Екзистенциализъм', 1, 123175, 2),
  (124699, 'Емпиризъм', 0, 123175, 3),
  (124700, 'Материализъм', 0, 123175, 4);

COMMIT;
