BEGIN TRANSACTION;

-- Assumptions:
-- 1. Lessons 1-5 are Bulgarian language and literature preparation topics.
-- 2. They are seeded for Grade 8, Section 'А' to support immediate student visibility.
-- 3. IDs start from the first reserved ranges for lessons, tests, questions, and answers.

INSERT INTO "Subjects" ("Id", "CreatedByUserId", "Description", "Name", "Grade", "Section", "CreatedAt")
VALUES
  (120001, 1, 'Подготовка по български език с фокус върху правопис, граматика, пунктуация и писмена аргументация.', 'Български език', 8, 'А', '2026-04-15T09:00:00Z');

INSERT INTO "Lessons" ("Id", "AttachmentName", "AttachmentUrl", "Content", "CreatedByUserId", "Grade", "ImageUrl", "Section", "SubjectId", "Title", "YoutubeUrl", "CreatedAt")
VALUES
  (121001, NULL, NULL, '<h2>Правописна норма: Фундамент на книжовния български език</h2>
<p><b>Правописната норма</b> определя единния и задължителен начин за изписване на думите в книжовния език. Тя е в основата на грамотността и прави писменото общуване ясно и разбираемо.</p>
<h3>Увод в правописните принципи</h3>
<p>Българският правопис се опира на морфологичния, фонетичния и историческия принцип. Най-важен е морфологичният, защото запазва строежа на думата дори когато изговорът се променя.</p>
<img src="https://source.unsplash.com/featured/?education,bulgarian-language-spelling-rules" style="width:100%; border-radius:8px; margin: 10px 0;" />
<h3>Основни правила</h3>
<ul>
  <li><b>Променливо "я":</b> В определени форми "я" преминава в "е" според ударението и следващата сричка.</li>
  <li><b>Обеззвучаване:</b> Звучните съгласни често се изговарят различно, но се пишат според морфологичния принцип.</li>
  <li><b>Слято, полуслято и разделно писане:</b> Сложните думи се пишат според значението и връзката между съставките им.</li>
</ul>
<h3>Детайлно обяснение</h3>
<p>Представките в българския език имат устойчив състав. Например винаги пишем <b>с-</b> в думи като <i>сграда</i> и <i>сглобка</i>, дори когато изговорът подвежда.</p>
<h3>Практически пример</h3>
<p>Думата <i>безпокоя</i> съдържа представка <b>без-</b> и корен <b>покой</b>. За правилния правопис трябва да разпознаем строежа на думата, а не само да се доверим на слуха.</p>
<h3>Заключение</h3>
<p>Овладяването на правописната норма изисква наблюдателност, логика и системна практика. То е фундаментална стъпка към висока езикова култура.</p>', 1, 8, NULL, 'А', 120001, 'Правописна норма: Фундамент на книжовния български език', NULL, '2026-04-15T09:01:00Z'),
  (121002, NULL, NULL, '<h2>Граматична норма: Правила за строеж и свързване на думите</h2>
<p><b>Граматичната норма</b> обхваща правилата за образуване на думите и за тяхното свързване в изречението. Тя е скелетът на езика и гарантира логичност и точност.</p>
<h3>Основни концепции</h3>
<p>Граматичните грешки могат да бъдат морфологични и синтактични. Те възникват, когато формата на думата е неправилна или когато връзката между думите в изречението е нарушена.</p>
<img src="https://source.unsplash.com/featured/?education,grammar-language-notes" style="width:100%; border-radius:8px; margin: 10px 0;" />
<h3>Ключови правила</h3>
<ul>
  <li><b>Пълен и кратък член:</b> Пълният член се използва при подлог, а краткият във всички останали случаи.</li>
  <li><b>Бройна форма:</b> При съществителни от мъжки род след числителни се използва форма на <i>-а/-я</i>.</li>
  <li><b>Местоимението "свой":</b> Използва се, когато притежанието принадлежи на подлога.</li>
  <li><b>Съгласуване:</b> Прилагателните и сказуемите форми трябва да съответстват по род и число.</li>
</ul>
<h3>Практически капани</h3>
<p>Често се греши при учтивата форма и при употребата на членуването. Умението да откриваме подлога е ключово за правилния избор.</p>
<h3>Заключение</h3>
<p>Спазването на граматичната норма е белег за висока езикова култура и академична подготовка.</p>', 1, 8, NULL, 'А', 120001, 'Граматична норма: Правила за строеж и свързване на думите', NULL, '2026-04-15T09:02:00Z'),
  (121003, NULL, NULL, '<h2>Пунктуационна норма: Изкуството на логическото разделяне</h2>
<p><b>Пунктуационната норма</b> е система от правила за употреба на препинателните знаци. Тя помага да се откроят логическите връзки в текста и да се избегне двусмислието.</p>
<h3>Увод в принципите</h3>
<p>Българската пунктуация следва най-вече граматическия принцип. Запетаите и другите знаци се поставят там, където има граници между синтактични единици.</p>
<img src="https://source.unsplash.com/featured/?education,punctuation-writing-text" style="width:100%; border-radius:8px; margin: 10px 0;" />
<h3>Основни правила</h3>
<ul>
  <li><b>Сложно изречение:</b> Простите изречения се отделят със запетая.</li>
  <li><b>Съюзи като "че", "който", "защото", "ако":</b> Обикновено пред тях се пише запетая.</li>
  <li><b>Обръщения:</b> Винаги се отделят със запетаи.</li>
  <li><b>Еднородни части:</b> Изброяването изисква запетаи, освен при единични <i>и</i> или <i>или</i>.</li>
</ul>
<h3>Детайлно обяснение</h3>
<p>Сложните съюзи като <i>въпреки че</i> и <i>при условие че</i> трябва да се възприемат като едно цяло. Запетаята се поставя пред целия съюз, а не в средата му.</p>
<h3>Заключение</h3>
<p>Правилната пунктуация зависи от умението да разпознаваме строежа на изречението и логическите отношения между неговите части.</p>', 1, 8, NULL, 'А', 120001, 'Пунктуационна норма: Изкуството на логическото разделяне', NULL, '2026-04-15T09:03:00Z'),
  (121004, NULL, NULL, '<h2>Интерпретативно съчинение: Анализ, аргументация и критическо мислене</h2>
<p><b>Интерпретативното съчинение</b> е аргументативен текст, в който се тълкува конкретен литературен проблем. То не преразказва, а анализира идеи, образи и художествени внушения.</p>
<h3>Увод в структурата</h3>
<p>Успешното интерпретативно съчинение има ясен увод, теза, аргументация и заключение. Всеки елемент има своя точна функция в изграждането на смисъл.</p>
<img src="https://source.unsplash.com/featured/?education,literature-writing-analysis" style="width:100%; border-radius:8px; margin: 10px 0;" />
<h3>Основни стъпки</h3>
<ul>
  <li><b>Увод:</b> Въвежда темата и културния контекст.</li>
  <li><b>Теза:</b> Ясен отговор на поставения проблем.</li>
  <li><b>Аргументация:</b> Микротеми с твърдение, доказателство и извод.</li>
  <li><b>Заключение:</b> Обобщава смисъла и извежда по-широко послание.</li>
</ul>
<h3>Детайлно обяснение</h3>
<p>Най-честата грешка е подмяната на анализа с преразказ. Добрият текст използва цитати и наблюдения, за да покаже <b>как</b> и <b>защо</b> авторът изгражда значението.</p>
<h3>Заключение</h3>
<p>Интерпретативното съчинение показва не само познаване на творбата, но и умение за логическо и самостоятелно мислене.</p>', 1, 8, NULL, 'А', 120001, 'Интерпретативно съчинение: Анализ, аргументация и критическо мислене', NULL, '2026-04-15T09:04:00Z'),
  (121005, NULL, NULL, '<h2>Писане на есе: Свобода на мисълта и силата на аргумента</h2>
<p><b>Есето</b> дава свобода на автора да разсъждава върху морални, социални и философски въпроси. То съчетава лична позиция, логика и изразителен език.</p>
<h3>Увод в жанра</h3>
<p>За разлика от интерпретативното съчинение, есето не е ограничено до конкретен художествен текст. То разчита на лична теза и убедителна аргументация.</p>
<img src="https://source.unsplash.com/featured/?education,essay-argument-writing" style="width:100%; border-radius:8px; margin: 10px 0;" />
<h3>Структура на есето</h3>
<ul>
  <li><b>Увод:</b> Поставя проблема по интригуващ начин.</li>
  <li><b>Теза:</b> Формулира основната позиция.</li>
  <li><b>Изложение:</b> Защитава тезата чрез аргументи и примери.</li>
  <li><b>Заключение:</b> Надгражда разсъждението и оставя храна за размисъл.</li>
</ul>
<h3>Как да бъдем убедителни</h3>
<p>Силното есе използва богата лексика, контрааргументи и ясна логика. Личният опит, историята, литературата и съвременните събития могат да бъдат източник на доказателства.</p>
<h3>Заключение</h3>
<p>Есето е отличен начин да покажем обща култура, самостоятелност и способност да свързваме идеи с реалния живот.</p>', 1, 8, NULL, 'А', 120001, 'Писане на есе: Свобода на мисълта и силата на аргумента', NULL, '2026-04-15T09:05:00Z');

INSERT INTO "Tests" ("Id", "CreatedByUserId", "LessonId", "Title", "Grade", "Section", "CreatedAt")
VALUES
  (122001, 1, 121001, 'Тест към тема "Правописна норма"', 8, 'А', '2026-04-15T09:06:00Z'),
  (122002, 1, 121002, 'Тест към тема "Граматична норма"', 8, 'А', '2026-04-15T09:07:00Z'),
  (122003, 1, 121003, 'Тест към тема "Пунктуационна норма"', 8, 'А', '2026-04-15T09:08:00Z'),
  (122004, 1, 121004, 'Тест към тема "Писане на интерпретативно съчинение"', 8, 'А', '2026-04-15T09:09:00Z'),
  (122005, 1, 121005, 'Тест към тема "Писане на есе"', 8, 'А', '2026-04-15T09:10:00Z');

INSERT INTO "Questions" ("Id", "Text", "TestId", "CorrectTextAnswer", "ImageUrl", "OrderIndex", "Type")
VALUES
  (123001, 'В коя от думите е допусната правописна грешка?', 122001, NULL, NULL, 1, 'multiple-choice'),
  (123002, 'В коя от формите гласната "я" не трябва да преминава в "е"?', 122001, NULL, NULL, 2, 'multiple-choice'),
  (123003, 'Коя сложна дума е написана правилно?', 122001, NULL, NULL, 3, 'multiple-choice'),
  (123004, 'Кое е правилното изписване на думата?', 122001, NULL, NULL, 4, 'multiple-choice'),
  (123005, 'Кой принцип е водещ в българския правопис?', 122001, NULL, NULL, 5, 'multiple-choice'),
  (123006, 'В кое изречение е допусната грешка при членуването?', 122002, NULL, NULL, 1, 'multiple-choice'),
  (123007, 'Коя е правилната бройна форма?', 122002, NULL, NULL, 2, 'multiple-choice'),
  (123008, 'В кое изречение учтивата форма е използвана правилно?', 122002, NULL, NULL, 3, 'multiple-choice'),
  (123009, 'Кое местоимение е правилно: "Иван взе ____ книга и излезе"?', 122002, NULL, NULL, 4, 'multiple-choice'),
  (123010, 'Кое твърдение за граматичната норма е вярно?', 122002, NULL, NULL, 5, 'multiple-choice'),
  (123011, 'В кое изречение има пунктуационна грешка?', 122003, NULL, NULL, 1, 'multiple-choice'),
  (123012, 'Пред кой съюз обикновено се пише запетая?', 122003, NULL, NULL, 2, 'multiple-choice'),
  (123013, 'В кое изречение обръщението е оформено правилно?', 122003, NULL, NULL, 3, 'multiple-choice'),
  (123014, 'Кое твърдение за съюза "и" е вярно?', 122003, NULL, NULL, 4, 'multiple-choice'),
  (123015, 'На какъв принцип се основава главно българската пунктуация?', 122003, NULL, NULL, 5, 'multiple-choice'),
  (123016, 'Кой елемент от съчинението представлява директен отговор на поставения проблем?', 122004, NULL, NULL, 1, 'multiple-choice'),
  (123017, 'Какво включва микротемата в аргументативната част?', 122004, NULL, NULL, 2, 'multiple-choice'),
  (123018, 'Коя е най-честата грешка при интерпретативното съчинение?', 122004, NULL, NULL, 3, 'multiple-choice'),
  (123019, 'Къде е най-подходящо да се използват цитати?', 122004, NULL, NULL, 4, 'multiple-choice'),
  (123020, 'Каква е функцията на увода?', 122004, NULL, NULL, 5, 'multiple-choice'),
  (123021, 'Коя е основната разлика между есето и интерпретативното съчинение?', 122005, NULL, NULL, 1, 'multiple-choice'),
  (123022, 'Кой източник е подходящ за аргументация в есе?', 122005, NULL, NULL, 2, 'multiple-choice'),
  (123023, 'Какво представлява антитезата в есето?', 122005, NULL, NULL, 3, 'multiple-choice'),
  (123024, 'Какъв трябва да бъде езикът на есето?', 122005, NULL, NULL, 4, 'multiple-choice'),
  (123025, 'Къде е най-подходящо да се изрази личната позиция на автора?', 122005, NULL, NULL, 5, 'multiple-choice');

INSERT INTO "Answers" ("Id", "Text", "IsCorrect", "QuestionId", "OrderIndex")
VALUES
  (124001, 'сграда', 0, 123001, 1),
  (124002, 'зглобка', 1, 123001, 2),
  (124003, 'изпит', 0, 123001, 3),
  (124004, 'отговор', 0, 123001, 4),
  (124005, 'млечен', 0, 123002, 1),
  (124006, 'белина', 0, 123002, 2),
  (124007, 'снягът', 1, 123002, 3),
  (124008, 'хлебче', 0, 123002, 4),
  (124009, 'научно-популярен', 0, 123003, 1),
  (124010, 'кандидат студент', 0, 123003, 2),
  (124011, 'заместник-министър', 1, 123003, 3),
  (124012, 'аудио визуален', 0, 123003, 4),
  (124013, 'подтискам', 0, 123004, 1),
  (124014, 'потискам', 1, 123004, 2),
  (124015, 'потттискам', 0, 123004, 3),
  (124016, 'поттискам', 0, 123004, 4),
  (124017, 'Фонетичният', 0, 123005, 1),
  (124018, 'Историческият', 0, 123005, 2),
  (124019, 'Морфологичният', 1, 123005, 3),
  (124020, 'Стилистичният', 0, 123005, 4),

  (124021, 'Директорът подписа заповедта.', 0, 123006, 1),
  (124022, 'Вчера видях учителя по история.', 0, 123006, 2),
  (124023, 'Градът беше озарен от слънцето.', 0, 123006, 3),
  (124024, 'Вестникът беше оставен на столът.', 1, 123006, 4),
  (124025, 'петима ученици', 0, 123007, 1),
  (124026, 'пет ученика', 0, 123007, 2),
  (124027, 'трима стола', 0, 123007, 3),
  (124028, 'два компютъра', 1, 123007, 4),
  (124029, 'Господине, Вие сте много зает.', 1, 123008, 1),
  (124030, 'Господине, Вие сте много заети.', 0, 123008, 2),
  (124031, 'Госпожо, Вие сте била тук.', 0, 123008, 3),
  (124032, 'Господине, Вие сте дошъл навреме.', 0, 123008, 4),
  (124033, 'неговата', 0, 123009, 1),
  (124034, 'нейната', 0, 123009, 2),
  (124035, 'своята', 1, 123009, 3),
  (124036, 'тяхната', 0, 123009, 4),
  (124037, 'Тя регулира само правописа.', 0, 123010, 1),
  (124038, 'Тя включва само словореда.', 0, 123010, 2),
  (124039, 'Тя урежда формите на думите и връзките им в изречението.', 1, 123010, 3),
  (124040, 'Тя се отнася само за художествени текстове.', 0, 123010, 4),

  (124041, 'Той каза, че ще закъснее.', 0, 123011, 1),
  (124042, 'Купих ябълки, круши и сливи.', 0, 123011, 2),
  (124043, 'Не знам, дали ще дойда.', 1, 123011, 3),
  (124044, 'Моля те, мамо, помогни ми.', 0, 123011, 4),
  (124045, 'и', 0, 123012, 1),
  (124046, 'или', 0, 123012, 2),
  (124047, 'че', 1, 123012, 3),
  (124048, 'да', 0, 123012, 4),
  (124049, 'Ела тук приятелю мой.', 0, 123013, 1),
  (124050, 'Ела тук, приятелю мой!', 1, 123013, 2),
  (124051, 'Ела, тук приятелю мой.', 0, 123013, 3),
  (124052, 'Ела тук приятелю, мой.', 0, 123013, 4),
  (124053, 'Пред "и" винаги се пише запетая.', 0, 123014, 1),
  (124054, 'Пред "и" никога не се пише запетая.', 0, 123014, 2),
  (124055, 'Пред "и" се пише запетая само в определени синтактични случаи.', 1, 123014, 3),
  (124056, 'Пред "и" се пише запетая само в края на изречението.', 0, 123014, 4),
  (124057, 'Фонетичен', 0, 123015, 1),
  (124058, 'Исторически', 0, 123015, 2),
  (124059, 'Граматически', 1, 123015, 3),
  (124060, 'Лексикален', 0, 123015, 4),

  (124061, 'Уводът', 0, 123016, 1),
  (124062, 'Аргументацията', 0, 123016, 2),
  (124063, 'Тезата', 1, 123016, 3),
  (124064, 'Заключението', 0, 123016, 4),
  (124065, 'Само цитати от произведението', 0, 123017, 1),
  (124066, 'Твърдение, доказателство и извод', 1, 123017, 2),
  (124067, 'Биография на автора', 0, 123017, 3),
  (124068, 'Резюме на сюжета', 0, 123017, 4),
  (124069, 'Използването на твърде много метафори', 0, 123018, 1),
  (124070, 'Подмяната на анализа с преразказ', 1, 123018, 2),
  (124071, 'Твърде кратък увод', 0, 123018, 3),
  (124072, 'Липса на заглавие', 0, 123018, 4),
  (124073, 'Само в увода', 0, 123019, 1),
  (124074, 'Само в тезата', 0, 123019, 2),
  (124075, 'В доказателствената част към аргументите', 1, 123019, 3),
  (124076, 'Само в заключението', 0, 123019, 4),
  (124077, 'Да преразкаже творбата', 0, 123020, 1),
  (124078, 'Да даде оценка без аргументи', 0, 123020, 2),
  (124079, 'Да въведе темата и да подготви прехода към тезата', 1, 123020, 3),
  (124080, 'Да изброи героите', 0, 123020, 4),

  (124081, 'Есето е винаги по-дълго.', 0, 123021, 1),
  (124082, 'Есето допуска свободна позиция по житейски и философски проблеми.', 1, 123021, 2),
  (124083, 'В есето не се използват аргументи.', 0, 123021, 3),
  (124084, 'Есето няма структура.', 0, 123021, 4),
  (124085, 'Исторически събития', 0, 123022, 1),
  (124086, 'Личен опит', 0, 123022, 2),
  (124087, 'Книги и филми', 0, 123022, 3),
  (124088, 'Всички изброени', 1, 123022, 4),
  (124089, 'Описание на герой', 0, 123023, 1),
  (124090, 'Противопоставяне на идеи за по-голяма убедителност', 1, 123023, 2),
  (124091, 'Заключителната част', 0, 123023, 3),
  (124092, 'Списък с литература', 0, 123023, 4),
  (124093, 'Строго научен и сух', 0, 123024, 1),
  (124094, 'Богат, експресивен и убедителен', 1, 123024, 2),
  (124095, 'Изцяло разговорен и жаргонен', 0, 123024, 3),
  (124096, 'Само с прости изречения', 0, 123024, 4),
  (124097, 'Само в заглавието', 0, 123025, 1),
  (124098, 'В тезата и през цялото изложение', 1, 123025, 2),
  (124099, 'Само в първото изречение', 0, 123025, 3),
  (124100, 'Никъде', 0, 123025, 4);

COMMIT;
