BEGIN TRANSACTION;

-- Assumptions:
-- 1. Lessons 26-27 introduce Geography content and are mapped to Grade 8.
-- 2. Lessons 28-30 introduce History content and are mapped to Grade 8.
-- 3. Geography and History do not exist in the previous seed files, so new subjects are inserted starting from 120013.
-- 4. Section is 'А' and CreatedByUserId = 1 (seeded admin).
-- 5. IDs start from the ranges provided by the user to avoid overlap with previous scripts.

INSERT INTO "Subjects" ("Id", "CreatedByUserId", "Description", "Name", "Grade", "Section", "CreatedAt")
VALUES
  (120013, 1, 'Подготовка по география с фокус върху световното стопанство и географията на България.', 'География', 8, 'А', '2026-04-14T17:33:00Z'),
  (120014, 1, 'Подготовка по история с акцент върху Просвещението, Българското възраждане и новата българска държава.', 'История', 8, 'А', '2026-04-14T17:34:00Z');

INSERT INTO "Lessons" ("Id", "AttachmentName", "AttachmentUrl", "Content", "CreatedByUserId", "Grade", "ImageUrl", "Section", "SubjectId", "Title", "YoutubeUrl", "CreatedAt")
VALUES
  (121026, NULL, NULL, '<h2>Световно стопанство: Глобалната икономическа мрежа</h2>
<p><b>Световното стопанство</b> е исторически възникнала съвкупност от националните стопанства на всички страни в света, свързани помежду си чрез международното разделение на труда и световния пазар[cite: 36].</p>
<h3>Увод в секторите на стопанството</h3>
<p>Икономическите дейности се делят на три основни сектора[cite: 36]:</p>
<ul>
  <li><b>Първичен сектор (Добивен):</b> Селско стопанство, горско стопанство, лов, риболов и добив на полезни изкопаеми[cite: 36].</li>
  <li><b>Вторичен сектор (Преработващ):</b> Индустрия (енергетика, металургия, машиностроене, химическа и лека промишленост) и строителство[cite: 36].</li>
  <li><b>Третичен сектор (Обслужващ):</b> Транспорт, търговия, туризъм, образование, здравеопазване и финанси[cite: 36].</li>
</ul>
<h3>Основни концепции: Глобализация</h3>
<p><b>Глобализацията</b> е процес на все по-тясно икономическо, политическо и културно обединяване на страните в света[cite: 36].</p>
<ul>
  <li><b>ТНК (Транснационални компании):</b> Гигантски корпорации (като Apple, Samsung, Toyota), които оперират в десетки държави и са основни двигатели на глобализацията[cite: 36].</li>
  <li><b>Международна интеграция:</b> Обединяване на държави в икономически блокове за по-лесна търговия (напр. Европейски съюз)[cite: 36].</li>
</ul>
<h3>Детайлно обяснение: Фактори за развитие на стопанството</h3>
<p>Развитието на икономиката зависи от няколко ключови фактора[cite: 36]:</p>
<ul>
  <li><b>Природно-ресурсни:</b> Наличие на суровини, плодородни почви и енергийни източници[cite: 36].</li>
  <li><b>Демографски:</b> Наличие на работна ръка и нейната квалификация[cite: 36].</li>
  <li><b>Научно-технически:</b> Иновациите и автоматизацията, които увеличават производителността[cite: 36].</li>
  <li><b>Екологични:</b> Необходимостта от преход към "зелена икономика" и устойчиво ползване на ресурсите[cite: 36].</li>
</ul>
<img src="https://source.unsplash.com/featured/?education,global-economy-trade-network" style="width:100%; border-radius:8px; margin: 10px 0;" />
<h3>Заключение</h3>
<p>В съвременния свят никоя държава не може да бъде напълно самодостатъчна[cite: 36]. Глобализацията носи ползи като по-евтини стоки и технологичен обмен, но и предизвикателства като икономическа зависимост и задълбочаване на неравенството между богатите и бедните региони[cite: 36].</p>', 1, 8, NULL, 'А', 120013, 'Световно стопанство: Глобалната икономическа мрежа', NULL, '2026-04-14T17:35:00Z'),
  (121027, NULL, NULL, '<h2>География на България: Природен потенциал и богатства</h2>
<p>България притежава изключително разнообразен природен облик, въпреки малката си територия. Природните ресурси са онези елементи на природата, които човек използва за задоволяване на своите потребности и за икономическо развитие[cite: 37].</p>
<h3>1. Релеф и Полезни изкопаеми</h3>
<p>Релефът на България е мозаечен – редуват се низини, равнини, котловини, плата и планини[cite: 37]. Това разнообразие определя и разпределението на полезните изкопаеми:</p>
<ul>
  <li><b>Горива:</b> Най-значими са лигнитните въглища в Източномаришкия басейн[cite: 37]. Имаме ограничени залежи на нефт и природен газ.</li>
  <li><b>Руди:</b> Страната ни е богата на медни руди (Средногорието), оловно-цинкови руди (Родопите) и златни руди[cite: 37].</li>
  <li><b>Нерудни изкопаеми:</b> Огромни залежи на варовик, каолин, мрамор и каменна сол (Провадия)[cite: 37].</li>
</ul>
<h3>2. Климатични и Водни ресурси</h3>
<p>България попада в прехода между умереноконтиненталния и средиземноморския климат[cite: 37].</p>
<ul>
  <li><b>Води:</b> Речната мрежа е сравнително гъста, но неравномерно разпределена. Река Дунав е основната ни водна артерия[cite: 37]. България е световно известна със своите <b>минерални извори</b> (над 600), които са база за балнеотуризъм[cite: 37].</li>
</ul>
<h3>3. Почвени, Горски и Биологични ресурси</h3>
<p>Почвите са един от най-големите ни ресурси. Черноземите в Дунавската равнина са изключително плодородни и подходящи за зърнени култури[cite: 37].</p>
<ul>
  <li><b>Гори:</b> Заемат около 1/3 от територията на страната, като най-много са в Родопите, Стара планина и Рила[cite: 37].</li>
  <li><b>Биоразнообразие:</b> България е на едно от първите места в Европа по разнообразие на растителни и животински видове[cite: 37].</li>
</ul>
<img src="https://source.unsplash.com/featured/?education,bulgaria-relief-rivers-nature" style="width:100%; border-radius:8px; margin: 10px 0;" />
<h3>Заключение</h3>
<p>Рационалното използване на природните ресурси е от критично значение за екологичното бъдеще на България. Преходът от добивна индустрия към устойчив туризъм и опазване на водите е основен приоритет за страната[cite: 27, 37].</p>', 1, 8, NULL, 'А', 120013, 'География на България: Природен потенциал и богатства', NULL, '2026-04-14T17:36:00Z'),
  (121028, NULL, NULL, '<h2>Епохата на разума: Просвещение и революционни промени</h2>
<p>През XVIII век в Европа се заражда мощно интелектуално движение, наречено <b>Просвещение</b>. То поставя разума, науката и индивидуалната свобода над религиозните догми и абсолютната монархия. Тези идеи се превръщат в двигател на големите политически революции, които променят картата на света.</p>
<h3>Увод в идеите на Просвещението</h3>
<p>Просветителите вярват, че обществото може да бъде подобрено чрез образование и реформи. Ключови философи полагат основите на модерната държава:</p>
<ul>
  <li><b>Джон Лок:</b> Развива идеята за естествените права на човека (живот, свобода и собственост).</li>
  <li><b>Шарл Монтескьо:</b> Формулира принципа за <b>разделение на властите</b> (законодателна, изпълнителна и съдебна), за да се избегне тиранията.</li>
  <li><b>Жан-Жак Русо:</b> Говори за "обществения договор" и народния суверенитет.</li>
</ul>
<h3>Основни концепции: Големите революции</h3>
<p>Идеите на хартия се превръщат в действия чрез два фундаментални конфликта:</p>
<ol>
  <li><b>Американската революция (1775–1783):</b> Тринадесетте колонии в Северна Америка извоюват независимост от Великобритания. Приемането на <i>Декларацията за независимост (1776)</i> за първи път прилага просвещенските идеи в държавен документ.</li>
  <li><b>Великата френска революция (1789):</b> Започва с превземането на Бастилията. Тя премахва феодалните порядки и абсолютизма, провъзгласявайки <i>Декларацията за правата на човека и гражданина</i> под девиза "Свобода, равенство, братство".</li>
</ol>
<h3>Детайлно обяснение: Наполеоновата епоха</h3>
<p>Революцията във Франция завършва с идването на власт на Наполеон Бонапарт. Макар да се провъзгласява за император, неговите войни разпространяват идеите на Революцията и неговия <i>Граждански кодекс</i> из цяла Европа, което подкопава старите монархии и събужда националното самосъзнание на народите.</p>
<img src="https://source.unsplash.com/featured/?education,enlightenment-french-revolution-history" style="width:100%; border-radius:8px; margin: 10px 0;" />
<h3>Заключение</h3>
<p>Просвещението и революциите слагат край на Средновековието в мисленето и политиката. Те раждат понятието "гражданин" и поставят началото на дългия път към модерната демокрация.</p>', 1, 8, NULL, 'А', 120014, 'Епохата на разума: Просвещение и революционни промени', NULL, '2026-04-14T17:37:00Z'),
  (121029, NULL, NULL, '<h2>България през вековете: От мощта на меча до силата на духа</h2>
<p>Българското средновековие е период на държавно утвърждаване и културен разцвет, докато Възраждането е процес на възстановяване на българската идентичност и борба за независима църква, просвета и държава.</p>
<h3>1. Българското средновековие (VII – XIV в.)</h3>
<p>След основаването на държавата през 681 г., България се превръща в основен фактор в Европа. Ключови събития включват:</p>
<ul>
  <li><b>Покръстване (864 г.):</b> Княз Борис I приема християнството, което приобщава България към европейската цивилизация.</li>
  <li><b>Златен век:</b> При цар Симеон Велики България достига своя териториален и културен апогей, превръщайки се в книжовен център на славянския свят.</li>
  <li><b>Второ българско царство:</b> Възстановено след въстанието на Асен и Петър (1185 г.), то връща блясъка на Търново като политически и духовен център.</li>
</ul>
<h3>2. Българското възраждане (XVIII – XIX в.)</h3>
<p>Това е епоха на преход от средновековно към модерно мислене. Основните направления на борбата са:</p>
<ul>
  <li><b>Движение за новобългарска просвета:</b> Създаване на светски училища и читалища.</li>
  <li><b>Борба за независима църква:</b> Завършва с учредяването на Българската екзархия през 1870 г..</li>
  <li><b>Националнореволюционни борби:</b> Делото на Г. С. Раковски, Любен Каравелов, Васил Левски и Христо Ботев подготвя народа за решителната битка.</li>
</ul>
<h3>Детайлно обяснение: Априлското въстание (1876 г.)</h3>
<p>Въпреки че е потушено с жестокост, Априлското въстание постига своята политическа цел – предизвиква широк международен отзвук и принуждава Великите сили да се намесят в решаването на "Българския въпрос". То е непосредственият повод за Руско-турската освободителна война (1877–1878 г.), донесла свободата на България.</p>
<img src="https://source.unsplash.com/featured/?education,bulgarian-revival-history-books-revolution" style="width:100%; border-radius:8px; margin: 10px 0;" />
<h3>Заключение</h3>
<p>Средновековието ни даде основите на държавността и писмеността, а Възраждането ни върна достойнството и правото да се наричаме свободен народ. Тези периоди са фундаментът на съвременна България.</p>', 1, 8, NULL, 'А', 120014, 'България през вековете: От мощта на меча до силата на духа', NULL, '2026-04-14T17:38:00Z'),
  (121030, NULL, NULL, '<h2>България по пътя на модерността и изпитанията</h2>
<p>След Освобождението България преминава през периоди на бурен икономически възход, национални катастрофи по време на войните за обединение и десетилетия на тоталитарно управление[cite: 41].</p>
<h3>1. Третата българска държава (1878 – 1944 г.)</h3>
<p>Този период започва с приемането на Търновската конституция – една от най-прогресивните за времето си[cite: 41].</p>
<ul>
  <li><b>Съединението (1885 г.):</b> Актът, с който Княжество България и Източна Румелия се обединяват в една държава[cite: 41].</li>
  <li><b>Обявяване на Независимостта (1908 г.):</b> България става напълно суверенно царство, прекъсвайки васалната си зависимост от Османската империя[cite: 41].</li>
  <li><b>Националните войни:</b> Балканските войни и Първата световна война са опити за обединение на българите в техните етнически граници, завършили с тежки териториални загуби[cite: 41].</li>
</ul>
<h3>2. България в епохата на Студената война (1944 – 1989 г.)</h3>
<p>След Втората световна война България попада в сферата на влияние на СССР и установява тоталитарен социалистически режим.</p>
<ul>
  <li><b>Народна република България:</b> Ликвидиране на монархията, национализация на индустрията и колективизация на земята[cite: 41].</li>
  <li><b>Ерата на Живков:</b> Най-дългият период на управление в най-новата ни история, характеризиращ се с относителна стабилност, но и липса на политически свободи[cite: 41].</li>
</ul>
<h3>3. Преход към демокрация и пазарна икономика</h3>
<p>На 10 ноември 1989 г. започва краят на комунистическия режим в България. Страната поема по пътя на многопартийната демокрация и интеграция в европейските структури[cite: 41].</p>
<img src="https://source.unsplash.com/featured/?education,bulgaria-modern-history-democracy-parliament" style="width:100%; border-radius:8px; margin: 10px 0;" />
<h3>Заключение</h3>
<p>Новата история на България е белязана от стремежа на народа към свобода, демокрация и европейска идентичност, преминавайки през трудни уроци и големи надежди[cite: 41].</p>', 1, 8, NULL, 'А', 120014, 'България по пътя на модерността и изпитанията', NULL, '2026-04-14T17:39:00Z');

INSERT INTO "Tests" ("Id", "CreatedByUserId", "LessonId", "Title", "Grade", "Section", "CreatedAt")
VALUES
  (122026, 1, 121026, 'Тест към тема "Световно стопанство и глобализация"', 8, 'А', '2026-04-14T17:40:00Z'),
  (122027, 1, 121027, 'Тест към тема "География на България: Природни ресурси"', 8, 'А', '2026-04-14T17:41:00Z'),
  (122028, 1, 121028, 'Тест към тема "Просвещение и революции"', 8, 'А', '2026-04-14T17:42:00Z'),
  (122029, 1, 121029, 'Тест към тема "Средновековие и Възраждане"', 8, 'А', '2026-04-14T17:43:00Z'),
  (122030, 1, 121030, 'Тест към тема "Нова и най-нова история на България"', 8, 'А', '2026-04-14T17:44:00Z');

INSERT INTO "Questions" ("Id", "Text", "TestId", "CorrectTextAnswer", "ImageUrl", "OrderIndex", "Type")
VALUES
  (123126, 'Към кой сектор на стопанството принадлежи образованието и туризмът?', 122026, NULL, NULL, 1, 'multiple-choice'),
  (123127, 'Кои компании са основни субекти на глобализацията?', 122026, NULL, NULL, 2, 'multiple-choice'),
  (123128, 'Какво означава понятието "международно разделение на труда"?', 122026, NULL, NULL, 3, 'multiple-choice'),
  (123129, 'Кой сектор е водещ в икономиката на най-развитите държави в света?', 122026, NULL, NULL, 4, 'multiple-choice'),
  (123130, 'Пример за регионална икономическа интеграция е:', 122026, NULL, NULL, 5, 'multiple-choice'),
  (123131, 'Къде се намира най-големият басейн за добив на лигнитни въглища в България?', 122027, NULL, NULL, 1, 'multiple-choice'),
  (123132, 'Коя планина е най-богата на оловно-цинкови руди?', 122027, NULL, NULL, 2, 'multiple-choice'),
  (123133, 'Кой е най-плодородният тип почва в България, разположен в Дунавската равнина?', 122027, NULL, NULL, 3, 'multiple-choice'),
  (123134, 'Коя река е най-голямата водна граница и транспортен път на България?', 122027, NULL, NULL, 4, 'multiple-choice'),
  (123135, 'Кой природен ресурс е в основата на развитието на балнеоложките курорти като Хисаря и Девин?', 122027, NULL, NULL, 5, 'multiple-choice'),
  (123136, 'Кой философ предлага разделението на властите на три клона?', 122028, NULL, NULL, 1, 'multiple-choice'),
  (123137, 'Кой документ започва с думите "Всички хора са създадени равни..."?', 122028, NULL, NULL, 2, 'multiple-choice'),
  (123138, 'Кое събитие се счита за символично начало на Френската революция?', 122028, NULL, NULL, 3, 'multiple-choice'),
  (123139, 'Какъв е основният девиз на Френската революция?', 122028, NULL, NULL, 4, 'multiple-choice'),
  (123140, 'Какво означава понятието "Просветен абсолютизъм"?', 122028, NULL, NULL, 5, 'multiple-choice'),
  (123141, 'Кой български владетел приема християнството като официална религия?', 122029, NULL, NULL, 1, 'multiple-choice'),
  (123142, 'През коя година е основана Дунавска България след признаването ѝ от Византия?', 122029, NULL, NULL, 2, 'multiple-choice'),
  (123143, 'Коя книга се счита за начало на Българското възраждане?', 122029, NULL, NULL, 3, 'multiple-choice'),
  (123144, 'Кой революционер е създател на Вътрешната революционна организация (ВРО)?', 122029, NULL, NULL, 4, 'multiple-choice'),
  (123145, 'Кой град е столица на България по време на нейното най-голямо териториално разширение през XIII век?', 122029, NULL, NULL, 5, 'multiple-choice'),
  (123146, 'На коя дата е провъзгласено Съединението на Княжество България и Източна Румелия?', 122030, NULL, NULL, 1, 'multiple-choice'),
  (123147, 'Кой град е избран за столица на Княжество България от Учредителното събрание?', 122030, NULL, NULL, 2, 'multiple-choice'),
  (123148, 'Кой е първият български княз след Освобождението?', 122030, NULL, NULL, 3, 'multiple-choice'),
  (123149, 'Какво се случва в България на 10 ноември 1989 г.?', 122030, NULL, NULL, 4, 'multiple-choice'),
  (123150, 'В коя световна организация се интегрира България през 2007 г.?', 122030, NULL, NULL, 5, 'multiple-choice');

INSERT INTO "Answers" ("Id", "Text", "IsCorrect", "QuestionId", "OrderIndex")
VALUES
  (124501, 'Първичен', 0, 123126, 1),
  (124502, 'Вторичен', 0, 123126, 2),
  (124503, 'Третичен', 1, 123126, 3),
  (124504, 'Добивен', 0, 123126, 4),
  (124505, 'Малките семейни фирми', 0, 123127, 1),
  (124506, 'Транснационалните компании (ТНК)', 1, 123127, 2),
  (124507, 'Държавните читалища', 0, 123127, 3),
  (124508, 'Местните занаятчии', 0, 123127, 4),
  (124509, 'Всяка държава произвежда абсолютно всичко сама', 0, 123128, 1),
  (124510, 'Специализация на държавите в производството на определени стоки и услуги', 1, 123128, 2),
  (124511, 'Забрана за търговия между държавите', 0, 123128, 3),
  (124512, 'Разделяне на работниците по възраст', 0, 123128, 4),
  (124513, 'Първичен', 0, 123129, 1),
  (124514, 'Вторичен', 0, 123129, 2),
  (124515, 'Третичен', 1, 123129, 3),
  (124516, 'Те нямат стопанство', 0, 123129, 4),
  (124517, 'ООН', 0, 123130, 1),
  (124518, 'ЮНЕСКО', 0, 123130, 2),
  (124519, 'Европейски съюз (ЕС)', 1, 123130, 3),
  (124520, 'Световната здравна организация', 0, 123130, 4),

  (124521, 'Ломски басейн', 0, 123131, 1),
  (124522, 'Софийски басейн', 0, 123131, 2),
  (124523, 'Източномаришки басейн', 1, 123131, 3),
  (124524, 'Добруджански басейн', 0, 123131, 4),
  (124525, 'Рила', 0, 123132, 1),
  (124526, 'Родопи', 1, 123132, 2),
  (124527, 'Странджа', 0, 123132, 3),
  (124528, 'Пирин', 0, 123132, 4),
  (124529, 'Смолици', 0, 123133, 1),
  (124530, 'Канелени горски почви', 0, 123133, 2),
  (124531, 'Черноземи', 1, 123133, 3),
  (124532, 'Жълтоземи', 0, 123133, 4),
  (124533, 'Марица', 0, 123134, 1),
  (124534, 'Искър', 0, 123134, 2),
  (124535, 'Дунав', 1, 123134, 3),
  (124536, 'Струма', 0, 123134, 4),
  (124537, 'Черната руда', 0, 123135, 1),
  (124538, 'Минералните води', 1, 123135, 2),
  (124539, 'Дървесината', 0, 123135, 3),
  (124540, 'Въглищата', 0, 123135, 4),

  (124541, 'Джон Лок', 0, 123136, 1),
  (124542, 'Волтер', 0, 123136, 2),
  (124543, 'Шарл Монтескьо', 1, 123136, 3),
  (124544, 'Томас Хобс', 0, 123136, 4),
  (124545, 'Наполеоновият кодекс', 0, 123137, 1),
  (124546, 'Декларацията за независимост на САЩ', 1, 123137, 2),
  (124547, 'Магна Харта', 0, 123137, 3),
  (124548, 'Договорът от Версай', 0, 123137, 4),
  (124549, 'Битката при Ватерло', 0, 123138, 1),
  (124550, 'Коронацията на Наполеон', 0, 123138, 2),
  (124551, 'Превземането на Бастилията', 1, 123138, 3),
  (124552, 'Екзекуцията на Луи XVI', 0, 123138, 4),
  (124553, 'Държавата - това съм аз', 0, 123139, 1),
  (124554, 'Хляб, мир и земя', 0, 123139, 2),
  (124555, 'Свобода, равенство, братство', 1, 123139, 3),
  (124556, 'Съединението прави силата', 0, 123139, 4),
  (124557, 'Пълно премахване на кралската власт', 0, 123140, 1),
  (124558, 'Управление на монарх, който прилага реформи под влияние на просвещенските идеи', 1, 123140, 2),
  (124559, 'Религиозна диктатура', 0, 123140, 3),
  (124560, 'Управление на народни представители', 0, 123140, 4),

  (124561, 'Хан Аспарух', 0, 123141, 1),
  (124562, 'Цар Симеон', 0, 123141, 2),
  (124563, 'Княз Борис I', 1, 123141, 3),
  (124564, 'Цар Иван Асен II', 0, 123141, 4),
  (124565, '632 г.', 0, 123142, 1),
  (124566, '681 г.', 1, 123142, 2),
  (124567, '864 г.', 0, 123142, 3),
  (124568, '1018 г.', 0, 123142, 4),
  (124569, 'Рибен буквар', 0, 123143, 1),
  (124570, 'Под игото', 0, 123143, 2),
  (124571, 'История славянобългарска" на Паисий Хилендарски', 1, 123143, 3),
  (124572, 'Горски пътник', 0, 123143, 4),
  (124573, 'Георги Раковски', 0, 123144, 1),
  (124574, 'Васил Левски', 1, 123144, 2),
  (124575, 'Христо Ботев', 0, 123144, 3),
  (124576, 'Стефан Стамболов', 0, 123144, 4),
  (124577, 'Плиска', 0, 123145, 1),
  (124578, 'Преслав', 0, 123145, 2),
  (124579, 'Търново', 1, 123145, 3),
  (124580, 'Видин', 0, 123145, 4),

  (124581, '3 март 1878 г.', 0, 123146, 1),
  (124582, '6 септември 1885 г.', 1, 123146, 2),
  (124583, '22 септември 1908 г.', 0, 123146, 3),
  (124584, '10 ноември 1989 г.', 0, 123146, 4),
  (124585, 'Пловдив', 0, 123147, 1),
  (124586, 'Велико Търново', 0, 123147, 2),
  (124587, 'София', 1, 123147, 3),
  (124588, 'Варна', 0, 123147, 4),
  (124589, 'Фердинанд Сакскобургготски', 0, 123148, 1),
  (124590, 'Александър I Батенберг', 1, 123148, 2),
  (124591, 'Борис III', 0, 123148, 3),
  (124592, 'Симеон Сакскобургготски', 0, 123148, 4),
  (124593, 'България обявява независимост', 0, 123149, 1),
  (124594, 'Започва Априлското въстание', 0, 123149, 2),
  (124595, 'Тодор Живков е освободен от власт, което бележи началото на демократичните промени', 1, 123149, 3),
  (124596, 'Приета е Търновската конституция', 0, 123149, 4),
  (124597, 'ООН', 0, 123150, 1),
  (124598, 'НАТО', 0, 123150, 2),
  (124599, 'Европейски съюз (ЕС)', 1, 123150, 3),
  (124600, 'СИВ', 0, 123150, 4);

COMMIT;
