BEGIN TRANSACTION;

-- Assumptions:
-- 1. Lessons 16-17 continue the Chemistry track and are mapped to Grade 8, SubjectId 120010.
-- 2. Lessons 18-20 introduce Biology content and are mapped to Grade 8.
-- 3. Biology does not exist in the previous seed files, so a new subject is inserted starting from 120011.
-- 4. Section is 'А' and CreatedByUserId = 1 (seeded admin).
-- 5. IDs start from the ranges provided by the user to avoid overlap with previous scripts.

INSERT INTO "Subjects" ("Id", "CreatedByUserId", "Description", "Name", "Grade", "Section", "CreatedAt")
VALUES
  (120011, 1, 'Подготовка по биология с фокус върху клетката, генетиката и човешкото тяло.', 'Биология', 8, 'А', '2026-04-14T17:11:00Z');

INSERT INTO "Lessons" ("Id", "AttachmentName", "AttachmentUrl", "Content", "CreatedByUserId", "Grade", "ImageUrl", "Section", "SubjectId", "Title", "YoutubeUrl", "CreatedAt")
VALUES
  (121016, NULL, NULL, '<h2>Органична химия: Светът на въглеводородите</h2>
<p><b>Органичната химия</b> е химията на въглеродните съединения. Въглеродът притежава уникалната способност да образува здрави вериги (прави, разклонени или пръстеновидни), свързвайки се с други въглеродни атоми или други елементи. Най-простите органични съединения са <b>въглеводородите</b>, които се състоят само от два елемента: въглерод (C) и водород (H).</p>
<h3>Увод в класификацията на въглеводородите</h3>
<p>Въглеводородите се делят на две големи групи: <b>алифатни</b> (верижни) и <b>ароматни</b> (пръстеновидни със специфична структура). В зависимост от вида на връзките между въглеродните атоми, алифатните биват наситени и ненаситени.</p>
<img src="https://source.unsplash.com/featured/?education,Класификация на въглеводородите – дървовидна диаграма: Алкани, Алкени, Алкини, Арени" style="width:100%; border-radius:8px; margin: 10px 0;" />
<h3>1. Алкани (Наситени въглеводороди)</h3>
<p>При алканите всички връзки между въглеродните атоми са <b>единични</b>. Те са малко реактивоспособни (наричат се още "парафини").</p>
<ul>
  <li><b>Обща формула:</b> $C_nH_{2n+2}$</li>
  <li><b>Хомоложен ред:</b> Метан ($CH_4$), Етан ($C_2H_6$), Пропан ($C_3H_8$), Бутан ($C_4H_{10}$).</li>
  <li><b>Свойства:</b> Горят с отделяне на много енергия (горива).</li>
</ul>
<h3>2. Алкени и Алкини (Ненаситени въглеводороди)</h3>
<p>Те съдържат кратни връзки, което ги прави много по-активни химически.</p>
<ul>
  <li><b>Алкени:</b> Съдържат една <b>двойна връзка</b> (C=C). Обща формула: $C_nH_{2n}$. Представител: Етен (Етилен) – използва се за производство на полиетилен.</li>
  <li><b>Алкини:</b> Съдържат една <b>тройна връзка</b>. Обща формула: $C_nH_{2n-2}$. Представител: Етин (Ацетилен) – използва се при заваряване.</li>
</ul>
<img src="https://source.unsplash.com/featured/?education,Модели на молекулите на метан, етен и етин, показващи различните видове връзки" style="width:100%; border-radius:8px; margin: 10px 0;" />
<h3>3. Ароматни въглеводороди (Арени)</h3>
<p>Най-важният представител е <b>Бензенът</b> ($C_6H_6$). Той има пръстеновидна структура със специфична система от делокализирани електрони, известна като "ароматно ядро". Използва се като разтворител и суровина за лекарства и бои.</p>
<h3>Детайлно обяснение: Химични свойства</h3>
<p>Основната разлика в поведението им е видът реакция:</p>
<ul>
  <li><b>Заместителни реакции:</b> Характерни за алканите (например хлориране на метан под действие на светлина).</li>
  <li><b>Присъединителни реакции:</b> Характерни за алкените и алкините (присъединяване на водород, халогени или вода), при които крайната връзка се разкъсва.</li>
</ul>
<h3>Заключение</h3>
<p>Въглеводородите са основен източник на енергия за човечеството (нефт, природен газ). Познаването на техния строеж е фундаментално за развитието на нови материали и за разбирането на екологичните проблеми, свързани с тяхното изгаряне.</p>', 1, 8, NULL, 'А', 120010, 'Органична химия: Светът на въглеводородите', NULL, '2026-04-14T17:12:00Z'),
  (121017, NULL, NULL, '<h2>Метали и неметали: Двете лица на химичните елементи</h2>
<p>Всички химични елементи в Периодичната система се класифицират основно като <b>метали</b> или <b>неметали</b> (с малка група металоиди между тях). Тази класификация се основава на техните физични свойства и способността им да отдават или приемат електрони по време на химични реакции.</p>
<h3>Увод в характеристиките на металите</h3>
<p>Металите съставляват по-голямата част от Периодичната система (разположени вляво и в центъра). Техните атоми имат малък брой валентни електрони, които лесно отдават, превръщайки се в положително заредени йони.</p>
<img src="https://source.unsplash.com/featured/?education,Сравнителна таблица на физичните свойства на метали и неметали" style="width:100%; border-radius:8px; margin: 10px 0;" />
<h3>Основни концепции: Физични и химични свойства</h3>
<ul>
  <li><b>Метали:</b>
    <ul>
      <li><i>Физични:</i> Метален блясък, висока електро- и топлопроводимост, пластичност и ковкост. Повечето са твърди при стайна температура (с изключение на живака).</li>
      <li><i>Химични:</i> Взаимодействат с неметали (образуват соли), с кислород (образуват основни оксиди) и с киселини (изместват водорода, ако са активни).</li>
    </ul>
  </li>
  <li><b>Неметали:</b>
    <ul>
      <li><i>Физични:</i> Лоши проводници на ток и топлина (изолатори), крехки в твърдо състояние, нямат метален блясък. Срещат се в трите агрегатни състояния (газообразно – O2, течно – Br2, твърдо – S).</li>
      <li><i>Химични:</i> Приемат електрони. С кислород образуват киселинни оксиди.</li>
    </ul>
  </li>
</ul>
<img src="https://source.unsplash.com/featured/?education,Диаграма на метална кристална решетка, обясняваща проводимостта и пластичността" style="width:100%; border-radius:8px; margin: 10px 0;" />
<h3>Детайлно обяснение: Сплави и тяхното значение</h3>
<p>В практиката чистите метали често са твърде меки или податливи на корозия. Затова се използват <b>сплави</b> – хомогенни смеси от два или повече метала (или метал и неметал). Сплавите имат подобрени свойства като по-голяма твърдост, устойчивост на корозия и специфичен външен вид.</p>
<ul>
  <li><b>Стомана:</b> Желязо с малко количество въглерод (неметал). Основа на строителството.</li>
  <li><b>Бронз:</b> Сплав от мед и калай. Използва се от древността за скулптури и инструменти.</li>
  <li><b>Дюралуминий:</b> Алуминий с мед и магнезий. Изключително лек и здрав, незаменим в самолетостроенето.</li>
</ul>
<h3>Практически приложения</h3>
<p>Металите като медта и алуминия са жизненоважни за електротехниката поради ниското си съпротивление. Неметалите като водорода и азота са в основата на химическата промишленост (производство на амоняк и торове), а въглеродът (под формата на графит и диамант) намира приложение от моливите до режещите инструменти и нанотехнологиите.</p>
<h3>Заключение</h3>
<p>Разграничаването между метали и неметали не е само теоретично. То определя начина, по който човечеството добива ресурси и създава нови материали, които движат технологичния прогрес.</p>', 1, 8, NULL, 'А', 120010, 'Метали и неметали: Двете лица на химичните елементи', NULL, '2026-04-14T17:13:00Z'),
  (121018, NULL, NULL, '<h2>Клетката: Микроскопичният двигател на живота</h2>
<p><b>Клетката</b> е най-малката структурна и функционална единица на всички живи организми. Тя притежава всички белези на живото: метаболизъм, растеж, размножаване, наследственост и дразнимост. В зависимост от сложността на своя строеж, клетките се делят на две основни групи: <b>прокариотни</b> и <b>еукариотни</b>.</p>
<h3>Увод в цитологията</h3>
<p>Цитологията е науката, която изучава клетките. Въпреки огромното разнообразие във формата и размерите им (от микроскопичните бактерии до огромните нервни клетки), всички те споделят общ план на строеж, включващ клетъчна мембрана, цитоплазма и генетичен апарат.</p>
<img src="https://source.unsplash.com/featured/?education,Сравнение между растителна и животинска клетка с означени органели" style="width:100%; border-radius:8px; margin: 10px 0;" />
<h3>Основни концепции: Прокариоти и Еукариоти</h3>
<ul>
  <li><b>Прокариотни клетки:</b> Те са по-просто устроени и нямат обособено ядро. Генетичният им материал (ДНК) е разположен свободно в цитоплазмата. Типичен пример са бактериите.</li>
  <li><b>Еукариотни клетки:</b> Притежават добре оформено ядро, заградено с двойна мембрана, и множество специализирани органели. Към тях спадат клетките на растенията, животните и гъбите.</li>
</ul>
<h3>Детайлно обяснение: Клетъчни органели и техните функции</h3>
<p>Всеки органел в еукариотната клетка изпълнява специфична роля, подобно на органите в човешкото тяло:</p>
<ul>
  <li><b>Ядро:</b> "Командният център", който съхранява наследствената информация (ДНК) и контролира процесите в клетката.</li>
  <li><b>Митохондрии:</b> "Енергийните станции" на клетката, където чрез клетъчно дишане се произвежда енергия (АТФ).</li>
  <li><b>Рибозоми:</b> Мястото, където се извършва синтезът на белтъци.</li>
  <li><b>Ендоплазмена мрежа (ЕПМ):</b> Система от каналчета за транспорт на вещества.</li>
  <li><b>Апарат на Голджи:</b> Сортира, модифицира и пакетира белтъци и липиди в секреторни мехурчета.</li>
  <li><b>Хлоропласти (само при растения):</b> Органели за извършване на фотосинтеза.</li>
</ul>
<img src="https://source.unsplash.com/featured/?education,Схема на митохондрия с означени вътрешни мембрани и матрикс" style="width:100%; border-radius:8px; margin: 10px 0;" />
<h3>Практическо значение на клетъчната биология</h3>
<p>Разбирането на клетъчните процеси е в основата на медицината и биотехнологиите. Например, действието на много антибиотици е насочено именно към разрушаване на специфични структури в бактериалната (прокариотна) клетка, без да се засягат еукариотните клетки на човека.</p>
<h3>Заключение</h3>
<p>Клетката не е статична кухина, а динамична система, в която хиляди химични реакции протичат едновременно в пълен синхрон. Тя е доказателство за единството на живия свят – от най-простата бактерия до сложния човешки организъм.</p>', 1, 8, NULL, 'А', 120011, 'Клетката: Микроскопичният двигател на живота', NULL, '2026-04-14T17:14:00Z'),
  (121019, NULL, NULL, '<h2>Генетика: Кодът на наследствеността</h2>
<p><b>Генетиката</b> е наука за наследствеността и изменяемостта на организмите. Тя изучава как биологичната информация се съхранява, предава и реализира в живите системи. Основните стълбове на тази наука са положени от Грегор Мендел чрез неговите опити с грах.</p>
<h3>Увод в генетичната терминология</h3>
<p>За да разберем генетиката, трябва да познаваме нейния „език“:</p>
<ul>
  <li><b>Ген:</b> Участък от ДНК, който носи информация за синтеза на една белтъчна молекула (определя конкретен белег).</li>
  <li><b>Алели:</b> Различни форми на един и същ ген (напр. алел за сини очи и алел за кафяви очи).</li>
  <li><b>Генотип:</b> Съвкупността от всички гени на индивида.</li>
  <li><b>Фенотип:</b> Проявата на тези гени – външните белези (цвят на очи, височина).</li>
  <li><b>Хомозиготен:</b> Индивид с два еднакви алела (АА или аа).</li>
  <li><b>Хетерозиготен:</b> Индивид с два различни алела (Аа).</li>
</ul>
<h3>Основни концепции: Закони на Мендел</h3>
<p>Мендел установява, че белезите не се „смесват“, а се предават като дискретни единици. Той въвежда понятията <b>доминантен</b> (преобладаващ) и <b>рецесивен</b> (подтиснат) белег.</p>
<ol>
  <li><b>Закон за единообразието:</b> При кръстосване на чисти линии (АА х аа), всички индивиди в първото поколение са еднакви (Аа) и проявяват доминантния белег.</li>
  <li><b>Закон за разпадането:</b> Във второто поколение (Аа х Аа) белезите се разпадат в отношение 3:1 по фенотип.</li>
  <li><b>Закон за независимото наследяване:</b> Различните белези се наследяват независимо един от друг.</li>
</ol>
<h3>Детайлно обяснение: Изменяемост</h3>
<p>Освен наследяването, генетиката изучава и <b>изменяемостта</b> – способността на организмите да придобиват нови белези.</p>
<ul>
  <li><b>Модификационна (ненаследствена):</b> Промени под влияние на средата (напр. тен на кожата от слънцето). Те не се предават на потомството.</li>
  <li><b>Генотипна (наследствена):</b> Промени в самия генетичен материал. Основен източник са <b>мутациите</b>. Мутациите могат да бъдат полезни, вредни или неутрални и са „горивото“ на еволюцията.</li>
</ul>
<h3>Практическо приложение: Генетично инженерство и медицина</h3>
<p>Днес генетиката позволява диагностициране на наследствени заболявания още преди раждането. Генетичното инженерство пък ни дава възможност да създаваме растения, устойчиви на вредители, или да произвеждаме важни лекарства като инсулина чрез модифицирани бактерии.</p>
<h3>Заключение</h3>
<p>Генетиката е мостът между миналото и бъдещето на всеки вид. Разбирането на ДНК ни дава ключа към лечението на много болести и към по-доброто познаване на собствената ни биологична същност.</p>', 1, 8, NULL, 'А', 120011, 'Генетика: Кодът на наследствеността', NULL, '2026-04-14T17:15:00Z'),
  (121020, NULL, NULL, '<h2>Човешкото тяло: Съвършената биологична машина</h2>
<p>Човешкият организъм е сложна йерархична система. Клетките с общ произход и функция образуват <b>тъкани</b> (епителна, съединителна, мускулна и нервна), тъканите изграждат <b>органи</b>, а органите се обединяват в <b>системи</b>, които работят в пълен синхрон под контрола на нервната и ендокринната система.</p>
<h3>Увод в анатомията и физиологията</h3>
<p>Анатомията изучава строежа на тялото, а физиологията – как функционират неговите части. Хомеостазата е ключов процес – това е способността на тялото да поддържа постоянна вътрешна среда (температура, кръвно налягане, киселинност) въпреки промените навън.</p>
<h3>Основни системи в човешкото тяло</h3>
<ul>
  <li><b>Опорно-двигателна система:</b> Състои се от скелет (кости) и мускули. Тя осигурява защитата на органите и възможността за движение.</li>
  <li><b>Сърдечно-съдова система:</b> Включва сърцето и кръвоносните съдове (артерии, вени, капиляри). Тя пренася кислород и хранителни вещества до клетките и отвежда отпадните продукти.</li>
  <li><b>Дихателна система:</b> Чрез белите дробове се извършва газова обмяна – приемане на кислород и отделяне на въглероден диоксид.</li>
  <li><b>Храносмилателна система:</b> Разгражда храната до прости вещества, които могат да бъдат усвоени от клетките.</li>
</ul>
<h3>Детайлно обяснение: Регулация и контрол</h3>
<p>Тялото не би могло да работи без „командни центрове“. Те са два вида:</p>
<ul>
  <li><b>Нервна система:</b> Предава информация чрез електрически импулси. Тя реагира светкавично на дразнители. Дели се на централна (главен и гръбначен мозък) и периферна.</li>
  <li><b>Ендокринна система:</b> Регулира процесите чрез химични вещества – <b>хормони</b>, които се отделят в кръвта от жлези с вътрешна секреция (напр. инсулин от панкреаса, адреналин от надбъбречните жлези).</li>
</ul>
<h3>Здравни аспекти и превенция</h3>
<p>Познаването на системите в тялото ни помага да разберем значението на здравословния начин на живот. Например, системното претоварване на храносмилателната система със захар води до нарушения в ендокринната система (диабет), а липсата на движение отслабва опорно-двигателния апарат и сърцето.</p>
<h3>Заключение</h3>
<p>Всяка система в човешкото тяло е жизненоважна. Тяхната взаимосвързаност е толкова голяма, че нарушение в работата на един орган (например бъбреците) неминуемо се отразява на целия организъм.</p>', 1, 8, NULL, 'А', 120011, 'Човешкото тяло: Съвършената биологична машина', NULL, '2026-04-14T17:16:00Z');

INSERT INTO "Tests" ("Id", "CreatedByUserId", "LessonId", "Title", "Grade", "Section", "CreatedAt")
VALUES
  (122016, 1, 121016, 'Тест към тема "Органична химия: Въглеводороди"', 8, 'А', '2026-04-14T17:17:00Z'),
  (122017, 1, 121017, 'Тест към тема "Метали и неметали"', 8, 'А', '2026-04-14T17:18:00Z'),
  (122018, 1, 121018, 'Тест към тема "Клетката – основна единица на живота"', 8, 'А', '2026-04-14T17:19:00Z'),
  (122019, 1, 121019, 'Тест към тема "Генетика: Наследяване и изменение"', 8, 'А', '2026-04-14T17:20:00Z'),
  (122020, 1, 121020, 'Тест към тема "Човешкото тяло: Системи и органи"', 8, 'А', '2026-04-14T17:21:00Z');

INSERT INTO "Questions" ("Id", "Text", "TestId", "CorrectTextAnswer", "ImageUrl", "OrderIndex", "Type")
VALUES
  (123076, 'Коя е общата формула на алканите?', 122016, NULL, NULL, 1, 'multiple-choice'),
  (123077, 'Кой от следните въглеводороди е ненаситен?', 122016, NULL, NULL, 2, 'multiple-choice'),
  (123078, 'Какъв тип връзка съдържат алкините?', 122016, NULL, NULL, 3, 'multiple-choice'),
  (123079, 'Кой въглеводород е основна съставка на природния газ?', 122016, NULL, NULL, 4, 'multiple-choice'),
  (123080, 'Коя реакция е характерна за алкените, но НЕ и за алканите?', 122016, NULL, NULL, 5, 'multiple-choice'),
  (123081, 'Кое от изброените е характерно физично свойство на металите?', 122017, NULL, NULL, 1, 'multiple-choice'),
  (123082, 'Кой неметал е течен при стайна температура?', 122017, NULL, NULL, 2, 'multiple-choice'),
  (123083, 'Какво представлява стоманата?', 122017, NULL, NULL, 3, 'multiple-choice'),
  (123084, 'Оксидите на типичните неметали имат:', 122017, NULL, NULL, 4, 'multiple-choice'),
  (123085, 'Кой метал се използва най-масово в самолетостроенето заради лекотата си?', 122017, NULL, NULL, 5, 'multiple-choice'),
  (123086, 'Коя структура е характерна САМО за еукариотните клетки?', 122018, NULL, NULL, 1, 'multiple-choice'),
  (123087, 'Къде в клетката се извършва синтезът на АТФ (енергия)?', 122018, NULL, NULL, 2, 'multiple-choice'),
  (123088, 'Кой органел е отговорен за фотосинтезата при растенията?', 122018, NULL, NULL, 3, 'multiple-choice'),
  (123089, 'Коя е основната функция на рибозомите?', 122018, NULL, NULL, 4, 'multiple-choice'),
  (123090, 'Как се нарича течното съдържание на клетката, в което са потопени органелите?', 122018, NULL, NULL, 5, 'multiple-choice'),
  (123091, 'Как се нарича индивид, който притежава два различни алела за един и същ ген (напр. Аа)?', 122019, NULL, NULL, 1, 'multiple-choice'),
  (123092, 'Кой белег се проявява в хетерозиготните индивиди според Мендел?', 122019, NULL, NULL, 2, 'multiple-choice'),
  (123093, 'Какво представлява мутацията?', 122019, NULL, NULL, 3, 'multiple-choice'),
  (123094, 'Къде се съдържа основната генетична информация в еукариотната клетка?', 122019, NULL, NULL, 4, 'multiple-choice'),
  (123095, 'При кръстосване на Аа х Аа, каква част от потомството ще проявява рецесивния белег (аа)?', 122019, NULL, NULL, 5, 'multiple-choice'),
  (123096, 'Коя система е отговорна за пренасянето на хормони и хранителни вещества в тялото?', 122020, NULL, NULL, 1, 'multiple-choice'),
  (123097, 'Кой орган е основната част на централната нервна система?', 122020, NULL, NULL, 2, 'multiple-choice'),
  (123098, 'Как се наричат химичните вещества, чрез които ендокринната система регулира тялото?', 122020, NULL, NULL, 3, 'multiple-choice'),
  (123099, 'Къде се извършва газовата обмяна?', 122020, NULL, NULL, 4, 'multiple-choice'),
  (123100, 'Коя тъкан е специализирана за съкращаване и извършване на движение?', 122020, NULL, NULL, 5, 'multiple-choice');

INSERT INTO "Answers" ("Id", "Text", "IsCorrect", "QuestionId", "OrderIndex")
VALUES
  (124301, '$C_nH_{2n}$', 0, 123076, 1),
  (124302, '$C_nH_{2n+2}$', 1, 123076, 2),
  (124303, '$C_nH_{2n-2}$', 0, 123076, 3),
  (124304, '$C_nH_{2n+1}$', 0, 123076, 4),
  (124305, 'Метан', 0, 123077, 1),
  (124306, 'Етан', 0, 123077, 2),
  (124307, 'Етен', 1, 123077, 3),
  (124308, 'Пропан', 0, 123077, 4),
  (124309, 'Само единични връзки', 0, 123078, 1),
  (124310, 'Една двойна връзка', 0, 123078, 2),
  (124311, 'Една тройна връзка', 1, 123078, 3),
  (124312, 'Йонна връзка', 0, 123078, 4),
  (124313, 'Бензен', 0, 123079, 1),
  (124314, 'Ацетилен', 0, 123079, 2),
  (124315, 'Метан', 1, 123079, 3),
  (124316, 'Бутан', 0, 123079, 4),
  (124317, 'Горене', 0, 123080, 1),
  (124318, 'Заместване', 0, 123080, 2),
  (124319, 'Присъединяване', 1, 123080, 3),
  (124320, 'Разлагане', 0, 123080, 4),

  (124321, 'Крехкост', 0, 123081, 1),
  (124322, 'Добра електропроводимост', 1, 123081, 2),
  (124323, 'Ниска плътност', 0, 123081, 3),
  (124324, 'Прозрачност', 0, 123081, 4),
  (124325, 'Хлор', 0, 123082, 1),
  (124326, 'Йод', 0, 123082, 2),
  (124327, 'Бром', 1, 123082, 3),
  (124328, 'Флуор', 0, 123082, 4),
  (124329, 'Чист химичен елемент', 0, 123083, 1),
  (124330, 'Сплав на желязо с въглерод', 1, 123083, 2),
  (124331, 'Йонно съединение', 0, 123083, 3),
  (124332, 'Органично вещество', 0, 123083, 4),
  (124333, 'Основен характер', 0, 123084, 1),
  (124334, 'Киселинен характер', 1, 123084, 2),
  (124335, 'Амфотерен характер', 0, 123084, 3),
  (124336, 'Не взаимодействат с вода', 0, 123084, 4),
  (124337, 'Олово', 0, 123085, 1),
  (124338, 'Злато', 0, 123085, 2),
  (124339, 'Алуминий (в сплави)', 1, 123085, 3),
  (124340, 'Мед', 0, 123085, 4),

  (124341, 'Цитоплазма', 0, 123086, 1),
  (124342, 'Рибозоми', 0, 123086, 2),
  (124343, 'Обособено ядро', 1, 123086, 3),
  (124344, 'Клетъчна мембрана', 0, 123086, 4),
  (124345, 'В ядрото', 0, 123087, 1),
  (124346, 'В митохондриите', 1, 123087, 2),
  (124347, 'В апарата на Голджи', 0, 123087, 3),
  (124348, 'В лизозомите', 0, 123087, 4),
  (124349, 'Хлоропласт', 1, 123088, 1),
  (124350, 'Митохондрия', 0, 123088, 2),
  (124351, 'Вакуола', 0, 123088, 3),
  (124352, 'Ядро', 0, 123088, 4),
  (124353, 'Съхранение на вода', 0, 123089, 1),
  (124354, 'Движение на клетката', 0, 123089, 2),
  (124355, 'Синтез на белтъци', 1, 123089, 3),
  (124356, 'Разграждане на отпадъци', 0, 123089, 4),
  (124357, 'Нуклеоплазма', 0, 123090, 1),
  (124358, 'Цитоплазма', 1, 123090, 2),
  (124359, 'Клетъчен сок', 0, 123090, 3),
  (124360, 'Плазма', 0, 123090, 4),

  (124361, 'Хомозиготен по доминантния белег', 0, 123091, 1),
  (124362, 'Хетерозиготен', 1, 123091, 2),
  (124363, 'Хомозиготен по рецесивния белег', 0, 123091, 3),
  (124364, 'Мутант', 0, 123091, 4),
  (124365, 'Рецесивният', 0, 123092, 1),
  (124366, 'Междинният', 0, 123092, 2),
  (124367, 'Доминантният', 1, 123092, 3),
  (124368, 'Нито един', 0, 123092, 4),
  (124369, 'Промяна в кожата от слънцето', 0, 123093, 1),
  (124370, 'Внезапна и наследствена промяна в генетичния материал', 1, 123093, 2),
  (124371, 'Увеличаване на мускулната маса чрез тренировки', 0, 123093, 3),
  (124372, 'Процес на стареене на клетката', 0, 123093, 4),
  (124373, 'В цитоплазмата', 0, 123094, 1),
  (124374, 'В рибозомите', 0, 123094, 2),
  (124375, 'В ядрото (в молекулите на ДНК)', 1, 123094, 3),
  (124376, 'В апарата на Голджи', 0, 123094, 4),
  (124377, '0%', 0, 123095, 1),
  (124378, '25%', 1, 123095, 2),
  (124379, '50%', 0, 123095, 3),
  (124380, '75%', 0, 123095, 4),

  (124381, 'Дихателната', 0, 123096, 1),
  (124382, 'Сърдечно-съдовата', 1, 123096, 2),
  (124383, 'Опорно-двигателната', 0, 123096, 3),
  (124384, 'Нервната', 0, 123096, 4),
  (124385, 'Сърцето', 0, 123097, 1),
  (124386, 'Главен мозък', 1, 123097, 2),
  (124387, 'Черен дроб', 0, 123097, 3),
  (124388, 'Стомах', 0, 123097, 4),
  (124389, 'Ензими', 0, 123098, 1),
  (124390, 'Антитела', 0, 123098, 2),
  (124391, 'Хормони', 1, 123098, 3),
  (124392, 'Витамини', 0, 123098, 4),
  (124393, 'В хранопровода', 0, 123099, 1),
  (124394, 'В стомаха', 0, 123099, 2),
  (124395, 'В алвеолите на белите дробове', 1, 123099, 3),
  (124396, 'В артериите', 0, 123099, 4),
  (124397, 'Епителна', 0, 123100, 1),
  (124398, 'Нервна', 0, 123100, 2),
  (124399, 'Мускулна', 1, 123100, 3),
  (124400, 'Съединителна', 0, 123100, 4);

COMMIT;
