BEGIN TRANSACTION;

-- Assumptions:
-- 1. Lessons 6-9 are mapped to Mathematics, while lesson 10 is mapped to Informatics.
-- 2. Grade mapping is inferred from the lesson topic progression in the document:
--    Algebraic formulas -> Grade 8, Geometric formulas -> Grade 8,
--    Trigonometric formulas -> Grade 10, Statistics and probabilities -> Grade 12,
--    Data types and variables -> Grade 8.
-- 3. Section is 'А' and CreatedByUserId = 1 (seeded admin).
-- 4. IDs continue after seed_first_5_lessons.sql and intentionally remain in a high range.

INSERT INTO "Subjects" ("Id", "CreatedByUserId", "Description", "Name", "Grade", "Section", "CreatedAt")
VALUES
  (120002, 1, 'Подготовка по математика с фокус върху алгебрични изрази и съкратено умножение.', 'Математика', 8, 'А', '2026-04-14T16:10:00Z'),
  (120003, 1, 'Подготовка по математика с акцент върху тригонометрия и приложения на ъглите.', 'Математика', 10, 'А', '2026-04-14T16:11:00Z'),
  (120004, 1, 'Подготовка по математика за статистика, вероятности и анализ на данни.', 'Математика', 12, 'А', '2026-04-14T16:12:00Z'),
  (120005, 1, 'Въведение в информатиката и базовите концепции на програмирането.', 'Информатика', 8, 'А', '2026-04-14T16:13:00Z');

INSERT INTO "Lessons" ("Id", "AttachmentName", "AttachmentUrl", "Content", "CreatedByUserId", "Grade", "ImageUrl", "Section", "SubjectId", "Title", "YoutubeUrl", "CreatedAt")
VALUES
  (121006, NULL, NULL, '<p><b>Алгебричните формули</b> са едни от най-важните инструменти в математиката. Те ни позволяват бързо да преобразуваме изрази, да разлагаме многочлени на множители и да решаваме задачи по-елегантно и ефективно. Макар да започват като абстрактни правила, те имат дълбока геометрична и практическа логика.</p>
<h3>Увод в съкратеното умножение</h3>
<p>В гимназиалния курс учениците се срещат с формулите за <b>съкратено умножение</b>, които описват как се развиват или факторизират определени алгебрични изрази. Те спестяват време и намаляват риска от технически грешки при пресмятане.</p>
<img src="https://source.unsplash.com/featured/?education,algebra-geometric-proof" style="width:100%; border-radius:8px;" />
<h3>Основни формули</h3>
<ul>
  <li><b>Квадрат на сбор:</b> <span style="color: #c0392b;">(a + b)^2 = a^2 + 2ab + b^2</span></li>
  <li><b>Квадрат на разлика:</b> <span style="color: #c0392b;">(a - b)^2 = a^2 - 2ab + b^2</span></li>
  <li><b>Разлика на квадрати:</b> <span style="color: #c0392b;">a^2 - b^2 = (a - b)(a + b)</span></li>
  <li><b>Куб на сбор:</b> <span style="color: #c0392b;">(a + b)^3 = a^3 + 3a^2b + 3ab^2 + b^3</span></li>
</ul>
<h3>Детайлно обяснение и приложение</h3>
<p>Формулите не са просто заучени правила. Например, формулата за <b>разлика на квадрати</b> се използва постоянно при разлагане на изрази като <code>x^2 - 16</code>, което веднага се преобразува в <code>(x - 4)(x + 4)</code>. Това е основа при решаване на уравнения и неравенства.</p>
<h3>Практически пример</h3>
<p>Да опростим израза:<br><code>A = (2x + 3)^2 - (2x - 1)(2x + 1)</code></p>
<p>Използваме формулите последователно:<br><code>(2x + 3)^2 = 4x^2 + 12x + 9</code><br><code>(2x - 1)(2x + 1) = 4x^2 - 1</code><br>Следователно:<br><code>A = (4x^2 + 12x + 9) - (4x^2 - 1) = 12x + 10</code></p>
<h3>Заключение</h3>
<p>Овладяването на алгебричните формули е ключова стъпка към по-сложни теми като тригонометрия, аналитична геометрия и висша математика. Те развиват умението да разпознаваме структура и закономерност в привидно сложни изрази.</p>', 1, 8, NULL, 'А', 120002, 'Алгебрични формули: Основи на математическия анализ', NULL, '2026-04-14T16:14:00Z'),
  (121007, NULL, NULL, '<p><b>Геометричните формули</b> превръщат фигурите в изчислими обекти. Чрез тях можем да намираме лице, периметър, обем и повърхнина на различни геометрични тела и фигури. Те са в основата на инженерството, архитектурата, компютърната графика и дизайна.</p>
<h3>Увод в метричните зависимости</h3>
<p>В геометрията всяка формула описва връзка между измерими величини: дължини, ъгли, лица и обеми. Разбирането на тези зависимости ни позволява да преведем чертежа на езика на числата.</p>
<img src="https://source.unsplash.com/featured/?education,plane-figures-geometry" style="width:100%; border-radius:8px;" />
<h3>Основни концепции: Планиметрия</h3>
<ul>
  <li><b>Триъгълник:</b> <code>S = a * h_a / 2 = 1/2 ab * sin γ</code>, както и формулата на Херон за лице.</li>
  <li><b>Питагорова теорема:</b> <code>a^2 + b^2 = c^2</code> за правоъгълен триъгълник.</li>
  <li><b>Паралелограм:</b> <code>S = a * h_a = ab * sin α</code></li>
  <li><b>Трапец:</b> <code>S = (a + b) / 2 * h</code></li>
  <li><b>Ромб:</b> <code>S = d1 * d2 / 2</code></li>
  <li><b>Окръжност и кръг:</b> <code>L = 2πr</code>, <code>S = πr^2</code></li>
</ul>
<h3>Детайлно обяснение: Стереометрия</h3>
<p>При пространствените тела използваме аналогична логика:</p>
<ul>
  <li><b>Призма и цилиндър:</b> <code>V = B * h</code></li>
  <li><b>Пирамида и конус:</b> <code>V = 1/3 B * h</code></li>
  <li><b>Сфера:</b> <code>S = 4πr^2</code>, <code>V = 4/3 πr^3</code></li>
</ul>
<img src="https://source.unsplash.com/featured/?education,cone-cylinder-3d" style="width:100%; border-radius:8px;" />
<h3>Практически примери</h3>
<p><b>Пример 1:</b> Лицето на равностранен триъгълник със страна 6 е <code>9√3</code>.<br><b>Пример 2:</b> Обемът на цилиндър с радиус 3 и височина 10 е <code>90π</code>.</p>
<h3>Връзка с Информатиката и Дизайна</h3>
<p>Геометричните изчисления се използват и в програмирането, например при работа с координати и разстояния:</p>
<pre><code>// Пример за функция, изчисляваща разстояние между две точки (2D Геометрия)
double GetDistance(double x1, double y1, double x2, double y2) {
    return Math.Sqrt(Math.Pow(x2 - x1, 2) + Math.Pow(y2 - y1, 2));
}</code></pre>
<h3>Заключение</h3>
<p>Геометричните формули изграждат връзката между абстрактното мислене и реалния свят. Те дават математическата рамка, с която описваме пространства, конструкции и движения.</p>', 1, 8, NULL, 'А', 120002, 'Геометрични формули: От чертежа до изчислението', NULL, '2026-04-14T16:15:00Z'),
  (121008, NULL, NULL, '<p><b>Тригонометрията</b> е клон на математиката, който изучава зависимостите между страните и ъглите в триъгълника. Макар и започваща от правоъгълния триъгълник, тя се разширява до функции, които описват вълни, трептения и ротация, което я прави фундаментална за физиката и инженерството.</p>
<h3>Увод в тригонометричните функции</h3>
<p>В основата на всичко стоят функциите <b>синус (sin)</b>, <b>косинус (cos)</b>, <b>тангенс (tg)</b> и <b>котангенс (ctg)</b>. В правоъгълния триъгълник те се дефинират като отношения между катетите и хипотенузата, но в общия случай се разглеждат върху <i>единичната окръжност</i>.</p>
<img src="https://source.unsplash.com/featured/?education,unit-circle-trigonometry" style="width:100%; border-radius:8px;" />
<h3>Основни концепции: Основни тъждества</h3>
<p>Тези формули са „азбуката“, без която не може да се реши нито едно тригонометрично уравнение:</p>
<ul>
  <li><b>Основно тригонометрично тъждество:</b> <span style="color: #c0392b;">sin^2 α + cos^2 α = 1</span></li>
  <li><b>Връзка между функциите:</b> <code>tg α = sin α / cos α</code> и <code>ctg α = cos α / sin α</code></li>
  <li><b>Взаимна обратност:</b> <code>tg α * ctg α = 1</code></li>
</ul>
<h3>Детайлно обяснение: Формули за сбор, разлика и удвоен ъгъл</h3>
<p>Когато работим с ъгли, които не са таблични, използваме формулите за преобразуване:</p>
<ul>
  <li><b>Синус на сбор/разлика:</b> <code>sin(α ± β) = sin α cos β ± cos α sin β</code></li>
  <li><b>Косинус на сбор/разлика:</b> <code>cos(α ± β) = cos α cos β ∓ sin α sin β</code></li>
  <li><b>Удвоен ъгъл:</b> <code>sin 2α = 2sin α cos α</code>, <code>cos 2α = cos^2 α - sin^2 α = 2cos^2 α - 1 = 1 - 2sin^2 α</code></li>
</ul>
<h3>Практически примери: Теореми в произволен триъгълник</h3>
<p>Когато триъгълникът не е правоъгълен, използваме <b>синусова теорема</b> и <b>косинусова теорема</b>. Те ни позволяват да намираме страни и ъгли по частично известни данни и да моделираме реални задачи.</p>
<h3>Приложение в реалния свят</h3>
<p>В софтуерното инженерство, особено при разработката на графични енджини, тригонометрията се използва за ротация на обекти в пространството.</p>
<pre><code>// Изчисляване на координати при движение под ъгъл (Game Dev)
float velocity = 5.0f;
float angleInRadians = angle * (PI / 180.0f);
float moveX = velocity * cos(angleInRadians);
float moveY = velocity * sin(angleInRadians);</code></pre>
<h3>Заключение</h3>
<p>Тригонометричните формули често изглеждат като море от символи, но те са строго систематизирани. Най-важното е да се научим да разпознаваме структурата на задачата и да подбираме подходящата формула.</p>', 1, 10, NULL, 'А', 120003, 'Тригонометрични формули: Езикът на периодичността и ъглите', NULL, '2026-04-14T16:16:00Z'),
  (121009, NULL, NULL, '<p><b>Статистиката</b> е наука за събирането, организирането и анализа на данни, докато <b>теорията на вероятностите</b> изследва закономерностите при случайни събития. Заедно те съставят мощна рамка за вземане на решения в науката, бизнеса и ежедневието.</p>
<h3>Увод в теорията на вероятностите</h3>
<p>Вероятността на едно събитие е число между 0 и 1, което изразява степента на сигурност, че това събитие ще се случи. Класическата дефиниция на вероятност се изчислява като отношение на броя на благоприятните изходи към броя на всички възможни изходи.</p>
<img src="https://source.unsplash.com/featured/?education,dice-coin-probability" style="width:100%; border-radius:8px;" />
<h3>Основни концепции и формули</h3>
<ul>
  <li><b>Класическа вероятност:</b> <code>P(A) = m / n</code></li>
  <li><b>Противоположно събитие:</b> <code>P(A̅) = 1 - P(A)</code></li>
  <li><b>Комбинаторика:</b> Пермутации <code>P_n = n!</code>, вариации <code>V_n^k = n! / (n-k)!</code> и комбинации <code>C_n^k = n! / (k!(n-k)!)</code></li>
</ul>
<h3>Детайлно обяснение: Статистически показатели</h3>
<p>Когато разполагаме с данни, използваме числови характеристики, за да ги опишем:</p>
<ul>
  <li><b>Средно аритметично</b></li>
  <li><b>Медиана</b></li>
  <li><b>Мода</b></li>
  <li><b>Дисперсия и стандартно отклонение</b></li>
</ul>
<img src="https://source.unsplash.com/featured/?education,normal-distribution-graph" style="width:100%; border-radius:8px;" />
<h3>Практически примери</h3>
<p><b>Задача 1:</b> В урна има 5 бели и 3 черни топки. Вероятността да изтеглим черна е <code>3/8 = 0.375</code>.<br><b>Задача 2:</b> За оценките 4, 5, 6, 4, 6 средното е <code>5.00</code>, а модите са 4 и 6.</p>
<h3>Приложение в Информатиката</h3>
<p>В софтуерното инженерство статистиката е в основата на машинното обучение и анализа на данни.</p>
<pre><code>// Пример на Python за изчисляване на средно аритметично
data = [4, 5, 6, 4, 6]
mean = sum(data) / len(data)
print(f"Средна стойност: {mean}")</code></pre>
<h3>Заключение</h3>
<p>Статистиката и вероятностите ни учат да не се доверяваме на случайността, а да я измерваме. Те са ключови за критичното мислене и правилното разчитане на информацията в съвременния свят.</p>', 1, 12, NULL, 'А', 120004, 'Статистика и вероятности: Математиката на несигурността', NULL, '2026-04-14T16:17:00Z'),
  (121010, NULL, NULL, '<p>В света на информатиката <b>променливата</b> е именувано място в паметта на компютъра, което съхранява определена стойност. Всеки език за програмиране дефинира специфични типове данни, които определят каква информация може да се пази в тези променливи. [cite: 13, 14]</p>
<h3>Увод в концепцията</h3>
<p>Компютърната памет е организирана в клетки. Когато декларираме променлива, ние казваме на компилатора: ''Запази ми място за това име и очаквай там да има число, текст или логическа стойност''.</p>
<img src="https://source.unsplash.com/featured/?education,computer-memory-variables" style="width:100%; border-radius:8px;" />
<h3>Основни типове данни</h3>
<ul>
  <li><b>Целочислени (Integer):</b> за цели числа, например <i>int</i>.</li>
  <li><b>Реални (Floating-point):</b> за числа с десетична запетая, например <i>float</i> и <i>double</i>.</li>
  <li><b>Символни (Character):</b> за единични символи, например <i>char</i>.</li>
  <li><b>Логически (Boolean):</b> приемат само <i>true</i> или <i>false</i>.</li>
  <li><b>Стрингове (String):</b> поредица от символи или текст.</li>
</ul>
<h3>Деклариране и инициализация</h3>
<p>В силно типизираните езици е задължително да укажем типа преди името на променливата. Ето пример на езика C#:</p>
<pre><code>int age = 17;
double price = 19.99;
char grade = ''A'';
string name = "Иван";
bool isStudent = true;</code></pre>
<h3>Практически пример: Разлика между силна и слаба типизация</h3>
<p>В езици като JavaScript типът на променливата може да се променя в движение, докато в езици като Java и C# това е невъзможно след първоначалното деклариране. Това предотвратява логически грешки в големи софтуерни системи. [cite: 17]</p>
<h3>Заключение</h3>
<p>Правилният подбор на типове данни оптимизира използването на паметта и скоростта на изпълнение на програмата. Това е първата стъпка към писането на надежден и ефективен код.</p>', 1, 8, NULL, 'А', 120005, 'Типове данни и променливи: Основи на програмирането', NULL, '2026-04-14T16:18:00Z');

INSERT INTO "Tests" ("Id", "CreatedByUserId", "LessonId", "Title", "Grade", "Section", "CreatedAt")
VALUES
  (122006, 1, 121006, 'Тест към тема "Алгебрични формули"', 8, 'А', '2026-04-14T16:19:00Z'),
  (122007, 1, 121007, 'Тест към тема "Геометрични формули"', 8, 'А', '2026-04-14T16:20:00Z'),
  (122008, 1, 121008, 'Тест към тема "Тригонометрични формули"', 10, 'А', '2026-04-14T16:21:00Z'),
  (122009, 1, 121009, 'Тест към тема "Статистика и теория на вероятностите"', 12, 'А', '2026-04-14T16:22:00Z'),
  (122010, 1, 121010, 'Тест към тема "Типове данни и променливи"', 8, 'А', '2026-04-14T16:23:00Z');

INSERT INTO "Questions" ("Id", "Text", "TestId", "CorrectTextAnswer", "ImageUrl", "OrderIndex", "Type")
VALUES
  (123026, 'На колко е равно (x - 5)^2?', 122006, NULL, NULL, 1, 'multiple-choice'),
  (123027, 'Разложете на множители 9x^2 - 49:', 122006, NULL, NULL, 2, 'multiple-choice'),
  (123028, 'Кой е средният член в разлагането на (a + 2b)^2?', 122006, NULL, NULL, 3, 'multiple-choice'),
  (123029, 'На колко е равно a^3 - b^3?', 122006, NULL, NULL, 4, 'multiple-choice'),
  (123030, 'Пресметнете 101^2 чрез формулите за съкратено умножение:', 122006, NULL, NULL, 5, 'multiple-choice'),
  (123031, 'Ако страните на правоъгълен триъгълник са 3 и 4, колко е хипотенузата?', 122007, NULL, NULL, 1, 'multiple-choice'),
  (123032, 'Формулата за лице на трапец е:', 122007, NULL, NULL, 2, 'multiple-choice'),
  (123033, 'Колко е обемът на конус спрямо цилиндър със същата основа и височина?', 122007, NULL, NULL, 3, 'multiple-choice'),
  (123034, 'Лицето на кръг с диаметър 10 см е:', 122007, NULL, NULL, 4, 'multiple-choice'),
  (123035, 'Колко е пълната повърхнина на куб със страна 2 см?', 122007, NULL, NULL, 5, 'multiple-choice'),
  (123036, 'Ако sin α = 0.6 и α ∈ (0, 90°), колко е cos α?', 122008, NULL, NULL, 1, 'multiple-choice'),
  (123037, 'На колко е равно tg 45°?', 122008, NULL, NULL, 2, 'multiple-choice'),
  (123038, 'Коя е формулата за cos 2α?', 122008, NULL, NULL, 3, 'multiple-choice'),
  (123039, 'Синусовата теорема свързва страните на триъгълника с:', 122008, NULL, NULL, 4, 'multiple-choice'),
  (123040, 'Колко е стойността на sin 30° * cos 60° + cos 30° * sin 60°?', 122008, NULL, NULL, 5, 'multiple-choice'),
  (123041, 'Хвърляме стандартен зар. Каква е вероятността да се падне число, по-голямо от 4?', 122009, NULL, NULL, 1, 'multiple-choice'),
  (123042, 'Как се нарича стойността, която разделя подредения статистически ред на две равни части?', 122009, NULL, NULL, 2, 'multiple-choice'),
  (123043, 'По колко начина могат да се подредят 4 книги на един рафт?', 122009, NULL, NULL, 3, 'multiple-choice'),
  (123044, 'Ако вероятността да вали утре е 0.15, каква е вероятността да НЕ вали?', 122009, NULL, NULL, 4, 'multiple-choice'),
  (123045, 'Кой показател е най-чувствителен към "екстремни" стойности в данните?', 122009, NULL, NULL, 5, 'multiple-choice'),
  (123046, 'Кой тип данни бихте използвали за съхранение на средния успех на ученик (напр. 5.75)?', 122010, NULL, NULL, 1, 'multiple-choice'),
  (123047, 'Какво съхранява типът данни bool?', 122010, NULL, NULL, 2, 'multiple-choice'),
  (123048, 'Кое от следните е правилно деклариране на целочислена променлива?', 122010, NULL, NULL, 3, 'multiple-choice'),
  (123049, 'Колко байта памет обикновено заема типът int в модерните системи?', 122010, NULL, NULL, 4, 'multiple-choice'),
  (123050, 'Какъв е резултатът от операцията 10 / 3, ако и двете променливи са от тип int?', 122010, NULL, NULL, 5, 'multiple-choice');

INSERT INTO "Answers" ("Id", "Text", "IsCorrect", "QuestionId", "OrderIndex")
VALUES
  (124101, 'x^2 - 25', 0, 123026, 1),
  (124102, 'x^2 - 10x + 25', 1, 123026, 2),
  (124103, 'x^2 + 10x + 25', 0, 123026, 3),
  (124104, 'x^2 - 5x + 25', 0, 123026, 4),
  (124105, '(3x - 7)(3x - 7)', 0, 123027, 1),
  (124106, '(9x - 7)(9x + 7)', 0, 123027, 2),
  (124107, '(3x - 7)(3x + 7)', 1, 123027, 3),
  (124108, '(3x - 49)(3x + 49)', 0, 123027, 4),
  (124109, '2ab', 0, 123028, 1),
  (124110, '4ab', 1, 123028, 2),
  (124111, '4a^2b^2', 0, 123028, 3),
  (124112, 'ab', 0, 123028, 4),
  (124113, '(a-b)(a^2+ab+b^2)', 1, 123029, 1),
  (124114, '(a-b)(a^2-ab+b^2)', 0, 123029, 2),
  (124115, '(a-b)^3', 0, 123029, 3),
  (124116, '(a+b)(a^2-ab+b^2)', 0, 123029, 4),
  (124117, '10001', 0, 123030, 1),
  (124118, '10201', 1, 123030, 2),
  (124119, '10101', 0, 123030, 3),
  (124120, '10021', 0, 123030, 4),

  (124121, '5', 1, 123031, 1),
  (124122, '7', 0, 123031, 2),
  (124123, '25', 0, 123031, 3),
  (124124, '6', 0, 123031, 4),
  (124125, 'a * b / 2', 0, 123032, 1),
  (124126, '(a+b) * h / 2', 1, 123032, 2),
  (124127, 'a * h', 0, 123032, 3),
  (124128, 'd1 * d2', 0, 123032, 4),
  (124129, 'Равен е', 0, 123033, 1),
  (124130, 'Половината', 0, 123033, 2),
  (124131, 'Една трета', 1, 123033, 3),
  (124132, 'Двойно по-голям', 0, 123033, 4),
  (124133, '100π', 0, 123034, 1),
  (124134, '10π', 0, 123034, 2),
  (124135, '25π', 1, 123034, 3),
  (124136, '20π', 0, 123034, 4),
  (124137, '8 см²', 0, 123035, 1),
  (124138, '16 см²', 0, 123035, 2),
  (124139, '24 см²', 1, 123035, 3),
  (124140, '4 см²', 0, 123035, 4),

  (124141, '0.4', 0, 123036, 1),
  (124142, '0.8', 1, 123036, 2),
  (124143, '0.64', 0, 123036, 3),
  (124144, '1.0', 0, 123036, 4),
  (124145, '0', 0, 123037, 1),
  (124146, '1/2', 0, 123037, 2),
  (124147, '1', 1, 123037, 3),
  (124148, '√3', 0, 123037, 4),
  (124149, '2sin α cos α', 0, 123038, 1),
  (124150, 'cos^2 α + sin^2 α', 0, 123038, 2),
  (124151, 'cos^2 α - sin^2 α', 1, 123038, 3),
  (124152, '2cos α', 0, 123038, 4),
  (124153, 'Лицето му', 0, 123039, 1),
  (124154, 'Периметъра му', 0, 123039, 2),
  (124155, 'Радиуса на описаната окръжност', 1, 123039, 3),
  (124156, 'Радиуса на вписаната окръжност', 0, 123039, 4),
  (124157, '0', 0, 123040, 1),
  (124158, '1/2', 0, 123040, 2),
  (124159, '1', 1, 123040, 3),
  (124160, '√2/2', 0, 123040, 4),

  (124161, '1/6', 0, 123041, 1),
  (124162, '1/3', 1, 123041, 2),
  (124163, '1/2', 0, 123041, 3),
  (124164, '2/3', 0, 123041, 4),
  (124165, 'Средно аритметично', 0, 123042, 1),
  (124166, 'Мода', 0, 123042, 2),
  (124167, 'Медиана', 1, 123042, 3),
  (124168, 'Размах', 0, 123042, 4),
  (124169, '4', 0, 123043, 1),
  (124170, '12', 0, 123043, 2),
  (124171, '24', 1, 123043, 3),
  (124172, '16', 0, 123043, 4),
  (124173, '0.15', 0, 123044, 1),
  (124174, '0.50', 0, 123044, 2),
  (124175, '0.85', 1, 123044, 3),
  (124176, '1.15', 0, 123044, 4),
  (124177, 'Медианата', 0, 123045, 1),
  (124178, 'Модата', 0, 123045, 2),
  (124179, 'Средното аритметично', 1, 123045, 3),
  (124180, 'Всички са еднакво чувствителни', 0, 123045, 4),

  (124181, 'int', 0, 123046, 1),
  (124182, 'char', 0, 123046, 2),
  (124183, 'double', 1, 123046, 3),
  (124184, 'bool', 0, 123046, 4),
  (124185, 'Цяло число', 0, 123047, 1),
  (124186, 'Дробно число', 0, 123047, 2),
  (124187, 'Текст', 0, 123047, 3),
  (124188, 'Истина или лъжа', 1, 123047, 4),
  (124189, 'var x = 10;', 0, 123048, 1),
  (124190, 'int x = 10;', 0, 123048, 2),
  (124191, 'float x = 10;', 0, 123048, 3),
  (124192, 'Всички изброени (в зависимост от езика)', 1, 123048, 4),
  (124193, '1 байт', 0, 123049, 1),
  (124194, '2 байта', 0, 123049, 2),
  (124195, '4 байта', 1, 123049, 3),
  (124196, '8 байта', 0, 123049, 4),
  (124197, '3.33', 0, 123050, 1),
  (124198, '3', 1, 123050, 2),
  (124199, '4', 0, 123050, 3),
  (124200, 'Грешка', 0, 123050, 4);

COMMIT;
