BEGIN TRANSACTION;

-- Assumptions:
-- 1. The first five lessons in the uploaded document belong to Bulgarian Language and Literature.
-- 2. They are mapped to Grade 12, Section 'А', and CreatedByUserId = 1 (seeded admin).
-- 3. IDs are intentionally placed in a high range to avoid collisions with existing demo data.

INSERT INTO "Subjects" ("Id", "CreatedByUserId", "Description", "Name", "Grade", "Section", "CreatedAt")
VALUES
  (120001, 1, 'Подготовка по български език и литература за държавен зрелостен изпит.', 'Български език и литература', 12, 'А', '2026-04-14T15:31:00Z');

INSERT INTO "Lessons" ("Id", "AttachmentName", "AttachmentUrl", "Content", "CreatedByUserId", "Grade", "ImageUrl", "Section", "SubjectId", "Title", "YoutubeUrl", "CreatedAt")
VALUES
  (121001, NULL, NULL, '<p><b>Правописната норма</b> е съвкупност от правила, които определят единния и задължителен начин за изписване на думите и техните части в книжовния език. Тя е в основата на грамотността и осигурява безпрепятственото общуване в писмена форма. [cite: 2, 3]</p>
<h3>Увод в правописните принципи</h3>
<p>Българският правопис се гради върху три основни принципа: <b>морфологичен</b> (запазване на строежа на думата), <b>фонетичен</b> (писане според изговора в определени случаи) и <b>исторически</b>. Основният е морфологичният – морфемите (корен, наставка, представка) се пишат еднакво, независимо от промяната в изговора им под влияние на съседни звукове.</p>
<img src="https://source.unsplash.com/featured/?education,bulgarian-orthography" style="width:100%; border-radius:8px;" />
<h3>Основни концепции и правила</h3>
<ul>
  <li><b>Променливо „Я“:</b> Едно от най-сложните правила. Гласна „я“ преминава в „е“, когато е извън ударение, пред сричка с „е“ или „и“, или пред мека съгласна (напр. <i>бял</i>, но <i>бели</i>).</li>
  <li><b>Обеззвучаване на съгласните:</b> Звучните съгласни (б, в, г, д, ж, з) в края на думата или пред беззвучна съгласна се изговарят като беззвучни, но се пишат според морфологичния принцип (напр. <i>изкоп</i> – проверка с <i>изкопи</i>).</li>
  <li><b>Слято, полуслято и разделно писане:</b> Касае сложните думи. Пишат се слято, когато изразяват едно понятие (<i>кандидатстудентски</i>), и полуслято при равноправни отношения (<i>кандидат-президент</i>).</li>
</ul>
<h3>Детайлно обяснение на правописа на представките</h3>
<p>Представките в българския език имат постоянен състав. Честа грешка е замяната на <b>„с-“</b> със <b>„з-“</b> пред звучни съгласни. Правилото е категорично: винаги се пише „с-“ (<i>сграда, сглобка</i>), освен в случаите, когато „з“ е част от корена.</p>
<h3>Практически примери и казуси</h3>
<p>Нека разгледаме думата <b>„безпокоя“</b>. Тук имаме представка „без-“ и корен „покой“. Тъй като „п“ е беззвучна, представката запазва оригиналния си вид в писмена форма, въпреки че при бърз изговор „з“ може да звучи като „с“.</p>
<h3>Заключение</h3>
<p>Владеенето на правописната норма изисква не само запаметяване, но и логическо анализиране на думата – нейния корен и граматическа форма. Това е първата стъпка към успешното полагане на Държавен зрелостен изпит. [cite: 6]</p>', 1, 12, NULL, 'А', 120001, 'Правописна норма: Фундамент на книжовния български език', NULL, '2026-04-14T15:31:00Z'),
  (121002, NULL, NULL, '<p><b>Граматичната норма</b> обхваща правилата за морфологичните форми на думите и техните синтактични връзки в изречението[cite: 4]. Тя е „скелетът“ на езика, който гарантира, че съобщенията ни са логически издържани и правилно структурирани.</p>
<h3>Основни концепции: Морфологични и синтактични норми</h3>
<p>Граматичните грешки често се делят на два вида: неправилно образуване на форми (морфологични) и неправилно свързване на думите в изречението (синтактични)[cite: 4].</p>
<img src="https://source.unsplash.com/featured/?education,grammar-diagram" style="width:100%; border-radius:8px;" />
<h3>Детайлно обяснение на ключови правила</h3>
<ul>
  <li><b>Употреба на пълен и кратък член:</b> Едно от най-предизвикателните правила в българския език[cite: 4]. Пълният член <i>-ът/-ят</i> се използва, когато съществителното е подлог (извършител на действието) или определение на подлога. Краткият член <i>-а/-я</i> се използва във всички останали случаи[cite: 4].</li>
  <li><b>Бройна форма:</b> Съществителните от мъжки род, завършващи на съгласна, приемат бройна форма на <i>-а/-я</i>, когато следват числителни имена или думи за количество като "колко", "толкова" (напр. <i>два стола</i>, но <i>много столове</i>)[cite: 4].</li>
  <li><b>Употреба на местоимения:</b> Правилната употреба на възвратното притежателно местоимение <i>„свой“</i> вместо <i>„негов“</i>, когато се отнася до подлога (напр. <i>Той взе своята чанта</i>).</li>
  <li><b>Съгласуване по род и число:</b> Прилагателните и причастията трябва да съответстват на съществителното, към което се отнасят.</li>
</ul>
<h3>Практически примери и „капани“</h3>
<p>Често се греши при учтивата форма. Когато се обръщаме към някого с <b>„Вие“</b>, миналото причастие на <i>-л</i> трябва да бъде в множествено число (<i>„Вие сте били“</i>), но ако прилагателното име е част от сказуемото, то остава в единствено число според пола на лицето (<i>„Вие сте госпожо, много любезна“</i>).</p>
<p><b>Пример за пълен член:</b><br><i>Пътят (подлог) беше стръмен. Видях пътя (допълнение).</i></p>
<h3>Заключение</h3>
<p>Спазването на граматичната норма е белег за висока езикова култура. Грешките тук често променят смисъла на изречението или издават липса на академична подготовка[cite: 4].</p>', 1, 12, NULL, 'А', 120001, 'Граматична норма: Правила за строеж и свързване на думите', NULL, '2026-04-14T15:32:00Z'),
  (121003, NULL, NULL, '<p><b>Пунктуационната норма</b> представлява система от правила за използване на препинателни знаци. Тя не е просто декорация на текста, а средство за отразяване на неговата синтактична структура и логически акценти[cite: 5]. Правилната пунктуация предотвратява двусмислие и улеснява четенето.</p>
<h3>Увод в пунктуационните принципи</h3>
<p>Българската пунктуация се основава на <b>граматическия принцип</b> – знаците се поставят там, където има граница между синтактични единици (прости изречения в състава на сложното, обособени части, вметнати изрази).</p>
<img src="https://source.unsplash.com/featured/?education,punctuation-syntax" style="width:100%; border-radius:8px;" />
<h3>Детайлно обяснение на основните правила</h3>
<ul>
  <li><b>Запетая в сложното изречение:</b> Основното правило е, че простите изречения в рамките на сложното се отделят със запетая. Тя се поставя пред съюзи като <i>че, който, чийто, защото, ако, понеже</i>[cite: 5].</li>
  <li><b>Правилото за „да“:</b> Пред съюза <i>„да“</i> обикновено НЕ се пише запетая, освен ако не е в повторителна съобщителна връзка или не започва сложно съставно изречение с подчинено определително, което е след обособена част.</li>
  <li><b>Еднородни части:</b> Изброяването на думи с еднаква синтактична функция изисква запетаи, освен ако не са свързани с единични съюзи <i>и, или</i>.</li>
  <li><b>Вметнати думи и изрази:</b> Думи като <i>обаче, наистина, вероятно</i> обикновено не се отделят, но изрази като <i>по мое мнение, от една страна, да кажем</i> се заграждат със запетаи.</li>
  <li><b>Обръщения:</b> Те винаги се отделят със запетаи от останалата част на изречението, независимо от мястото им (напр. <i>Иване, ела тук!</i>).</li>
</ul>
<h3>Практически примери и особености</h3>
<p>Особено внимание изискват <b>сложните съюзи</b> (<i>въпреки че, само дето, при условие че</i>). Запетаята се пише пред целия съюз, а не между неговите части.<br><i>Пример: Той дойде, <b>въпреки че</b> валеше.</i> (Правилно)<br><i>Пример: Той дойде въпреки, че валеше.</i> (Грешно)</p>
<p>Друг критичен момент е запетаята пред <b>„и“</b>. Тя се поставя само ако съюзът се повтаря (<i>и... и...</i>) или ако затваря вметнато изречение/обособена част.</p>
<h3>Заключение</h3>
<p>Владеенето на пунктуацията е тясно свързано с умението да се прави синтактичен анализ. Ако разбирате къде свършва една мисъл и започва друга, запетаите ще „си дойдат на мястото“.</p>', 1, 12, NULL, 'А', 120001, 'Пунктуационна норма: Изкуството на логическото разделяне', NULL, '2026-04-14T15:33:00Z'),
  (121004, NULL, NULL, '<p><b>Интерпретативното съчинение</b> е вид аргументативен текст, в който се представя тълкуване на конкретен литературен проблем, заложен в художествено произведение[cite: 6]. Целта му е не просто да преразкаже съдържанието, а да анализира идеите, посланията и художествените средства на автора.</p>
<h3>Увод в структурата на съчинението</h3>
<p>За да бъде успешно едно съчинение, то трябва да следва строга логическа структура: <b>увод</b>, <b>теза</b>, <b>аргументация</b> (доказателствена част) и <b>заключение</b>.</p>
<img src="https://source.unsplash.com/featured/?education,argument-pyramid" style="width:100%; border-radius:8px;" />
<h3>Основни концепции и стъпки при писане</h3>
<ul>
  <li><b>Увод:</b> Въвежда читателя в епохата, темата или творчеството на автора[cite: 6]. Той трябва да бъде кратък и да подготвя почвата за тезата.</li>
  <li><b>Теза:</b> Най-важната част от съчинението[cite: 6]. Тя е директен отговор на поставения въпрос. Трябва да бъде ясна, стегната и да съдържа основните аспекти, които ще се доказват по-късно.</li>
  <li><b>Аргументация:</b> Изгражда се от няколко микротеми[cite: 6]. Всеки аргумент се състои от:
    <ul>
      <li><i>Твърдение:</i> Вашата подтеза.</li>
      <li><i>Доказателство:</i> Анализ на конкретни епизоди, образи или цитати от текста.</li>
      <li><i>Извод:</i> Препратка обратно към основната теза.</li>
    </ul>
  </li>
  <li><b>Заключение:</b> Обобщава казаното и поставя творбата в по-широк културен или общочовешки контекст[cite: 6].</li>
</ul>
<h3>Детайлно обяснение на анализа</h3>
<p>Един от най-често срещаните капани е подмяната на анализа с преразказ. За да го избегнете, използвайте аналитични изрази като: <i>„авторът внушава“, „символиката на образа разкрива“, „метафората подчертава“</i>. Винаги търсете <b>защо</b> авторът е избрал точно този похват, а не само <b>какво</b> се случва в действието.</p>
<h3>Практически пример: Тема "Родното и чуждото"</h3>
<p>Ако пишем за „Балкански синдром“, в тезата трябва да посочим как Станислав Стратиев интерпретира абсурда в българското битие. В аргументацията ще разгледаме метафората за „терасата“ като междинно пространство и ще я подкрепим с примери за нелогичното поведение на героите.</p>
<h3>Заключение</h3>
<p>Доброто интерпретативно съчинение показва не само познаване на текста, но и способност за самостоятелно мислене и изграждане на логически връзки[cite: 6].</p>', 1, 12, NULL, 'А', 120001, 'Интерпретативно съчинение: Анализ, аргументация и критическо мислене', NULL, '2026-04-14T15:34:00Z'),
  (121005, NULL, NULL, '<p><b>Есето</b> е прозаичен жанр, който съчетава в себе си елементи на научен анализ, публицистика и художествена изразност[cite: 7]. За разлика от интерпретативното съчинение, есето не е тясно обвързано с литературен текст, а дава свобода на автора да разсъждава върху морални, етични, социални или философски въпроси[cite: 7].</p>
<h3>Увод в жанровата специфика</h3>
<p>Основната цел на есето е да убеди читателя в определена позиция чрез логически доводи и емоционално въздействие. Тук субективната гледна точка (личното "Аз") е не само позволена, но и задължителна.</p>
<img src="https://source.unsplash.com/featured/?education,essay-writing" style="width:100%; border-radius:8px;" />
<h3>Структура и компоненти на есето</h3>
<ul>
  <li><b>Увод (Теза на проблема):</b> Поставяне на въпроса по интригуващ начин. Може да започнете с цитат, риторичен въпрос или парадокс[cite: 7].</li>
  <li><b>Теза:</b> Вашата основна позиция. Тя трябва да бъде оригинална и ясно формулирана[cite: 7].</li>
  <li><b>Изложение (Аргументация):</b> Изграждане на верига от доказателства. В есето можете да черпите примери от:
    <ul>
      <li>Личния опит и наблюдения[cite: 7].</li>
      <li>Историята и съвременните събития[cite: 7].</li>
      <li>Филми, книги и произведения на изкуството[cite: 7].</li>
      <li>Научни факти и статистика[cite: 7].</li>
    </ul>
  </li>
  <li><b>Заключение:</b> Синтез на разсъжденията, който оставя читателя с храна за размисъл. То не трябва просто да повтаря тезата, а да я надгражда[cite: 7].</li>
</ul>
<h3>Детайлно обяснение: Как да бъдем убедителни?</h3>
<p>За да бъде есето ви "живо", избягвайте клишетата. Използвайте <b>метафори</b>, <b>антитези</b> и <b>градации</b>. Важно е да предвидите и възможните контрааргументи – признаването на друга гледна точка и нейното аргументирано отхвърляне прави вашата позиция много по-стабилна.</p>
<h3>Практически пример: Тема "Свободата като отговорност"</h3>
<p>В едно такова есе бихте могли да започнете с мисълта на Сартр, че човек е "осъден да бъде свободен". В аргументацията можете да съпоставите свободата на избора с последиците от него в ежедневието (например в социалните мрежи), като завършите с извода, че липсата на ограничения изисква най-висока степен на самоконтрол.</p>
<h3>Заключение</h3>
<p>Есето е огледало на вашата обща култура и способност да свързвате абстрактни идеи с реалния живот. То е най-добрият начин да покажете критическо мислене в рамките на държавните зрелостни изпити.</p>', 1, 12, NULL, 'А', 120001, 'Писане на есе: Свобода на мисълта и силата на аргумента', NULL, '2026-04-14T15:35:00Z');

INSERT INTO "Tests" ("Id", "CreatedByUserId", "LessonId", "Title", "Grade", "Section", "CreatedAt")
VALUES
  (122001, 1, 121001, 'Тест към тема "Правописна норма"', 12, 'А', '2026-04-14T15:36:00Z'),
  (122002, 1, 121002, 'Тест към тема "Граматична норма"', 12, 'А', '2026-04-14T15:37:00Z'),
  (122003, 1, 121003, 'Тест към тема "Пунктуационна норма"', 12, 'А', '2026-04-14T15:38:00Z'),
  (122004, 1, 121004, 'Тест към тема "Писане на интерпретативно съчинение"', 12, 'А', '2026-04-14T15:39:00Z'),
  (122005, 1, 121005, 'Тест към тема "Писане на есе"', 12, 'А', '2026-04-14T15:40:00Z');

INSERT INTO "Questions" ("Id", "Text", "TestId", "CorrectTextAnswer", "ImageUrl", "OrderIndex", "Type")
VALUES
  (123001, 'В коя от думите е допусната правописна грешка?', 122001, NULL, NULL, 1, 'multiple-choice'),
  (123002, 'В коя от формите гласната „я“ НЕ трябва да преминава в „е“?', 122001, NULL, NULL, 2, 'multiple-choice'),
  (123003, 'Коя сложна дума е написана ПРАВИЛНО?', 122001, NULL, NULL, 3, 'multiple-choice'),
  (123004, 'В кой ред има грешка при обеззвучаване на съгласните?', 122001, NULL, NULL, 4, 'multiple-choice'),
  (123005, 'Кое от следните е правилното изписване?', 122001, NULL, NULL, 5, 'multiple-choice'),
  (123006, 'В кое изречение е допусната грешка при членуването?', 122002, NULL, NULL, 1, 'multiple-choice'),
  (123007, 'Коя е правилната бройна форма в изречението?', 122002, NULL, NULL, 2, 'multiple-choice'),
  (123008, 'В кое изречение учтивата форма е използвана ПРАВИЛНО?', 122002, NULL, NULL, 3, 'multiple-choice'),
  (123009, 'Кое местоимение е правилно: "Иван взе ____ книга и излезе"?', 122002, NULL, NULL, 4, 'multiple-choice'),
  (123010, 'Открийте грешката в съгласуването:', 122002, NULL, NULL, 5, 'multiple-choice'),
  (123011, 'В кой от изразите е допусната пунктуационна грешка?', 122003, NULL, NULL, 1, 'multiple-choice'),
  (123012, 'Къде трябва да се постави запетая в изречението: "Вятърът спря и (1) въпреки че (2) беше студено (3) ние излязохме"?', 122003, NULL, NULL, 2, 'multiple-choice'),
  (123013, 'В кое изречение обръщението е пунктуационно оформено правилно?', 122003, NULL, NULL, 3, 'multiple-choice'),
  (123014, 'Пред кой от следните съюзи ВИНАГИ се пише запетая?', 122003, NULL, NULL, 4, 'multiple-choice'),
  (123015, 'В кой ред пунктуацията е напълно изрядна?', 122003, NULL, NULL, 5, 'multiple-choice'),
  (123016, 'Кой елемент на съчинението представлява директен отговор на поставения проблем?', 122004, NULL, NULL, 1, 'multiple-choice'),
  (123017, 'Какво включва микротемата в аргументативната част?', 122004, NULL, NULL, 2, 'multiple-choice'),
  (123018, 'Коя е най-честата грешка при писане на интерпретативно съчинение?', 122004, NULL, NULL, 3, 'multiple-choice'),
  (123019, 'Къде е най-подходящо да се постави цитат?', 122004, NULL, NULL, 4, 'multiple-choice'),
  (123020, 'Каква е основната функция на увода?', 122004, NULL, NULL, 5, 'multiple-choice'),
  (123021, 'Коя е основната разлика между есето и интерпретативното съчинение?', 122005, NULL, NULL, 1, 'multiple-choice'),
  (123022, 'Кой от изброените източници е подходящ за аргументация в есе?', 122005, NULL, NULL, 2, 'multiple-choice'),
  (123023, 'Какво представлява "антитезата" в контекста на есето?', 122005, NULL, NULL, 3, 'multiple-choice'),
  (123024, 'Какъв трябва да бъде езикът на есето?', 122005, NULL, NULL, 4, 'multiple-choice'),
  (123025, 'Къде е най-подходящо да се изрази личната позиция на автора?', 122005, NULL, NULL, 5, 'multiple-choice');

INSERT INTO "Answers" ("Id", "Text", "IsCorrect", "QuestionId", "OrderIndex")
VALUES
  (124001, 'сграда', 0, 123001, 1),
  (124002, 'зглобка', 1, 123001, 2),
  (124003, 'изпит', 0, 123001, 3),
  (124004, 'отговор', 0, 123001, 4),
  (124005, 'мляко - мл..чен', 0, 123002, 1),
  (124006, 'бял - б..лина', 0, 123002, 2),
  (124007, 'сняг - сн..гът', 1, 123002, 3),
  (124008, 'хляб - хл..бче', 0, 123002, 4),
  (124009, 'научно-популярен', 0, 123003, 1),
  (124010, 'кандидат студент', 0, 123003, 2),
  (124011, 'заместник-министър', 1, 123003, 3),
  (124012, 'аудиовизуален', 0, 123003, 4),
  (124013, 'орис', 0, 123004, 1),
  (124014, 'ориз', 0, 123004, 2),
  (124015, 'обрас', 1, 123004, 3),
  (124016, 'образ', 0, 123004, 4),
  (124017, 'подтискам', 0, 123005, 1),
  (124018, 'потискам', 1, 123005, 2),
  (124019, 'потттискам', 0, 123005, 3),
  (124020, 'поттискам', 0, 123005, 4),

  (124021, 'Директорът подписа заповедта.', 0, 123006, 1),
  (124022, 'Вчера видях учителя по история.', 0, 123006, 2),
  (124023, 'Градът беше озарен от слънцето.', 0, 123006, 3),
  (124024, 'Вестникът беше оставен на столът.', 1, 123006, 4),
  (124025, 'В стаята имаше петима ученици.', 0, 123007, 1),
  (124026, 'В стаята имаше пет ученика.', 0, 123007, 2),
  (124027, 'В магазина видях трима стола.', 0, 123007, 3),
  (124028, 'Купих два компютъра.', 1, 123007, 4),
  (124029, 'Господине, Вие сте много зает.', 1, 123008, 1),
  (124030, 'Господине, Вие сте много заети.', 0, 123008, 2),
  (124031, 'Госпожо, Вие сте била тук.', 0, 123008, 3),
  (124032, 'Господине, Вие сте дошъл навреме.', 0, 123008, 4),
  (124033, 'неговата', 0, 123009, 1),
  (124034, 'нейната', 0, 123009, 2),
  (124035, 'своята', 1, 123009, 3),
  (124036, 'тяхната', 0, 123009, 4),
  (124037, 'Силно вятър духаше навън.', 0, 123010, 1),
  (124038, 'Силни ветрове духаха навън.', 0, 123010, 2),
  (124039, 'Силен вятър духаше навън.', 0, 123010, 3),
  (124040, 'Силното вятър духаше навън.', 1, 123010, 4),

  (124041, 'Той каза, че ще закъснее.', 0, 123011, 1),
  (124042, 'Купих ябълки, круши и сливи.', 0, 123011, 2),
  (124043, 'Не знам, дали ще дойда.', 1, 123011, 3),
  (124044, 'Моля те, мамо, помогни ми.', 0, 123011, 4),
  (124045, 'само на (1) и (3)', 1, 123012, 1),
  (124046, 'само на (2)', 0, 123012, 2),
  (124047, 'на (1), (2) и (3)', 0, 123012, 3),
  (124048, 'само на (1)', 0, 123012, 4),
  (124049, 'Ела тук приятелю мой.', 0, 123013, 1),
  (124050, 'Ела тук, приятелю мой!', 1, 123013, 2),
  (124051, 'Ела, тук приятелю мой.', 0, 123013, 3),
  (124052, 'Ела тук приятелю, мой.', 0, 123013, 4),
  (124053, 'и', 0, 123014, 1),
  (124054, 'или', 0, 123014, 2),
  (124055, 'че', 1, 123014, 3),
  (124056, 'да', 0, 123014, 4),
  (124057, 'Ученикът, който реши задачата получи шестица.', 0, 123015, 1),
  (124058, 'Ученикът който реши задачата, получи шестица.', 0, 123015, 2),
  (124059, 'Ученикът, който реши задачата, получи шестица.', 1, 123015, 3),
  (124060, 'Ученикът който реши задачата получи шестица.', 0, 123015, 4),

  (124061, 'Уводът', 0, 123016, 1),
  (124062, 'Аргументацията', 0, 123016, 2),
  (124063, 'Тезата', 1, 123016, 3),
  (124064, 'Заключението', 0, 123016, 4),
  (124065, 'Само цитати от произведението', 0, 123017, 1),
  (124066, 'Твърдение, доказателство и извод', 1, 123017, 2),
  (124067, 'Биография на автора', 0, 123017, 3),
  (124068, 'Резюме на целия сюжет', 0, 123017, 4),
  (124069, 'Използването на твърде много метафори', 0, 123018, 1),
  (124070, 'Подмяната на анализа с преразказ', 1, 123018, 2),
  (124071, 'Писането на твърде дълго заключение', 0, 123018, 3),
  (124072, 'Липсата на заглавие', 0, 123018, 4),
  (124073, 'Само в увода', 0, 123019, 1),
  (124074, 'В тезата, за да бъде по-дълга', 0, 123019, 2),
  (124075, 'В доказателствената част към аргументите', 1, 123019, 3),
  (124076, 'Само в заключението', 0, 123019, 4),
  (124077, 'Да даде оценка на произведението', 0, 123020, 1),
  (124078, 'Да преразкаже първа глава', 0, 123020, 2),
  (124079, 'Да въведе темата и да подготви прехода към тезата', 1, 123020, 3),
  (124080, 'Да изброи всички герои', 0, 123020, 4),

  (124081, 'Есето е по-дълго.', 0, 123021, 1),
  (124082, 'Есето позволява субективна интерпретация на житейски проблеми, а не само на литературен текст.', 1, 123021, 2),
  (124083, 'В есето не се използват аргументи.', 0, 123021, 3),
  (124084, 'Есето няма структура.', 0, 123021, 4),
  (124085, 'Исторически събития', 0, 123022, 1),
  (124086, 'Личен опит', 0, 123022, 2),
  (124087, 'Гледани филми и прочетени книги', 0, 123022, 3),
  (124088, 'Всички изброени', 1, 123022, 4),
  (124089, 'Описание на главния герой', 0, 123023, 1),
  (124090, 'Противопоставяне на идеи за постигане на по-голяма убедителност', 1, 123023, 2),
  (124091, 'Заключителната част на текста', 0, 123023, 3),
  (124092, 'Списък с използвана литература', 0, 123023, 4),
  (124093, 'Строго научен и сух', 0, 123024, 1),
  (124094, 'Богат, експресивен и убедителен', 1, 123024, 2),
  (124095, 'Изцяло разговорен и жаргонен', 0, 123024, 3),
  (124096, 'Само с кратки и прости изречения', 0, 123024, 4),
  (124097, 'Само в заглавието', 0, 123025, 1),
  (124098, 'В тезата и през цялото изложение', 1, 123025, 2),
  (124099, 'Само в първото изречение', 0, 123025, 3),
  (124100, 'В есето не се изразява лична позиция', 0, 123025, 4);

COMMIT;
