BEGIN TRANSACTION;

-- Assumptions:
-- 1. Lessons 11-13 continue the Informatics track and are mapped to Grade 8, SubjectId 120005.
-- 2. Lessons 14-15 introduce Chemistry content and are mapped to Grade 8.
-- 3. Chemistry does not exist in the previous seed files, so a new subject is inserted starting from 120010.
-- 4. Section is 'А' and CreatedByUserId = 1 (seeded admin).
-- 5. IDs start from the ranges provided by the user to avoid overlap with previous scripts.

INSERT INTO "Subjects" ("Id", "CreatedByUserId", "Description", "Name", "Grade", "Section", "CreatedAt")
VALUES
  (120010, 1, 'Въведение в химията с фокус върху строежа на атома, периодичната система и химичните връзки.', 'Химия', 8, 'А', '2026-04-14T17:00:00Z');

INSERT INTO "Lessons" ("Id", "AttachmentName", "AttachmentUrl", "Content", "CreatedByUserId", "Grade", "ImageUrl", "Section", "SubjectId", "Title", "YoutubeUrl", "CreatedAt")
VALUES
  (121011, NULL, NULL, '<h2>Контролни структури: Силата на повторението чрез цикли</h2>
<p>В програмирането често се налага една и съща последователност от команди да бъде изпълнена многократно. Вместо да преписваме кода десетки пъти, използваме <b>цикли</b>. Те ни позволяват да обработваме големи обеми от данни с минимален брой редове код.</p>
<h3>Увод в цикличните процеси</h3>
<p>Цикълът е конструкция, която повтаря блок от код, докато е изпълнено определено условие. Всеки цикъл се състои от три основни елемента: инициализация (начално състояние), условие за край и стъпка на промяна.</p>
<img src="https://source.unsplash.com/featured/?education,Блок-схема на цикъл, показваща проверката на условието и тялото на цикъла" style="width:100%; border-radius:8px; margin: 10px 0;" />
<h3>Основни концепции: Цикъл с брояч (for)</h3>
<p>Цикълът <b>for</b> се използва най-често, когато знаем предварително колко пъти искаме да се изпълни дадено действие. Той е компактен и подрежда всички управляващи елементи на един ред.</p>
<pre><code>
// Пример на C#: Изписване на числата от 1 до 5
for (int i = 1; i &lt;= 5; i++) 
{
    Console.WriteLine("Числото е: " + i);
}
</code></pre>
<p>Тук <code>int i = 1</code> е инициализацията, <code>i &lt;= 5</code> е условието, а <code>i++</code> е стъпката (увеличаване с 1).</p>
<h3>Детайлно обяснение: Цикъл с условие (while)</h3>
<p>Цикълът <b>while</b> се използва, когато броят на повторенията не е известен предварително и зависи от някакво динамично условие (например четене на данни, докато се достигне края на файл или въвеждане на парола до успех).</p>
<pre><code>
// Пример на Java: Цикъл, който работи, докато условието е вярно
int energy = 3;
while (energy &gt; 0) 
{
    System.out.println("Роботът работи...");
    energy--; // Намаляваме енергията
}
System.out.println("Енергията свърши.");
</code></pre>
<h3>Разлики и "Безкраен цикъл"</h3>
<p>Основната разлика е в начина на управление. При <b>for</b> фокусът е върху итерацията, а при <b>while</b> – върху логическото условие.<br><b>Критична опасност:</b> Ако условието на цикъла никога не стане "лъжа" (false), се получава <i>безкраен цикъл</i>, който може да доведе до забиване на програмата.</p>
<h3>Практически примери и приложения</h3>
<ul>
  <li><b>Обработка на масиви:</b> Преминаване през списък с потребители, за да се открие конкретно име.</li>
  <li><b>Гейм дизайн:</b> Главният цикъл на играта (Game Loop), който опреснява екрана 60 пъти в секунда.</li>
  <li><b>Сензори:</b> Проверка на температурата на всеки 10 минути.</li>
</ul>
<h3>Заключение</h3>
<p>Циклите са двигателят на софтуера. Умението да избираш правилния тип цикъл (for или while) е разликата между чистия, оптимизиран код и тромавото решение.</p>', 1, 8, NULL, 'А', 120005, 'Контролни структури: Силата на повторението чрез цикли', NULL, '2026-04-14T17:01:00Z'),
  (121012, NULL, NULL, '<h2>Масиви и списъци: Организиране на големи обеми от данни</h2>
<p>В програмирането често се налага да съхраняваме не една, а стотици или хиляди свързани стойности (например имената на всички ученици в един клас или цените на продуктите в онлайн магазин). Вместо да създаваме отделна променлива за всяка стойност, използваме <b>структури от данни</b> като масиви и списъци.</p>
<h3>Увод в линейните структури от данни</h3>
<p><b>Масивът (Array)</b> е поредица от елементи от един и същи тип, разположени в последователни клетки в паметта. Всеки елемент има свой уникален номер, наречен <b>индекс</b>. Важно правило: в почти всички езици за програмиране индексирането започва от <b>0</b>.</p>
<img src="https://source.unsplash.com/featured/?education,Визуализация на масив с индекси от 0 до n-1 и съдържащите се в тях стойности" style="width:100%; border-radius:8px; margin: 10px 0;" />
<h3>Основни концепции: Статични масиви vs. Динамични списъци</h3>
<ul>
  <li><b>Статичен масив:</b> Размерът му се определя при създаването и не може да се променя по-късно. Той е изключително бърз за достъп, но негъвкав.</li>
  <li><b>Списък (List):</b> Динамична структура, която може да расте или да се свива според нуждите на програмата. В езици като C# и Java се използват класове като <code>List&lt;T&gt;</code> или <code>ArrayList</code>.</li>
</ul>
<h3>Детайлно обяснение: Работа с индекси и обхождане</h3>
<p>За да достъпим конкретен елемент, използваме неговия индекс в квадратни скоби: <code>numbers[2]</code>. За да преминем през всички елементи (обхождане), най-често използваме цикъл <b>for</b>.</p>
<pre><code>
// Пример на C#: Работа с масив
int[] grades = { 6, 5, 4, 6, 2 };

// Достъп до първия елемент
Console.WriteLine(grades[0]); // Изписва 6

// Промяна на стойност
grades[4] = 3; // Променяме двойката на тройка

// Обхождане и намиране на сумата
int sum = 0;
for (int i = 0; i &lt; grades.Length; i++)
{
    sum += grades[i];
}
</code></pre>
<h3>Практически примери и операции</h3>
<p>Най-честите операции, които извършваме с масиви и списъци, са:</p>
<ul>
  <li><b>Търсене:</b> Проверка дали даден елемент съществува в списъка.</li>
  <li><b>Сортиране:</b> Подреждане на елементите по големина или по азбучен ред.</li>
  <li><b>Филтриране:</b> Извличане само на тези елементи, които отговарят на условие (напр. всички отлични оценки).</li>
</ul>
<img src="https://source.unsplash.com/featured/?education,Схема на вмъкване на елемент в средата на динамичен списък" style="width:100%; border-radius:8px; margin: 10px 0;" />
<h3>Заключение</h3>
<p>Изборът между масив и списък зависи от конкретната задача. Ако знаете точния брой елементи предварително, масивът е по-ефективен. Ако обаче добавяте и премахвате данни постоянно, списъкът е вашият най-добър приятел.</p>', 1, 8, NULL, 'А', 120005, 'Масиви и списъци: Организиране на големи обеми от данни', NULL, '2026-04-14T17:02:00Z'),
  (121013, NULL, NULL, '<h2>Обектно-ориентирано програмиране (ООП): Моделиране на реалния свят</h2>
<p><b>Обектно-ориентираното програмиране</b> е подход, при който програмата се разглежда като съвкупност от взаимодействащи си обекти. Вместо просто да пишем поредица от инструкции, ние създаваме модели на реални обекти (като кола, потребител или банкова сметка), които имат свои характеристики и поведение.</p>
<h3>Увод в концепцията: Клас срещу Обект</h3>
<p>Най-лесният начин да разберем ООП е чрез аналогията с архитектурен план. <b>Класът</b> е чертежът (шаблонът), а <b>обектът</b> е реалната сграда, построена по този чертеж. От един клас можем да създадем безброй обекти (инстанции).</p>
<img src="https://source.unsplash.com/featured/?education,Диаграма, показваща клас Car с полета като цвят и марка, и няколко обекта Car с различни стойности" style="width:100%; border-radius:8px; margin: 10px 0;" />
<h3>Основни концепции: Полета, Свойства и Методи</h3>
<p>Всеки клас притежава два основни компонента:</p>
<ul>
  <li><b>Състояние (Полета/Атрибути):</b> Това са данните, които обектът пази (напр. <i>име, възраст, цена</i>).</li>
  <li><b>Поведение (Методи):</b> Това са функциите, които обектът може да изпълнява (напр. <i>движение(), изчисляване_на_отстъпка(), принтиране()</i>).</li>
</ul>
<h3>Детайлно обяснение: Основните принципи на ООП</h3>
<p>ООП се гради върху четири "стълба", които правят кода чист и лесен за поддръжка:</p>
<ol>
  <li><b>Енкапсулация:</b> Скриване на вътрешните данни на обекта и осигуряване на достъп до тях само чрез публични методи. Това предпазва данните от неволно повреждане.</li>
  <li><b>Наследяване:</b> Възможността един клас да наследи характеристиките на друг (напр. клас "Студент" наследява "Човек").</li>
  <li><b>Абстракция:</b> Фокусиране върху съществените характеристики и скриване на сложните детайли.</li>
  <li><b>Полиморфизъм:</b> Способността на различни обекти да реагират на едно и също действие по свой собствен начин.</li>
</ol>
<h3>Практически пример с код</h3>
<p>Ето как би изглеждал прост клас на езика C# за моделиране на ученик:</p>
<pre><code>
class Student 
{
    // Полета (Данни)
    public string Name;
    public double Grade;

    // Метод (Поведение)
    public void Introduce() 
    {
        Console.WriteLine("Здравейте, аз съм " + Name + " и имам оценка " + Grade);
    }
}

// Използване в главната програма:
Student s1 = new Student();
s1.Name = "Мария";
s1.Grade = 6.00;
s1.Introduce();
</code></pre>
<h3>Заключение</h3>
<p>ООП промени начина, по който се създава софтуер, като позволи на програмистите да мислят за кода като за модулни части, които лесно могат да се преизползват и разширяват. Това е основата за създаването на всяко модерно мобилно приложение или видеоигра.</p>', 1, 8, NULL, 'А', 120005, 'Обектно-ориентирано програмиране (ООП): Моделиране на реалния свят', NULL, '2026-04-14T17:03:00Z'),
  (121014, NULL, NULL, '<h2>Периодична система и строеж на атома: Архитектурата на микросвета</h2>
<p>Всичко около нас — от въздуха, който дишаме, до екрана, на който четете това — е изградено от атоми. Разбирането на <b>строежа на атома</b> и логиката на <b>Периодичната система</b> ни позволява да предвиждаме как се държат веществата и какви свойства притежават.</p>
<h3>Увод в атомната структура</h3>
<p>Атомът е най-малката частица на един химичен елемент, която запазва неговите свойства. Той се състои от две основни части: централно разположено <b>атомно ядро</b> и <b>електронна обвивка</b>, която го обгражда.</p>
<img src="https://source.unsplash.com/featured/?education,Диаграма на модела на Бор за атома – ядро с протони и неутрони, и електрони на орбитали" style="width:100%; border-radius:8px; margin: 10px 0;" />
<h3>Основни концепции: Елементарни частици</h3>
<ul>
  <li><b>Протони (p+):</b> Положително заредени частици в ядрото. Техният брой определя <i>атомния номер (Z)</i> на елемента.</li>
  <li><b>Неутрони (n0):</b> Електронеутрални частици в ядрото. Сборът от протони и неутрони определя <i>масовото число (A)</i>.</li>
  <li><b>Електрони (e-):</b> Отрицателно заредени частици, които се движат около ядрото в електронната обвивка. В електронеутралния атом техният брой е равен на броя на протоните.</li>
</ul>
<h3>Периодичната система на елементите (ПСЕ)</h3>
<p>Дмитрий Менделеев открива, че свойствата на елементите са в периодична зависимост от техния атомен номер. ПСЕ е организирана в:</p>
<ul>
  <li><b>Периоди (хоризонтални редове):</b> Номерът на периода показва броя на електронните слоеве в атома.</li>
  <li><b>Групи (вертикални колони):</b> За елементите от главните групи (A групите), номерът на групата съответства на броя на електроните в най-външния слой (валентни електрони).</li>
</ul>
<img src="https://source.unsplash.com/featured/?education,Периодична таблица с цветно означение на метали, неметали и благородни газове" style="width:100%; border-radius:8px; margin: 10px 0;" />
<h3>Детайлно обяснение: Електронна обвивка и химична активност</h3>
<p>Химичните свойства на елементите се определят главно от броя на <b>валентните електрони</b>. Атомите се стремят да достигнат стабилна електронна конфигурация (обикновено 8 електрона във външния слой, подобно на благородните газове). Това е движещата сила зад химичните реакции — атомите отдават, приемат или споделят електрони.</p>
<p><b>Периодични закономерности:</b><br>- В групите (отгоре надолу) металният характер се засилва.<br>- В периодите (от ляво на дясно) неметалният характер се засилва.</p>
<h3>Практически пример</h3>
<p>Нека разгледаме елемента <b>Натрий (Na)</b>. Той е в 3-ти период и 1-ва група. Това означава, че има 3 електронни слоя и 1 валентен електрон. Понеже има само един електрон във външния си слой, той лесно го отдава, което го прави изключително активен метал.</p>
<h3>Заключение</h3>
<p>Периодичната система не е просто таблица, а карта на химичния свят. Всеки елемент има точно определено място, което разказва неговата история — колко е активен, с кого може да се свързва и какво е неговото приложение.</p>', 1, 8, NULL, 'А', 120010, 'Периодична система и строеж на атома: Архитектурата на микросвета', NULL, '2026-04-14T17:04:00Z'),
  (121015, NULL, NULL, '<h2>Химични връзки: Силите, които държат света цял</h2>
<p>В природата рядко срещаме изолирани атоми (с изключение на благородните газове). Повечето атоми са нестабилни сами по себе си и се стремят да се свържат с други атоми, за да достигнат състояние с минимална енергия и стабилна електронна конфигурация. Този процес на взаимодействие наричаме <b>химично свързване</b>.</p>
<h3>Увод в концепцията за стабилност</h3>
<p>Основният стремеж на атомите е да запълнят външния си електронен слой с 8 електрона (октетна конфигурация). За да постигнат това, те могат да отдават, приемат или споделят електрони, което определя вида на връзката между тях.</p>
<img src="https://source.unsplash.com/featured/?education,Схема на октетното правило – сравнение между нестабилен атом и стабилна конфигурация" style="width:100%; border-radius:8px; margin: 10px 0;" />
<h3>1. Йонна връзка: Пълно отдаване и приемане</h3>
<p><b>Йонната връзка</b> се образува между атоми с голяма разлика в електроотрицателността (обикновено между типичен метал и типичен неметал). Металът отдава своите валентни електрони и се превръща в позитивен йон (катион), а неметалът ги приема и става негативен йон (анион). Противоположните заряди се привличат от мощни електростатични сили.</p>
<ul>
  <li><b>Свойства:</b> Веществата с йонна връзка са твърди, крехки, имат високи температури на топене и провеждат ток в разтвор или стопилка.</li>
  <li><b>Пример:</b> Готварска сол (NaCl).</li>
</ul>
<h3>2. Ковалентна връзка: Споделяне на електрони</h3>
<p>Тази връзка се образува предимно между неметали. Тук атомите не си "крадат" електрони, а образуват <b>общи електронни двойки</b>.</p>
<ul>
  <li><b>Ковалентна неполярна:</b> Образува се между еднакви атоми (напр. H2, O2, N2). Електронната плътност е разпределена симетрично.</li>
  <li><b>Ковалентна полярна:</b> Образува се между различни неметали (напр. HCl, H2O). Единият атом привлича общата двойка по-силно, създавайки частични заряди (дипол).</li>
</ul>
<img src="https://source.unsplash.com/featured/?education,Сравнение между полярна и неполярна ковалентна връзка чрез разпределение на електронния облак" style="width:100%; border-radius:8px; margin: 10px 0;" />
<h3>3. Метална връзка: "Море" от електрони</h3>
<p>Характерна е за металите в твърдо и течно състояние. Металните атоми отдават валентните си електрони, които стават "обобщени" и се движат свободно между останалите в кристала позитивни йони. Това <b>"електронно море"</b> е причината за високата електропроводимост и пластичност на металите.</p>
<h3>Детайлно обяснение: Електроотрицателност</h3>
<p>Електроотрицателността е способността на атома да привлича електрони. Ако разликата (Δχ) е над 1.7, връзката се счита за йонна. Ако е между 0.4 и 1.7 – ковалентна полярна, а под 0.4 – ковалентна неполярна.</p>
<h3>Заключение</h3>
<p>Видът на химичната връзка определя физичните и химичните свойства на материалите. Без тези взаимодействия материята би била просто хаос от несвързани частици.</p>', 1, 8, NULL, 'А', 120010, 'Химични връзки: Силите, които държат света цял', NULL, '2026-04-14T17:05:00Z');

INSERT INTO "Tests" ("Id", "CreatedByUserId", "LessonId", "Title", "Grade", "Section", "CreatedAt")
VALUES
  (122011, 1, 121011, 'Тест към тема "Контролни структури: Цикли"', 8, 'А', '2026-04-14T17:06:00Z'),
  (122012, 1, 121012, 'Тест към тема "Масиви и списъци"', 8, 'А', '2026-04-14T17:07:00Z'),
  (122013, 1, 121013, 'Тест към тема "Обектно-ориентирано програмиране"', 8, 'А', '2026-04-14T17:08:00Z'),
  (122014, 1, 121014, 'Тест към тема "Периодична система и строеж на атома"', 8, 'А', '2026-04-14T17:09:00Z'),
  (122015, 1, 121015, 'Тест към тема "Химични връзки"', 8, 'А', '2026-04-14T17:10:00Z');

INSERT INTO "Questions" ("Id", "Text", "TestId", "CorrectTextAnswer", "ImageUrl", "OrderIndex", "Type")
VALUES
  (123051, 'Кой цикъл е най-подходящ, ако знаем, че трябва да извършим действие точно 100 пъти?', 122011, NULL, NULL, 1, 'multiple-choice'),
  (123052, 'Какво ще се случи, ако условието в ''while'' винаги е true?', 122011, NULL, NULL, 2, 'multiple-choice'),
  (123053, 'Какво означава ''i++'' в оператора ''for''?', 122011, NULL, NULL, 3, 'multiple-choice'),
  (123054, 'Коя част от цикъла ''for'' се изпълнява само веднъж в самото начало?', 122011, NULL, NULL, 4, 'multiple-choice'),
  (123055, 'Колко пъти ще се изпълни цикълът: for(int i=0; i<3; i++)?', 122011, NULL, NULL, 5, 'multiple-choice'),
  (123056, 'Какъв е индексът на първия елемент в масив с 10 елемента?', 122012, NULL, NULL, 1, 'multiple-choice'),
  (123057, 'Кое е основното предимство на списъка (List) пред масива?', 122012, NULL, NULL, 2, 'multiple-choice'),
  (123058, 'Какво ще се случи, ако се опитате да достъпите индекс 5 в масив с дължина 5?', 122012, NULL, NULL, 3, 'multiple-choice'),
  (123059, 'Кой цикъл е най-удобен за обхождане на всички елементи в масив?', 122012, NULL, NULL, 4, 'multiple-choice'),
  (123060, 'Как се дефинира празен масив от цели числа с 3 елемента в C#?', 122012, NULL, NULL, 5, 'multiple-choice'),
  (123061, 'Какво представлява "Класът" в ООП?', 122013, NULL, NULL, 1, 'multiple-choice'),
  (123062, 'Кой принцип на ООП се използва за скриване на вътрешната имплементация?', 122013, NULL, NULL, 2, 'multiple-choice'),
  (123063, 'Как се наричат функциите, дефинирани вътре в класа?', 122013, NULL, NULL, 3, 'multiple-choice'),
  (123064, 'Ако клас "Куче" произлиза от клас "Животно", какъв процес наблюдаваме?', 122013, NULL, NULL, 4, 'multiple-choice'),
  (123065, 'Какво създаваме чрез ключовата дума ''new'' (в езици като Java/C#)?', 122013, NULL, NULL, 5, 'multiple-choice'),
  (123066, 'Коя частица определя химичния елемент (атомния номер)?', 122014, NULL, NULL, 1, 'multiple-choice'),
  (123067, 'Какво показва номерът на периода в Периодичната система?', 122014, NULL, NULL, 2, 'multiple-choice'),
  (123068, 'Колко валентни електрона има елемент от VII A група (халогенна група)?', 122014, NULL, NULL, 3, 'multiple-choice'),
  (123069, 'Атомът на елемент с 11 протона и 12 неутрона има масово число:', 122014, NULL, NULL, 4, 'multiple-choice'),
  (123070, 'Къде в периодичната система се намират най-силните неметали?', 122014, NULL, NULL, 5, 'multiple-choice'),
  (123071, 'Какъв вид е връзката в молекулата на кислорода (O2)?', 122015, NULL, NULL, 1, 'multiple-choice'),
  (123072, 'Кое свойство е характерно за йонните съединения?', 122015, NULL, NULL, 2, 'multiple-choice'),
  (123073, 'При коя връзка се образува "електронно море"?', 122015, NULL, NULL, 3, 'multiple-choice'),
  (123074, 'В молекулата на водата (H2O) връзката е:', 122015, NULL, NULL, 4, 'multiple-choice'),
  (123075, 'Какво се случва с електроните при образуване на йонна връзка?', 122015, NULL, NULL, 5, 'multiple-choice');

INSERT INTO "Answers" ("Id", "Text", "IsCorrect", "QuestionId", "OrderIndex")
VALUES
  (124201, 'while', 0, 123051, 1),
  (124202, 'do-while', 0, 123051, 2),
  (124203, 'for', 1, 123051, 3),
  (124204, 'if-else', 0, 123051, 4),
  (124205, 'Програмата ще даде грешка при компилация.', 0, 123052, 1),
  (124206, 'Цикълът ще се изпълни само веднъж.', 0, 123052, 2),
  (124207, 'Програмата ще влезе в безкраен цикъл.', 1, 123052, 3),
  (124208, 'Нищо не се случва.', 0, 123052, 4),
  (124209, 'Намаляване на i с 1', 0, 123053, 1),
  (124210, 'Увеличаване на i с 1', 1, 123053, 2),
  (124211, 'Квадрат на i', 0, 123053, 3),
  (124212, 'Проверка дали i е равно на 1', 0, 123053, 4),
  (124213, 'Условието', 0, 123054, 1),
  (124214, 'Тялото на цикъла', 0, 123054, 2),
  (124215, 'Стъпката', 0, 123054, 3),
  (124216, 'Инициализацията', 1, 123054, 4),
  (124217, '2 пъти', 0, 123055, 1),
  (124218, '3 пъти', 1, 123055, 2),
  (124219, '4 пъти', 0, 123055, 3),
  (124220, 'Нито веднъж', 0, 123055, 4),

  (124221, '1', 0, 123056, 1),
  (124222, '0', 1, 123056, 2),
  (124223, '-1', 0, 123056, 3),
  (124224, '10', 0, 123056, 4),
  (124225, 'Заема по-малко памет.', 0, 123057, 1),
  (124226, 'Елементите му са по-бързи за достъп.', 0, 123057, 2),
  (124227, 'Може да променя размера си динамично.', 1, 123057, 3),
  (124228, 'Не изисква тип на данните.', 0, 123057, 4),
  (124229, 'Ще получите първия елемент.', 0, 123058, 1),
  (124230, 'Ще получите последния елемент.', 0, 123058, 2),
  (124231, 'Програмата ще хвърли грешка (Index Out of Range).', 1, 123058, 3),
  (124232, 'Ще се върне стойност 0.', 0, 123058, 4),
  (124233, 'if-else', 0, 123059, 1),
  (124234, 'switch-case', 0, 123059, 2),
  (124235, 'for или foreach', 1, 123059, 3),
  (124236, 'break', 0, 123059, 4),
  (124237, 'int arr = new int(3);', 0, 123060, 1),
  (124238, 'array[3] int;', 0, 123060, 2),
  (124239, 'int[] arr = new int[3];', 1, 123060, 3),
  (124240, 'list int[3];', 0, 123060, 4),

  (124241, 'Конкретна променлива с данни', 0, 123061, 1),
  (124242, 'Шаблон или чертеж за създаване на обекти', 1, 123061, 2),
  (124243, 'Специален цикъл в програмата', 0, 123061, 3),
  (124244, 'Вид масив', 0, 123061, 4),
  (124245, 'Полиморфизъм', 0, 123062, 1),
  (124246, 'Наследяване', 0, 123062, 2),
  (124247, 'Енкапсулация', 1, 123062, 3),
  (124248, 'Инициализация', 0, 123062, 4),
  (124249, 'Полета', 0, 123063, 1),
  (124250, 'Променливи', 0, 123063, 2),
  (124251, 'Методи', 1, 123063, 3),
  (124252, 'Свойства', 0, 123063, 4),
  (124253, 'Абстракция', 0, 123064, 1),
  (124254, 'Наследяване', 1, 123064, 2),
  (124255, 'Компилация', 0, 123064, 3),
  (124256, 'Дефиниция', 0, 123064, 4),
  (124257, 'Нов клас', 0, 123065, 1),
  (124258, 'Нов метод', 0, 123065, 2),
  (124259, 'Нов обект (инстанция на клас)', 1, 123065, 3),
  (124260, 'Нов тип данни', 0, 123065, 4),

  (124261, 'Електронът', 0, 123066, 1),
  (124262, 'Неутронът', 0, 123066, 2),
  (124263, 'Протонът', 1, 123066, 3),
  (124264, 'Позитронът', 0, 123066, 4),
  (124265, 'Броя на валентните електрони', 0, 123067, 1),
  (124266, 'Броя на електронните слоеве', 1, 123067, 2),
  (124267, 'Броя на неутроните в ядрото', 0, 123067, 3),
  (124268, 'Масата на атома', 0, 123067, 4),
  (124269, '1', 0, 123068, 1),
  (124270, '7', 1, 123068, 2),
  (124271, '8', 0, 123068, 3),
  (124272, '17', 0, 123068, 4),
  (124273, '11', 0, 123069, 1),
  (124274, '12', 0, 123069, 2),
  (124275, '23', 1, 123069, 3),
  (124276, '1', 0, 123069, 4),
  (124277, 'Долу вляво', 0, 123070, 1),
  (124278, 'Горе вдясно (преди благородните газове)', 1, 123070, 2),
  (124279, 'В средата на таблицата', 0, 123070, 3),
  (124280, 'В първата група', 0, 123070, 4),

  (124281, 'Йонна', 0, 123071, 1),
  (124282, 'Ковалентна полярна', 0, 123071, 2),
  (124283, 'Ковалентна неполярна', 1, 123071, 3),
  (124284, 'Метална', 0, 123071, 4),
  (124285, 'Ниска температура на топене', 0, 123072, 1),
  (124286, 'Провеждат електричество в твърдо състояние', 0, 123072, 2),
  (124287, 'Образуват кристални решетки', 1, 123072, 3),
  (124288, 'Винаги са газове при стайна температура', 0, 123072, 4),
  (124289, 'Ковалентна', 0, 123073, 1),
  (124290, 'Метална', 1, 123073, 2),
  (124291, 'Йонна', 0, 123073, 3),
  (124292, 'Водородна', 0, 123073, 4),
  (124293, 'Ковалентна неполярна', 0, 123074, 1),
  (124294, 'Йонна', 0, 123074, 2),
  (124295, 'Ковалентна полярна', 1, 123074, 3),
  (124296, 'Метална', 0, 123074, 4),
  (124297, 'Споделят се поравно', 0, 123075, 1),
  (124298, 'Движат се свободно из целия обем', 0, 123075, 2),
  (124299, 'Прехвърлят се от един атом към друг', 1, 123075, 3),
  (124300, 'Изчезват', 0, 123075, 4);

COMMIT;
