BEGIN TRANSACTION;

-- Assumptions:
-- 1. Lessons 36-39 are part of the Citizenship Education cycle and are mapped to Grade 11.
-- 2. Lesson 40 begins the English language cycle and is mapped to Grade 9.
-- 3. Subjects continue from the user-provided range: 120016 for Citizenship Education and 120017 for English.
-- 4. Section is 'А' and CreatedByUserId = 1.

INSERT INTO "Subjects" ("Id", "CreatedByUserId", "Description", "Name", "Grade", "Section", "CreatedAt")
VALUES
  (120016, 1, 'Подготовка по гражданско образование с акцент върху институции, права, международни съюзи и глобални предизвикателства.', 'Гражданско образование', 11, 'А', '2026-04-14T18:05:00Z'),
  (120017, 1, 'Подготовка по английски език с акцент върху граматика, времена и практическа комуникация.', 'Английски език', 9, 'А', '2026-04-14T18:06:00Z');

INSERT INTO "Lessons" ("Id", "AttachmentName", "AttachmentUrl", "Content", "CreatedByUserId", "Grade", "ImageUrl", "Section", "SubjectId", "Title", "YoutubeUrl", "CreatedAt")
VALUES
  (121036, NULL, NULL, '<h2>Държавата: Механизми на властта и граждански контрол</h2>
<p><b>Държавата</b> е политическа организация на обществото, която притежава суверенитет и управлява чрез определени институции. В една демокрация властта не е съсредоточена в едни ръце, а е разделена, за да се гарантират свободата и законността.</p>
<h3>Увод в разделението на властите</h3>
<p>Според конституционния модел държавната власт се дели на три независими клона, които се контролират взаимно:</p>
<ul>
  <li><b>Законодателна власт:</b> Осъществява се от Народното събрание, което приема закони и контролира правителството.</li>
  <li><b>Изпълнителна власт:</b> Осъществява се от Министерския съвет, който прилага законите и управлява текущите дела на държавата.</li>
  <li><b>Съдебна власт:</b> Осъществява се от съдилищата и защитава законността и правата на гражданите.</li>
</ul>
<h3>Основни концепции: Правова държава и институции</h3>
<p><b>Правовата държава</b> е тази, в която законът стои над всички, включително над управляващите. Важни фигури в българската система са президентът, омбудсманът и Конституционният съд.</p>
<ul>
  <li><b>Президент:</b> Олицетворява единството на нацията и е върховен главнокомандващ.</li>
  <li><b>Омбудсман:</b> Защитава гражданите при нарушени права от администрацията.</li>
  <li><b>Конституционен съд:</b> Следи дали законите съответстват на Конституцията.</li>
</ul>
<h3>Детайлно обяснение: Избори и участие</h3>
<p>Демокрацията може да бъде <b>пряка</b> чрез референдуми и <b>представителна</b> чрез избор на народни представители. Изборите трябва да бъдат всеобщи, равни, преки и с тайно гласуване.</p>
<img src="https://source.unsplash.com/featured/?education,parliament-democracy-citizens" style="width:100%; border-radius:8px; margin: 10px 0;" />
<h3>Практическо приложение</h3>
<p>Разбирането на институциите ни помага да знаем към кого да се обърнем при проблем и как да изискваме отчетност от властта.</p>
<h3>Заключение</h3>
<p>Активният гражданин не е просто наблюдател. Той познава институциите, защитава правата си и участва в обществения живот.</p>', 1, 11, NULL, 'А', 120016, 'Държавата: Механизми на властта и граждански контрол', NULL, '2026-04-14T18:07:00Z'),
  (121037, NULL, NULL, '<h2>Правата на човека: Граници на властта и лична свобода</h2>
<p><b>Правата на човека</b> са универсални, неотменими и принадлежат на всеки човек по рождение. Те са защитната стена между индивида и възможния произвол на държавата.</p>
<h3>1. Видове права на човека</h3>
<p>Правата обикновено се разделят на няколко поколения:</p>
<ul>
  <li><b>Граждански и политически права:</b> Право на живот, свобода на словото, право на справедлив процес и право на глас.</li>
  <li><b>Икономически, социални и културни права:</b> Право на труд, образование, здравеопазване и социална сигурност.</li>
  <li><b>Колективни права:</b> Право на мир, здравословна околна среда и развитие.</li>
</ul>
<h3>2. Защита на правата</h3>
<p>Правата са закрепени в <b>Конституцията на Република България</b> и в международни документи като Всеобщата декларация за правата на човека и Европейската конвенция за правата на човека.</p>
<ul>
  <li>Националните съдилища защитават нарушени права в рамките на държавата.</li>
  <li>Комисията за защита от дискриминация разглежда случаи на неравно третиране.</li>
  <li><b>Европейският съд по правата на човека</b> в Страсбург е международна инстанция след изчерпване на местните средства за защита.</li>
</ul>
<h3>3. Гражданско участие и гражданско общество</h3>
<p><b>Гражданското общество</b> се състои от доброволни организации и активни граждани, които защитават общи интереси.</p>
<ul>
  <li><b>Протести и демонстрации:</b> Публично изразяване на позиция.</li>
  <li><b>Петиции и подписки:</b> Искане за промяна в закон или политика.</li>
  <li><b>Доброволчество:</b> Участие в каузи от обществен интерес.</li>
</ul>
<img src="https://source.unsplash.com/featured/?education,human-rights-freedom-civic-voice" style="width:100%; border-radius:8px; margin: 10px 0;" />
<h3>Заключение</h3>
<p>Да бъдеш гражданин означава не само да се ползваш от свободите си, но и да уважаваш правата на другите и да участваш в подобряването на общността.</p>', 1, 11, NULL, 'А', 120016, 'Правата на човека: Граници на властта и лична свобода', NULL, '2026-04-14T18:08:00Z'),
  (121038, NULL, NULL, '<h2>България в глобалните съюзи: ЕС и НАТО</h2>
<p>В съвременния свят държавите се обединяват в международни организации, за да решават съвместно проблеми, които не могат да преодолеят сами. За България най-важните такива съюзи са <b>Европейският съюз</b> и <b>НАТО</b>.</p>
<h3>1. Европейски съюз</h3>
<p>ЕС е партньорство между европейски държави, основано на човешкото достойнство, свободата, демокрацията и върховенството на закона. България е член на ЕС от <b>1 януари 2007 г.</b></p>
<ul>
  <li><b>Четирите свободи:</b> Свободно движение на стоки, хора, услуги и капитали.</li>
  <li><b>Институции:</b> Европейска комисия, Европейски парламент и Съвет на ЕС.</li>
  <li><b>Единен пазар:</b> Обща икономическа зона, която улеснява търговията и образованието.</li>
</ul>
<h3>2. НАТО</h3>
<p>НАТО е политически и военен съюз, към който България се присъединява на <b>29 март 2004 г.</b></p>
<ul>
  <li><b>Член 5:</b> Нападение срещу една държава членка се разглежда като нападение срещу всички.</li>
  <li><b>Колективна отбрана:</b> Основата на сигурността в рамките на съюза.</li>
</ul>
<h3>3. Други международни организации</h3>
<ul>
  <li><b>ООН:</b> Работи за международен мир и сигурност.</li>
  <li><b>Съвет на Европа:</b> Защитава правата на човека и демократичното развитие.</li>
</ul>
<img src="https://source.unsplash.com/featured/?education,european-union-nato-flags" style="width:100%; border-radius:8px; margin: 10px 0;" />
<h3>Заключение</h3>
<p>Членството в ЕС и НАТО дава на България сигурност, възможности за развитие и принадлежност към общност с демократични стандарти.</p>', 1, 11, NULL, 'А', 120016, 'България в глобалните съюзи: ЕС и НАТО', NULL, '2026-04-14T18:09:00Z'),
  (121039, NULL, NULL, '<h2>Глобалните предизвикателства: Светът пред избор</h2>
<p><b>Глобалните проблеми</b> засягат цялото човечество и не могат да бъдат решени от една държава самостоятелно. Те изискват международно сътрудничество и промяна в общественото мислене.</p>
<h3>1. Екологични проблеми и климатични промени</h3>
<p>Глобалното затопляне, замърсяването и загубата на биоразнообразие са сред най-сериозните заплахи на XXI век.</p>
<ul>
  <li><b>Устойчиво развитие:</b> Развитие, което пази ресурсите и за бъдещите поколения.</li>
  <li><b>Екологичен отпечатък:</b> Мярка за влиянието на човешката дейност върху природата.</li>
</ul>
<h3>2. Демографски проблеми и бедност</h3>
<ul>
  <li><b>Пренаселване:</b> В някои региони ресурсите не достигат за бързо растящото население.</li>
  <li><b>Демографска криза:</b> В други региони населението намалява и застарява.</li>
  <li><b>Неравенство:</b> Разликите между богатия Север и бедния Юг пораждат миграционен натиск.</li>
</ul>
<h3>3. Тероризъм и киберсигурност</h3>
<p>Съвременните заплахи често са невидими: кибератаките могат да засегнат икономиката, енергетиката и личните данни на милиони хора.</p>
<h3>4. Целите за устойчиво развитие</h3>
<p>ООН формулира 17 цели до 2030 г., насочени към по-мирен, справедлив и устойчив свят.</p>
<img src="https://source.unsplash.com/featured/?education,climate-change-global-challenges" style="width:100%; border-radius:8px; margin: 10px 0;" />
<h3>Заключение</h3>
<p>Глобалните предизвикателства показват, че личната отговорност и международната солидарност вървят ръка за ръка.</p>', 1, 11, NULL, 'А', 120016, 'Глобалните предизвикателства: Светът пред избор', NULL, '2026-04-14T18:10:00Z'),
  (121040, NULL, NULL, '<h2>The English Tense System: Navigating Time</h2>
<p>English tenses are organized by <b>time</b> and <b>aspect</b>. When students understand the logic behind them, they can build correct sentences instead of memorizing isolated formulas.</p>
<h3>1. Present Tenses</h3>
<ul>
  <li><b>Present Simple:</b> Used for facts, habits, and permanent situations. Example: <code>I study every day.</code></li>
  <li><b>Present Continuous:</b> Used for actions happening now or around the current period. Example: <code>I am reading now.</code></li>
  <li><b>Present Perfect:</b> Connects the past to the present. Example: <code>I have lost my keys.</code></li>
</ul>
<h3>2. Past Tenses</h3>
<ul>
  <li><b>Past Simple:</b> Completed action at a definite moment in the past.</li>
  <li><b>Past Continuous:</b> Action in progress at a particular time in the past.</li>
  <li><b>Past Perfect:</b> Action completed before another past action.</li>
</ul>
<h3>3. Future Forms</h3>
<ul>
  <li><b>Future Simple:</b> Used for predictions, promises, and quick decisions.</li>
  <li><b>Be going to:</b> Used for plans and intentions decided before speaking.</li>
</ul>
<h3>Pro Tip: State vs. Action Verbs</h3>
<p>Some verbs like <b>know</b>, <b>believe</b>, and <b>love</b> are usually not used in continuous forms because they describe a state rather than an action.</p>
<img src="https://source.unsplash.com/featured/?education,english-grammar-study-notes" style="width:100%; border-radius:8px; margin: 10px 0;" />
<h3>Conclusion</h3>
<p>Tenses work like a system. Once learners recognize signal words such as <b>already</b>, <b>yesterday</b>, and <b>next week</b>, choosing the correct tense becomes much easier.</p>', 1, 9, NULL, 'А', 120017, 'The English Tense System: Navigating Time', NULL, '2026-04-14T18:11:00Z');

INSERT INTO "Tests" ("Id", "CreatedByUserId", "LessonId", "Title", "Grade", "Section", "CreatedAt")
VALUES
  (122036, 1, 121036, 'Тест към тема "Държавна власт и институции"', 11, 'А', '2026-04-14T18:12:00Z'),
  (122037, 1, 121037, 'Тест към тема "Права на човека и гражданско участие"', 11, 'А', '2026-04-14T18:13:00Z'),
  (122038, 1, 121038, 'Тест към тема "Международни организации: ЕС и НАТО"', 11, 'А', '2026-04-14T18:14:00Z'),
  (122039, 1, 121039, 'Тест към тема "Глобални проблеми на съвременността"', 11, 'А', '2026-04-14T18:15:00Z'),
  (122040, 1, 121040, 'Test: English Verb Tenses', 9, 'А', '2026-04-14T18:16:00Z');

INSERT INTO "Questions" ("Id", "Text", "TestId", "CorrectTextAnswer", "ImageUrl", "OrderIndex", "Type")
VALUES
  (123176, 'Кой орган в България притежава законодателната власт?', 122036, NULL, NULL, 1, 'multiple-choice'),
  (123177, 'Как се нарича принципът, според който никой не стои над закона?', 122036, NULL, NULL, 2, 'multiple-choice'),
  (123178, 'Коя институция защитава гражданите от произвола на администрацията?', 122036, NULL, NULL, 3, 'multiple-choice'),
  (123179, 'Кой е върховен главнокомандващ на въоръжените сили в България?', 122036, NULL, NULL, 4, 'multiple-choice'),
  (123180, 'Какво представлява референдумът?', 122036, NULL, NULL, 5, 'multiple-choice'),
  (123181, 'Кой документ, приет от ООН през 1948 г., е фундаментален за защитата на правата на човека?', 122037, NULL, NULL, 1, 'multiple-choice'),
  (123182, 'Правото на образование и правото на труд към коя група права се отнасят?', 122037, NULL, NULL, 2, 'multiple-choice'),
  (123183, 'До кой съд може да се обърне български гражданин при нарушени фундаментални права след изчерпване на местните средства?', 122037, NULL, NULL, 3, 'multiple-choice'),
  (123184, 'Какво представлява гражданското общество?', 122037, NULL, NULL, 4, 'multiple-choice'),
  (123185, 'Коя форма на участие използва събиране на подписи за искане на промяна?', 122037, NULL, NULL, 5, 'multiple-choice'),
  (123186, 'Кога България става член на Европейския съюз?', 122038, NULL, NULL, 1, 'multiple-choice'),
  (123187, 'Кой принцип на НАТО е заложен в Член 5?', 122038, NULL, NULL, 2, 'multiple-choice'),
  (123188, 'Коя свобода на ЕС позволява на студентите да учат в друга държава членка?', 122038, NULL, NULL, 3, 'multiple-choice'),
  (123189, 'Коя институция на ЕС се избира директно от гражданите?', 122038, NULL, NULL, 4, 'multiple-choice'),
  (123190, 'Каква е основната цел на ООН?', 122038, NULL, NULL, 5, 'multiple-choice'),
  (123191, 'Кой проблем е сред най-сериозните заплахи за биологичното оцеляване на планетата?', 122039, NULL, NULL, 1, 'multiple-choice'),
  (123192, 'Какво означава терминът "устойчиво развитие"?', 122039, NULL, NULL, 2, 'multiple-choice'),
  (123193, 'Коя организация координира целите за устойчиво развитие?', 122039, NULL, NULL, 3, 'multiple-choice'),
  (123194, 'Как се нарича разликата в развитието между богатите и бедните държави?', 122039, NULL, NULL, 4, 'multiple-choice'),
  (123195, 'Как гражданинът може лично да помогне за екологичните проблеми?', 122039, NULL, NULL, 5, 'multiple-choice'),
  (123196, 'Choose the correct form: "Look! It ________ outside."', 122040, NULL, NULL, 1, 'multiple-choice'),
  (123197, 'Which tense is used for a permanent fact?', 122040, NULL, NULL, 2, 'multiple-choice'),
  (123198, 'Complete the sentence: "By the time we arrived, the movie ________."', 122040, NULL, NULL, 3, 'multiple-choice'),
  (123199, 'I ________ to Paris three times in my life.', 122040, NULL, NULL, 4, 'multiple-choice'),
  (123200, '"I ________ my grandmother next Sunday. I already bought the ticket."', 122040, NULL, NULL, 5, 'multiple-choice');

INSERT INTO "Answers" ("Id", "Text", "IsCorrect", "QuestionId", "OrderIndex")
VALUES
  (124701, 'Министерският съвет', 0, 123176, 1),
  (124702, 'Народното събрание', 1, 123176, 2),
  (124703, 'Президентът', 0, 123176, 3),
  (124704, 'Върховният съд', 0, 123176, 4),
  (124705, 'Диктатура', 0, 123177, 1),
  (124706, 'Правова държава', 1, 123177, 2),
  (124707, 'Олигархия', 0, 123177, 3),
  (124708, 'Монархия', 0, 123177, 4),
  (124709, 'Армията', 0, 123178, 1),
  (124710, 'Омбудсманът', 1, 123178, 2),
  (124711, 'Централната избирателна комисия', 0, 123178, 3),
  (124712, 'Полицията', 0, 123178, 4),
  (124713, 'Премиерът', 0, 123179, 1),
  (124714, 'Председателят на парламента', 0, 123179, 2),
  (124715, 'Президентът', 1, 123179, 3),
  (124716, 'Министърът на отбраната', 0, 123179, 4),
  (124717, 'Вид парламентарен дебат', 0, 123180, 1),
  (124718, 'Форма на пряка демокрация чрез гласуване по конкретен въпрос', 1, 123180, 2),
  (124719, 'Назначаване на министър', 0, 123180, 3),
  (124720, 'Решение на съда', 0, 123180, 4),

  (124721, 'Магна харта', 0, 123181, 1),
  (124722, 'Всеобщата декларация за правата на човека', 1, 123181, 2),
  (124723, 'Договорът от Маастрихт', 0, 123181, 3),
  (124724, 'Уставът на НАТО', 0, 123181, 4),
  (124725, 'Граждански и политически', 0, 123182, 1),
  (124726, 'Икономически и социални', 1, 123182, 2),
  (124727, 'Колективни', 0, 123182, 3),
  (124728, 'Религиозни', 0, 123182, 4),
  (124729, 'Сметната палата', 0, 123183, 1),
  (124730, 'Международният наказателен съд', 0, 123183, 2),
  (124731, 'Европейският съд по правата на човека', 1, 123183, 3),
  (124732, 'Арбитражният съд', 0, 123183, 4),
  (124733, 'Съвкупност от държавни чиновници', 0, 123184, 1),
  (124734, 'Системата от полиция и съд', 0, 123184, 2),
  (124735, 'Сферата на доброволни сдружения и активност на гражданите, независима от държавата', 1, 123184, 3),
  (124736, 'Списък с всички жители на държавата', 0, 123184, 4),
  (124737, 'Стачка', 0, 123185, 1),
  (124738, 'Петиция', 1, 123185, 2),
  (124739, 'Лобизъм', 0, 123185, 3),
  (124740, 'Инспекция', 0, 123185, 4),

  (124741, '2004 г.', 0, 123186, 1),
  (124742, '2007 г.', 1, 123186, 2),
  (124743, '1989 г.', 0, 123186, 3),
  (124744, '2012 г.', 0, 123186, 4),
  (124745, 'Свободна търговия между членовете', 0, 123187, 1),
  (124746, 'Колективна отбрана при нападение над страна членка', 1, 123187, 2),
  (124747, 'Обща европейска валута', 0, 123187, 3),
  (124748, 'Задължително изучаване на английски език', 0, 123187, 4),
  (124749, 'Свободно движение на капитали', 0, 123188, 1),
  (124750, 'Свободно движение на стоки', 0, 123188, 2),
  (124751, 'Свободно движение на хора', 1, 123188, 3),
  (124752, 'Свободно движение на услуги', 0, 123188, 4),
  (124753, 'Европейската комисия', 0, 123189, 1),
  (124754, 'Европейският парламент', 1, 123189, 2),
  (124755, 'Европейската централна банка', 0, 123189, 3),
  (124756, 'Съдът на ЕС', 0, 123189, 4),
  (124757, 'Създаване на обща европейска армия', 0, 123190, 1),
  (124758, 'Поддържане на международния мир и сигурност', 1, 123190, 2),
  (124759, 'Контрол върху цената на петрола', 0, 123190, 3),
  (124760, 'Организиране на спортни състезания', 0, 123190, 4),

  (124761, 'Липсата на интернет', 0, 123191, 1),
  (124762, 'Климатичните промени и загубата на биоразнообразие', 1, 123191, 2),
  (124763, 'Ниската раждаемост в Европа', 0, 123191, 3),
  (124764, 'Развитието на изкуствения интелект', 0, 123191, 4),
  (124765, 'Постоянен икономически растеж на всяка цена', 0, 123192, 1),
  (124766, 'Баланс между икономика, общество и екология за бъдещето', 1, 123192, 2),
  (124767, 'Спиране на всякакво производство', 0, 123192, 3),
  (124768, 'Използване на всички ресурси веднага', 0, 123192, 4),
  (124769, 'НАТО', 0, 123193, 1),
  (124770, 'ООН', 1, 123193, 2),
  (124771, 'ФИФА', 0, 123193, 3),
  (124772, 'Световната търговска организация', 0, 123193, 4),
  (124773, 'Глобално затопляне', 0, 123194, 1),
  (124774, 'Дигитално разделение', 0, 123194, 2),
  (124775, 'Социално-икономическа пропаст Север-Юг', 1, 123194, 3),
  (124776, 'Урбанизация', 0, 123194, 4),
  (124777, 'Като купува повече стоки в пластмасови опаковки', 0, 123195, 1),
  (124778, 'Чрез разделно събиране на отпадъци и намаляване на потреблението на енергия', 1, 123195, 2),
  (124779, 'Като не се интересува от новините', 0, 123195, 3),
  (124780, 'Като изхвърля батерии в обикновения боклук', 0, 123195, 4),

  (124781, 'snows', 0, 123196, 1),
  (124782, 'is snowing', 1, 123196, 2),
  (124783, 'has snowed', 0, 123196, 3),
  (124784, 'was snowing', 0, 123196, 4),
  (124785, 'Present Continuous', 0, 123197, 1),
  (124786, 'Past Simple', 0, 123197, 2),
  (124787, 'Present Simple', 1, 123197, 3),
  (124788, 'Future Simple', 0, 123197, 4),
  (124789, 'starts', 0, 123198, 1),
  (124790, 'has started', 0, 123198, 2),
  (124791, 'had started', 1, 123198, 3),
  (124792, 'is starting', 0, 123198, 4),
  (124793, 'was being', 0, 123199, 1),
  (124794, 'went', 0, 123199, 2),
  (124795, 'have been', 1, 123199, 3),
  (124796, 'go', 0, 123199, 4),
  (124797, 'will visit', 0, 123200, 1),
  (124798, 'am visiting / am going to visit', 1, 123200, 2),
  (124799, 'visited', 0, 123200, 3),
  (124800, 'have visited', 0, 123200, 4);

COMMIT;
