PRAGMA foreign_keys = OFF;
BEGIN TRANSACTION;

DELETE FROM "Answers" WHERE "Id" BETWEEN 124001 AND 124880;
DELETE FROM "Questions" WHERE "Id" BETWEEN 123001 AND 123220;
DELETE FROM "Tests" WHERE "Id" BETWEEN 122001 AND 122044;
DELETE FROM "Lessons" WHERE "Id" BETWEEN 121001 AND 121044;
DELETE FROM "Subjects" WHERE "Id" BETWEEN 120001 AND 120020;


-- Assumptions:
-- 1. Lessons 1-5 are Bulgarian language and literature preparation topics.
-- 2. They are seeded for Grade 8, Section 'А' to support immediate student visibility.
-- 3. IDs start from the first reserved ranges for lessons, tests, questions, and answers.

INSERT INTO "Subjects" ("Id", "CreatedByUserId", "Description", "Name", "Grade", "Section", "CreatedAt")
VALUES
  (120001, 1, 'Подготовка по български език с фокус върху правопис, граматика, пунктуация и писмена аргументация.', 'Български език', 8, 'А', '2026-04-15T09:00:00Z');

INSERT INTO "Lessons" ("Id", "AttachmentName", "AttachmentUrl", "Content", "CreatedByUserId", "Grade", "ImageUrl", "Section", "SubjectId", "Title", "YoutubeUrl", "CreatedAt")
VALUES
  (121001, NULL, NULL, '<h2>Правописна норма: Фундамент на книжовния български език</h2>
<p><b>Правописната норма</b> определя единния и задължителен начин за изписване на думите в книжовния език. Тя е в основата на грамотността и прави писменото общуване ясно и разбираемо.</p>
<h3>Увод в правописните принципи</h3>
<p>Българският правопис се опира на морфологичния, фонетичния и историческия принцип. Най-важен е морфологичният, защото запазва строежа на думата дори когато изговорът се променя.</p>
<img src="https://source.unsplash.com/featured/?education,bulgarian-language-spelling-rules" style="width:100%; border-radius:8px; margin: 10px 0;" />
<h3>Основни правила</h3>
<ul>
  <li><b>Променливо "я":</b> В определени форми "я" преминава в "е" според ударението и следващата сричка.</li>
  <li><b>Обеззвучаване:</b> Звучните съгласни често се изговарят различно, но се пишат според морфологичния принцип.</li>
  <li><b>Слято, полуслято и разделно писане:</b> Сложните думи се пишат според значението и връзката между съставките им.</li>
</ul>
<h3>Детайлно обяснение</h3>
<p>Представките в българския език имат устойчив състав. Например винаги пишем <b>с-</b> в думи като <i>сграда</i> и <i>сглобка</i>, дори когато изговорът подвежда.</p>
<h3>Практически пример</h3>
<p>Думата <i>безпокоя</i> съдържа представка <b>без-</b> и корен <b>покой</b>. За правилния правопис трябва да разпознаем строежа на думата, а не само да се доверим на слуха.</p>
<h3>Заключение</h3>
<p>Овладяването на правописната норма изисква наблюдателност, логика и системна практика. То е фундаментална стъпка към висока езикова култура.</p>', 1, 8, NULL, 'А', 120001, 'Правописна норма: Фундамент на книжовния български език', NULL, '2026-04-15T09:01:00Z'),
  (121002, NULL, NULL, '<h2>Граматична норма: Правила за строеж и свързване на думите</h2>
<p><b>Граматичната норма</b> обхваща правилата за образуване на думите и за тяхното свързване в изречението. Тя е скелетът на езика и гарантира логичност и точност.</p>
<h3>Основни концепции</h3>
<p>Граматичните грешки могат да бъдат морфологични и синтактични. Те възникват, когато формата на думата е неправилна или когато връзката между думите в изречението е нарушена.</p>
<img src="https://source.unsplash.com/featured/?education,grammar-language-notes" style="width:100%; border-radius:8px; margin: 10px 0;" />
<h3>Ключови правила</h3>
<ul>
  <li><b>Пълен и кратък член:</b> Пълният член се използва при подлог, а краткият във всички останали случаи.</li>
  <li><b>Бройна форма:</b> При съществителни от мъжки род след числителни се използва форма на <i>-а/-я</i>.</li>
  <li><b>Местоимението "свой":</b> Използва се, когато притежанието принадлежи на подлога.</li>
  <li><b>Съгласуване:</b> Прилагателните и сказуемите форми трябва да съответстват по род и число.</li>
</ul>
<h3>Практически капани</h3>
<p>Често се греши при учтивата форма и при употребата на членуването. Умението да откриваме подлога е ключово за правилния избор.</p>
<h3>Заключение</h3>
<p>Спазването на граматичната норма е белег за висока езикова култура и академична подготовка.</p>', 1, 8, NULL, 'А', 120001, 'Граматична норма: Правила за строеж и свързване на думите', NULL, '2026-04-15T09:02:00Z'),
  (121003, NULL, NULL, '<h2>Пунктуационна норма: Изкуството на логическото разделяне</h2>
<p><b>Пунктуационната норма</b> е система от правила за употреба на препинателните знаци. Тя помага да се откроят логическите връзки в текста и да се избегне двусмислието.</p>
<h3>Увод в принципите</h3>
<p>Българската пунктуация следва най-вече граматическия принцип. Запетаите и другите знаци се поставят там, където има граници между синтактични единици.</p>
<img src="https://source.unsplash.com/featured/?education,punctuation-writing-text" style="width:100%; border-radius:8px; margin: 10px 0;" />
<h3>Основни правила</h3>
<ul>
  <li><b>Сложно изречение:</b> Простите изречения се отделят със запетая.</li>
  <li><b>Съюзи като "че", "който", "защото", "ако":</b> Обикновено пред тях се пише запетая.</li>
  <li><b>Обръщения:</b> Винаги се отделят със запетаи.</li>
  <li><b>Еднородни части:</b> Изброяването изисква запетаи, освен при единични <i>и</i> или <i>или</i>.</li>
</ul>
<h3>Детайлно обяснение</h3>
<p>Сложните съюзи като <i>въпреки че</i> и <i>при условие че</i> трябва да се възприемат като едно цяло. Запетаята се поставя пред целия съюз, а не в средата му.</p>
<h3>Заключение</h3>
<p>Правилната пунктуация зависи от умението да разпознаваме строежа на изречението и логическите отношения между неговите части.</p>', 1, 8, NULL, 'А', 120001, 'Пунктуационна норма: Изкуството на логическото разделяне', NULL, '2026-04-15T09:03:00Z'),
  (121004, NULL, NULL, '<h2>Интерпретативно съчинение: Анализ, аргументация и критическо мислене</h2>
<p><b>Интерпретативното съчинение</b> е аргументативен текст, в който се тълкува конкретен литературен проблем. То не преразказва, а анализира идеи, образи и художествени внушения.</p>
<h3>Увод в структурата</h3>
<p>Успешното интерпретативно съчинение има ясен увод, теза, аргументация и заключение. Всеки елемент има своя точна функция в изграждането на смисъл.</p>
<img src="https://source.unsplash.com/featured/?education,literature-writing-analysis" style="width:100%; border-radius:8px; margin: 10px 0;" />
<h3>Основни стъпки</h3>
<ul>
  <li><b>Увод:</b> Въвежда темата и културния контекст.</li>
  <li><b>Теза:</b> Ясен отговор на поставения проблем.</li>
  <li><b>Аргументация:</b> Микротеми с твърдение, доказателство и извод.</li>
  <li><b>Заключение:</b> Обобщава смисъла и извежда по-широко послание.</li>
</ul>
<h3>Детайлно обяснение</h3>
<p>Най-честата грешка е подмяната на анализа с преразказ. Добрият текст използва цитати и наблюдения, за да покаже <b>как</b> и <b>защо</b> авторът изгражда значението.</p>
<h3>Заключение</h3>
<p>Интерпретативното съчинение показва не само познаване на творбата, но и умение за логическо и самостоятелно мислене.</p>', 1, 8, NULL, 'А', 120001, 'Интерпретативно съчинение: Анализ, аргументация и критическо мислене', NULL, '2026-04-15T09:04:00Z'),
  (121005, NULL, NULL, '<h2>Писане на есе: Свобода на мисълта и силата на аргумента</h2>
<p><b>Есето</b> дава свобода на автора да разсъждава върху морални, социални и философски въпроси. То съчетава лична позиция, логика и изразителен език.</p>
<h3>Увод в жанра</h3>
<p>За разлика от интерпретативното съчинение, есето не е ограничено до конкретен художествен текст. То разчита на лична теза и убедителна аргументация.</p>
<img src="https://source.unsplash.com/featured/?education,essay-argument-writing" style="width:100%; border-radius:8px; margin: 10px 0;" />
<h3>Структура на есето</h3>
<ul>
  <li><b>Увод:</b> Поставя проблема по интригуващ начин.</li>
  <li><b>Теза:</b> Формулира основната позиция.</li>
  <li><b>Изложение:</b> Защитава тезата чрез аргументи и примери.</li>
  <li><b>Заключение:</b> Надгражда разсъждението и оставя храна за размисъл.</li>
</ul>
<h3>Как да бъдем убедителни</h3>
<p>Силното есе използва богата лексика, контрааргументи и ясна логика. Личният опит, историята, литературата и съвременните събития могат да бъдат източник на доказателства.</p>
<h3>Заключение</h3>
<p>Есето е отличен начин да покажем обща култура, самостоятелност и способност да свързваме идеи с реалния живот.</p>', 1, 8, NULL, 'А', 120001, 'Писане на есе: Свобода на мисълта и силата на аргумента', NULL, '2026-04-15T09:05:00Z');

INSERT INTO "Tests" ("Id", "CreatedByUserId", "LessonId", "Title", "Grade", "Section", "CreatedAt")
VALUES
  (122001, 1, 121001, 'Тест към тема "Правописна норма"', 8, 'А', '2026-04-15T09:06:00Z'),
  (122002, 1, 121002, 'Тест към тема "Граматична норма"', 8, 'А', '2026-04-15T09:07:00Z'),
  (122003, 1, 121003, 'Тест към тема "Пунктуационна норма"', 8, 'А', '2026-04-15T09:08:00Z'),
  (122004, 1, 121004, 'Тест към тема "Писане на интерпретативно съчинение"', 8, 'А', '2026-04-15T09:09:00Z'),
  (122005, 1, 121005, 'Тест към тема "Писане на есе"', 8, 'А', '2026-04-15T09:10:00Z');

INSERT INTO "Questions" ("Id", "Text", "TestId", "CorrectTextAnswer", "ImageUrl", "OrderIndex", "Type")
VALUES
  (123001, 'В коя от думите е допусната правописна грешка?', 122001, NULL, NULL, 1, 'multiple-choice'),
  (123002, 'В коя от формите гласната "я" не трябва да преминава в "е"?', 122001, NULL, NULL, 2, 'multiple-choice'),
  (123003, 'Коя сложна дума е написана правилно?', 122001, NULL, NULL, 3, 'multiple-choice'),
  (123004, 'Кое е правилното изписване на думата?', 122001, NULL, NULL, 4, 'multiple-choice'),
  (123005, 'Кой принцип е водещ в българския правопис?', 122001, NULL, NULL, 5, 'multiple-choice'),
  (123006, 'В кое изречение е допусната грешка при членуването?', 122002, NULL, NULL, 1, 'multiple-choice'),
  (123007, 'Коя е правилната бройна форма?', 122002, NULL, NULL, 2, 'multiple-choice'),
  (123008, 'В кое изречение учтивата форма е използвана правилно?', 122002, NULL, NULL, 3, 'multiple-choice'),
  (123009, 'Кое местоимение е правилно: "Иван взе ____ книга и излезе"?', 122002, NULL, NULL, 4, 'multiple-choice'),
  (123010, 'Кое твърдение за граматичната норма е вярно?', 122002, NULL, NULL, 5, 'multiple-choice'),
  (123011, 'В кое изречение има пунктуационна грешка?', 122003, NULL, NULL, 1, 'multiple-choice'),
  (123012, 'Пред кой съюз обикновено се пише запетая?', 122003, NULL, NULL, 2, 'multiple-choice'),
  (123013, 'В кое изречение обръщението е оформено правилно?', 122003, NULL, NULL, 3, 'multiple-choice'),
  (123014, 'Кое твърдение за съюза "и" е вярно?', 122003, NULL, NULL, 4, 'multiple-choice'),
  (123015, 'На какъв принцип се основава главно българската пунктуация?', 122003, NULL, NULL, 5, 'multiple-choice'),
  (123016, 'Кой елемент от съчинението представлява директен отговор на поставения проблем?', 122004, NULL, NULL, 1, 'multiple-choice'),
  (123017, 'Какво включва микротемата в аргументативната част?', 122004, NULL, NULL, 2, 'multiple-choice'),
  (123018, 'Коя е най-честата грешка при интерпретативното съчинение?', 122004, NULL, NULL, 3, 'multiple-choice'),
  (123019, 'Къде е най-подходящо да се използват цитати?', 122004, NULL, NULL, 4, 'multiple-choice'),
  (123020, 'Каква е функцията на увода?', 122004, NULL, NULL, 5, 'multiple-choice'),
  (123021, 'Коя е основната разлика между есето и интерпретативното съчинение?', 122005, NULL, NULL, 1, 'multiple-choice'),
  (123022, 'Кой източник е подходящ за аргументация в есе?', 122005, NULL, NULL, 2, 'multiple-choice'),
  (123023, 'Какво представлява антитезата в есето?', 122005, NULL, NULL, 3, 'multiple-choice'),
  (123024, 'Какъв трябва да бъде езикът на есето?', 122005, NULL, NULL, 4, 'multiple-choice'),
  (123025, 'Къде е най-подходящо да се изрази личната позиция на автора?', 122005, NULL, NULL, 5, 'multiple-choice');

INSERT INTO "Answers" ("Id", "Text", "IsCorrect", "QuestionId", "OrderIndex")
VALUES
  (124001, 'сграда', 0, 123001, 1),
  (124002, 'зглобка', 1, 123001, 2),
  (124003, 'изпит', 0, 123001, 3),
  (124004, 'отговор', 0, 123001, 4),
  (124005, 'млечен', 0, 123002, 1),
  (124006, 'белина', 0, 123002, 2),
  (124007, 'снягът', 1, 123002, 3),
  (124008, 'хлебче', 0, 123002, 4),
  (124009, 'научно-популярен', 0, 123003, 1),
  (124010, 'кандидат студент', 0, 123003, 2),
  (124011, 'заместник-министър', 1, 123003, 3),
  (124012, 'аудио визуален', 0, 123003, 4),
  (124013, 'подтискам', 0, 123004, 1),
  (124014, 'потискам', 1, 123004, 2),
  (124015, 'потттискам', 0, 123004, 3),
  (124016, 'поттискам', 0, 123004, 4),
  (124017, 'Фонетичният', 0, 123005, 1),
  (124018, 'Историческият', 0, 123005, 2),
  (124019, 'Морфологичният', 1, 123005, 3),
  (124020, 'Стилистичният', 0, 123005, 4),

  (124021, 'Директорът подписа заповедта.', 0, 123006, 1),
  (124022, 'Вчера видях учителя по история.', 0, 123006, 2),
  (124023, 'Градът беше озарен от слънцето.', 0, 123006, 3),
  (124024, 'Вестникът беше оставен на столът.', 1, 123006, 4),
  (124025, 'петима ученици', 0, 123007, 1),
  (124026, 'пет ученика', 0, 123007, 2),
  (124027, 'трима стола', 0, 123007, 3),
  (124028, 'два компютъра', 1, 123007, 4),
  (124029, 'Господине, Вие сте много зает.', 1, 123008, 1),
  (124030, 'Господине, Вие сте много заети.', 0, 123008, 2),
  (124031, 'Госпожо, Вие сте била тук.', 0, 123008, 3),
  (124032, 'Господине, Вие сте дошъл навреме.', 0, 123008, 4),
  (124033, 'неговата', 0, 123009, 1),
  (124034, 'нейната', 0, 123009, 2),
  (124035, 'своята', 1, 123009, 3),
  (124036, 'тяхната', 0, 123009, 4),
  (124037, 'Тя регулира само правописа.', 0, 123010, 1),
  (124038, 'Тя включва само словореда.', 0, 123010, 2),
  (124039, 'Тя урежда формите на думите и връзките им в изречението.', 1, 123010, 3),
  (124040, 'Тя се отнася само за художествени текстове.', 0, 123010, 4),

  (124041, 'Той каза, че ще закъснее.', 0, 123011, 1),
  (124042, 'Купих ябълки, круши и сливи.', 0, 123011, 2),
  (124043, 'Не знам, дали ще дойда.', 1, 123011, 3),
  (124044, 'Моля те, мамо, помогни ми.', 0, 123011, 4),
  (124045, 'и', 0, 123012, 1),
  (124046, 'или', 0, 123012, 2),
  (124047, 'че', 1, 123012, 3),
  (124048, 'да', 0, 123012, 4),
  (124049, 'Ела тук приятелю мой.', 0, 123013, 1),
  (124050, 'Ела тук, приятелю мой!', 1, 123013, 2),
  (124051, 'Ела, тук приятелю мой.', 0, 123013, 3),
  (124052, 'Ела тук приятелю, мой.', 0, 123013, 4),
  (124053, 'Пред "и" винаги се пише запетая.', 0, 123014, 1),
  (124054, 'Пред "и" никога не се пише запетая.', 0, 123014, 2),
  (124055, 'Пред "и" се пише запетая само в определени синтактични случаи.', 1, 123014, 3),
  (124056, 'Пред "и" се пише запетая само в края на изречението.', 0, 123014, 4),
  (124057, 'Фонетичен', 0, 123015, 1),
  (124058, 'Исторически', 0, 123015, 2),
  (124059, 'Граматически', 1, 123015, 3),
  (124060, 'Лексикален', 0, 123015, 4),

  (124061, 'Уводът', 0, 123016, 1),
  (124062, 'Аргументацията', 0, 123016, 2),
  (124063, 'Тезата', 1, 123016, 3),
  (124064, 'Заключението', 0, 123016, 4),
  (124065, 'Само цитати от произведението', 0, 123017, 1),
  (124066, 'Твърдение, доказателство и извод', 1, 123017, 2),
  (124067, 'Биография на автора', 0, 123017, 3),
  (124068, 'Резюме на сюжета', 0, 123017, 4),
  (124069, 'Използването на твърде много метафори', 0, 123018, 1),
  (124070, 'Подмяната на анализа с преразказ', 1, 123018, 2),
  (124071, 'Твърде кратък увод', 0, 123018, 3),
  (124072, 'Липса на заглавие', 0, 123018, 4),
  (124073, 'Само в увода', 0, 123019, 1),
  (124074, 'Само в тезата', 0, 123019, 2),
  (124075, 'В доказателствената част към аргументите', 1, 123019, 3),
  (124076, 'Само в заключението', 0, 123019, 4),
  (124077, 'Да преразкаже творбата', 0, 123020, 1),
  (124078, 'Да даде оценка без аргументи', 0, 123020, 2),
  (124079, 'Да въведе темата и да подготви прехода към тезата', 1, 123020, 3),
  (124080, 'Да изброи героите', 0, 123020, 4),

  (124081, 'Есето е винаги по-дълго.', 0, 123021, 1),
  (124082, 'Есето допуска свободна позиция по житейски и философски проблеми.', 1, 123021, 2),
  (124083, 'В есето не се използват аргументи.', 0, 123021, 3),
  (124084, 'Есето няма структура.', 0, 123021, 4),
  (124085, 'Исторически събития', 0, 123022, 1),
  (124086, 'Личен опит', 0, 123022, 2),
  (124087, 'Книги и филми', 0, 123022, 3),
  (124088, 'Всички изброени', 1, 123022, 4),
  (124089, 'Описание на герой', 0, 123023, 1),
  (124090, 'Противопоставяне на идеи за по-голяма убедителност', 1, 123023, 2),
  (124091, 'Заключителната част', 0, 123023, 3),
  (124092, 'Списък с литература', 0, 123023, 4),
  (124093, 'Строго научен и сух', 0, 123024, 1),
  (124094, 'Богат, експресивен и убедителен', 1, 123024, 2),
  (124095, 'Изцяло разговорен и жаргонен', 0, 123024, 3),
  (124096, 'Само с прости изречения', 0, 123024, 4),
  (124097, 'Само в заглавието', 0, 123025, 1),
  (124098, 'В тезата и през цялото изложение', 1, 123025, 2),
  (124099, 'Само в първото изречение', 0, 123025, 3),
  (124100, 'Никъде', 0, 123025, 4);



-- Assumptions:
-- 1. Lessons 6-9 are mapped to Mathematics, while lesson 10 is mapped to Informatics.
-- 2. Grade mapping is inferred from the lesson topic progression in the document:
--    Algebraic formulas -> Grade 8, Geometric formulas -> Grade 8,
--    Trigonometric formulas -> Grade 10, Statistics and probabilities -> Grade 12,
--    Data types and variables -> Grade 8.
-- 3. Section is 'А' and CreatedByUserId = 1 (seeded admin).
-- 4. IDs continue after seed_first_5_lessons.sql and intentionally remain in a high range.

INSERT INTO "Subjects" ("Id", "CreatedByUserId", "Description", "Name", "Grade", "Section", "CreatedAt")
VALUES
  (120002, 1, 'Подготовка по математика с фокус върху алгебрични изрази и съкратено умножение.', 'Математика', 8, 'А', '2026-04-14T16:10:00Z'),
  (120003, 1, 'Подготовка по математика с акцент върху тригонометрия и приложения на ъглите.', 'Математика', 10, 'А', '2026-04-14T16:11:00Z'),
  (120004, 1, 'Подготовка по математика за статистика, вероятности и анализ на данни.', 'Математика', 12, 'А', '2026-04-14T16:12:00Z'),
  (120005, 1, 'Въведение в информатиката и базовите концепции на програмирането.', 'Информатика', 8, 'А', '2026-04-14T16:13:00Z');

INSERT INTO "Lessons" ("Id", "AttachmentName", "AttachmentUrl", "Content", "CreatedByUserId", "Grade", "ImageUrl", "Section", "SubjectId", "Title", "YoutubeUrl", "CreatedAt")
VALUES
  (121006, NULL, NULL, '<p><b>Алгебричните формули</b> са едни от най-важните инструменти в математиката. Те ни позволяват бързо да преобразуваме изрази, да разлагаме многочлени на множители и да решаваме задачи по-елегантно и ефективно. Макар да започват като абстрактни правила, те имат дълбока геометрична и практическа логика.</p>
<h3>Увод в съкратеното умножение</h3>
<p>В гимназиалния курс учениците се срещат с формулите за <b>съкратено умножение</b>, които описват как се развиват или факторизират определени алгебрични изрази. Те спестяват време и намаляват риска от технически грешки при пресмятане.</p>
<img src="https://source.unsplash.com/featured/?education,algebra-geometric-proof" style="width:100%; border-radius:8px;" />
<h3>Основни формули</h3>
<ul>
  <li><b>Квадрат на сбор:</b> <span style="color: #c0392b;">(a + b)^2 = a^2 + 2ab + b^2</span></li>
  <li><b>Квадрат на разлика:</b> <span style="color: #c0392b;">(a - b)^2 = a^2 - 2ab + b^2</span></li>
  <li><b>Разлика на квадрати:</b> <span style="color: #c0392b;">a^2 - b^2 = (a - b)(a + b)</span></li>
  <li><b>Куб на сбор:</b> <span style="color: #c0392b;">(a + b)^3 = a^3 + 3a^2b + 3ab^2 + b^3</span></li>
</ul>
<h3>Детайлно обяснение и приложение</h3>
<p>Формулите не са просто заучени правила. Например, формулата за <b>разлика на квадрати</b> се използва постоянно при разлагане на изрази като <code>x^2 - 16</code>, което веднага се преобразува в <code>(x - 4)(x + 4)</code>. Това е основа при решаване на уравнения и неравенства.</p>
<h3>Практически пример</h3>
<p>Да опростим израза:<br><code>A = (2x + 3)^2 - (2x - 1)(2x + 1)</code></p>
<p>Използваме формулите последователно:<br><code>(2x + 3)^2 = 4x^2 + 12x + 9</code><br><code>(2x - 1)(2x + 1) = 4x^2 - 1</code><br>Следователно:<br><code>A = (4x^2 + 12x + 9) - (4x^2 - 1) = 12x + 10</code></p>
<h3>Заключение</h3>
<p>Овладяването на алгебричните формули е ключова стъпка към по-сложни теми като тригонометрия, аналитична геометрия и висша математика. Те развиват умението да разпознаваме структура и закономерност в привидно сложни изрази.</p>', 1, 8, NULL, 'А', 120002, 'Алгебрични формули: Основи на математическия анализ', NULL, '2026-04-14T16:14:00Z'),
  (121007, NULL, NULL, '<p><b>Геометричните формули</b> превръщат фигурите в изчислими обекти. Чрез тях можем да намираме лице, периметър, обем и повърхнина на различни геометрични тела и фигури. Те са в основата на инженерството, архитектурата, компютърната графика и дизайна.</p>
<h3>Увод в метричните зависимости</h3>
<p>В геометрията всяка формула описва връзка между измерими величини: дължини, ъгли, лица и обеми. Разбирането на тези зависимости ни позволява да преведем чертежа на езика на числата.</p>
<img src="https://source.unsplash.com/featured/?education,plane-figures-geometry" style="width:100%; border-radius:8px;" />
<h3>Основни концепции: Планиметрия</h3>
<ul>
  <li><b>Триъгълник:</b> <code>S = a * h_a / 2 = 1/2 ab * sin γ</code>, както и формулата на Херон за лице.</li>
  <li><b>Питагорова теорема:</b> <code>a^2 + b^2 = c^2</code> за правоъгълен триъгълник.</li>
  <li><b>Паралелограм:</b> <code>S = a * h_a = ab * sin α</code></li>
  <li><b>Трапец:</b> <code>S = (a + b) / 2 * h</code></li>
  <li><b>Ромб:</b> <code>S = d1 * d2 / 2</code></li>
  <li><b>Окръжност и кръг:</b> <code>L = 2πr</code>, <code>S = πr^2</code></li>
</ul>
<h3>Детайлно обяснение: Стереометрия</h3>
<p>При пространствените тела използваме аналогична логика:</p>
<ul>
  <li><b>Призма и цилиндър:</b> <code>V = B * h</code></li>
  <li><b>Пирамида и конус:</b> <code>V = 1/3 B * h</code></li>
  <li><b>Сфера:</b> <code>S = 4πr^2</code>, <code>V = 4/3 πr^3</code></li>
</ul>
<img src="https://source.unsplash.com/featured/?education,cone-cylinder-3d" style="width:100%; border-radius:8px;" />
<h3>Практически примери</h3>
<p><b>Пример 1:</b> Лицето на равностранен триъгълник със страна 6 е <code>9√3</code>.<br><b>Пример 2:</b> Обемът на цилиндър с радиус 3 и височина 10 е <code>90π</code>.</p>
<h3>Връзка с Информатиката и Дизайна</h3>
<p>Геометричните изчисления се използват и в програмирането, например при работа с координати и разстояния:</p>
<pre><code>// Пример за функция, изчисляваща разстояние между две точки (2D Геометрия)
double GetDistance(double x1, double y1, double x2, double y2) {
    return Math.Sqrt(Math.Pow(x2 - x1, 2) + Math.Pow(y2 - y1, 2));
}</code></pre>
<h3>Заключение</h3>
<p>Геометричните формули изграждат връзката между абстрактното мислене и реалния свят. Те дават математическата рамка, с която описваме пространства, конструкции и движения.</p>', 1, 8, NULL, 'А', 120002, 'Геометрични формули: От чертежа до изчислението', NULL, '2026-04-14T16:15:00Z'),
  (121008, NULL, NULL, '<p><b>Тригонометрията</b> е клон на математиката, който изучава зависимостите между страните и ъглите в триъгълника. Макар и започваща от правоъгълния триъгълник, тя се разширява до функции, които описват вълни, трептения и ротация, което я прави фундаментална за физиката и инженерството.</p>
<h3>Увод в тригонометричните функции</h3>
<p>В основата на всичко стоят функциите <b>синус (sin)</b>, <b>косинус (cos)</b>, <b>тангенс (tg)</b> и <b>котангенс (ctg)</b>. В правоъгълния триъгълник те се дефинират като отношения между катетите и хипотенузата, но в общия случай се разглеждат върху <i>единичната окръжност</i>.</p>
<img src="https://source.unsplash.com/featured/?education,unit-circle-trigonometry" style="width:100%; border-radius:8px;" />
<h3>Основни концепции: Основни тъждества</h3>
<p>Тези формули са „азбуката“, без която не може да се реши нито едно тригонометрично уравнение:</p>
<ul>
  <li><b>Основно тригонометрично тъждество:</b> <span style="color: #c0392b;">sin^2 α + cos^2 α = 1</span></li>
  <li><b>Връзка между функциите:</b> <code>tg α = sin α / cos α</code> и <code>ctg α = cos α / sin α</code></li>
  <li><b>Взаимна обратност:</b> <code>tg α * ctg α = 1</code></li>
</ul>
<h3>Детайлно обяснение: Формули за сбор, разлика и удвоен ъгъл</h3>
<p>Когато работим с ъгли, които не са таблични, използваме формулите за преобразуване:</p>
<ul>
  <li><b>Синус на сбор/разлика:</b> <code>sin(α ± β) = sin α cos β ± cos α sin β</code></li>
  <li><b>Косинус на сбор/разлика:</b> <code>cos(α ± β) = cos α cos β ∓ sin α sin β</code></li>
  <li><b>Удвоен ъгъл:</b> <code>sin 2α = 2sin α cos α</code>, <code>cos 2α = cos^2 α - sin^2 α = 2cos^2 α - 1 = 1 - 2sin^2 α</code></li>
</ul>
<h3>Практически примери: Теореми в произволен триъгълник</h3>
<p>Когато триъгълникът не е правоъгълен, използваме <b>синусова теорема</b> и <b>косинусова теорема</b>. Те ни позволяват да намираме страни и ъгли по частично известни данни и да моделираме реални задачи.</p>
<h3>Приложение в реалния свят</h3>
<p>В софтуерното инженерство, особено при разработката на графични енджини, тригонометрията се използва за ротация на обекти в пространството.</p>
<pre><code>// Изчисляване на координати при движение под ъгъл (Game Dev)
float velocity = 5.0f;
float angleInRadians = angle * (PI / 180.0f);
float moveX = velocity * cos(angleInRadians);
float moveY = velocity * sin(angleInRadians);</code></pre>
<h3>Заключение</h3>
<p>Тригонометричните формули често изглеждат като море от символи, но те са строго систематизирани. Най-важното е да се научим да разпознаваме структурата на задачата и да подбираме подходящата формула.</p>', 1, 10, NULL, 'А', 120003, 'Тригонометрични формули: Езикът на периодичността и ъглите', NULL, '2026-04-14T16:16:00Z'),
  (121009, NULL, NULL, '<p><b>Статистиката</b> е наука за събирането, организирането и анализа на данни, докато <b>теорията на вероятностите</b> изследва закономерностите при случайни събития. Заедно те съставят мощна рамка за вземане на решения в науката, бизнеса и ежедневието.</p>
<h3>Увод в теорията на вероятностите</h3>
<p>Вероятността на едно събитие е число между 0 и 1, което изразява степента на сигурност, че това събитие ще се случи. Класическата дефиниция на вероятност се изчислява като отношение на броя на благоприятните изходи към броя на всички възможни изходи.</p>
<img src="https://source.unsplash.com/featured/?education,dice-coin-probability" style="width:100%; border-radius:8px;" />
<h3>Основни концепции и формули</h3>
<ul>
  <li><b>Класическа вероятност:</b> <code>P(A) = m / n</code></li>
  <li><b>Противоположно събитие:</b> <code>P(A̅) = 1 - P(A)</code></li>
  <li><b>Комбинаторика:</b> Пермутации <code>P_n = n!</code>, вариации <code>V_n^k = n! / (n-k)!</code> и комбинации <code>C_n^k = n! / (k!(n-k)!)</code></li>
</ul>
<h3>Детайлно обяснение: Статистически показатели</h3>
<p>Когато разполагаме с данни, използваме числови характеристики, за да ги опишем:</p>
<ul>
  <li><b>Средно аритметично</b></li>
  <li><b>Медиана</b></li>
  <li><b>Мода</b></li>
  <li><b>Дисперсия и стандартно отклонение</b></li>
</ul>
<img src="https://source.unsplash.com/featured/?education,normal-distribution-graph" style="width:100%; border-radius:8px;" />
<h3>Практически примери</h3>
<p><b>Задача 1:</b> В урна има 5 бели и 3 черни топки. Вероятността да изтеглим черна е <code>3/8 = 0.375</code>.<br><b>Задача 2:</b> За оценките 4, 5, 6, 4, 6 средното е <code>5.00</code>, а модите са 4 и 6.</p>
<h3>Приложение в Информатиката</h3>
<p>В софтуерното инженерство статистиката е в основата на машинното обучение и анализа на данни.</p>
<pre><code>// Пример на Python за изчисляване на средно аритметично
data = [4, 5, 6, 4, 6]
mean = sum(data) / len(data)
print(f"Средна стойност: {mean}")</code></pre>
<h3>Заключение</h3>
<p>Статистиката и вероятностите ни учат да не се доверяваме на случайността, а да я измерваме. Те са ключови за критичното мислене и правилното разчитане на информацията в съвременния свят.</p>', 1, 12, NULL, 'А', 120004, 'Статистика и вероятности: Математиката на несигурността', NULL, '2026-04-14T16:17:00Z'),
  (121010, NULL, NULL, '<p>В света на информатиката <b>променливата</b> е именувано място в паметта на компютъра, което съхранява определена стойност. Всеки език за програмиране дефинира специфични типове данни, които определят каква информация може да се пази в тези променливи. [cite: 13, 14]</p>
<h3>Увод в концепцията</h3>
<p>Компютърната памет е организирана в клетки. Когато декларираме променлива, ние казваме на компилатора: ''Запази ми място за това име и очаквай там да има число, текст или логическа стойност''.</p>
<img src="https://source.unsplash.com/featured/?education,computer-memory-variables" style="width:100%; border-radius:8px;" />
<h3>Основни типове данни</h3>
<ul>
  <li><b>Целочислени (Integer):</b> за цели числа, например <i>int</i>.</li>
  <li><b>Реални (Floating-point):</b> за числа с десетична запетая, например <i>float</i> и <i>double</i>.</li>
  <li><b>Символни (Character):</b> за единични символи, например <i>char</i>.</li>
  <li><b>Логически (Boolean):</b> приемат само <i>true</i> или <i>false</i>.</li>
  <li><b>Стрингове (String):</b> поредица от символи или текст.</li>
</ul>
<h3>Деклариране и инициализация</h3>
<p>В силно типизираните езици е задължително да укажем типа преди името на променливата. Ето пример на езика C#:</p>
<pre><code>int age = 17;
double price = 19.99;
char grade = ''A'';
string name = "Иван";
bool isStudent = true;</code></pre>
<h3>Практически пример: Разлика между силна и слаба типизация</h3>
<p>В езици като JavaScript типът на променливата може да се променя в движение, докато в езици като Java и C# това е невъзможно след първоначалното деклариране. Това предотвратява логически грешки в големи софтуерни системи. [cite: 17]</p>
<h3>Заключение</h3>
<p>Правилният подбор на типове данни оптимизира използването на паметта и скоростта на изпълнение на програмата. Това е първата стъпка към писането на надежден и ефективен код.</p>', 1, 8, NULL, 'А', 120005, 'Типове данни и променливи: Основи на програмирането', NULL, '2026-04-14T16:18:00Z');

INSERT INTO "Tests" ("Id", "CreatedByUserId", "LessonId", "Title", "Grade", "Section", "CreatedAt")
VALUES
  (122006, 1, 121006, 'Тест към тема "Алгебрични формули"', 8, 'А', '2026-04-14T16:19:00Z'),
  (122007, 1, 121007, 'Тест към тема "Геометрични формули"', 8, 'А', '2026-04-14T16:20:00Z'),
  (122008, 1, 121008, 'Тест към тема "Тригонометрични формули"', 10, 'А', '2026-04-14T16:21:00Z'),
  (122009, 1, 121009, 'Тест към тема "Статистика и теория на вероятностите"', 12, 'А', '2026-04-14T16:22:00Z'),
  (122010, 1, 121010, 'Тест към тема "Типове данни и променливи"', 8, 'А', '2026-04-14T16:23:00Z');

INSERT INTO "Questions" ("Id", "Text", "TestId", "CorrectTextAnswer", "ImageUrl", "OrderIndex", "Type")
VALUES
  (123026, 'На колко е равно (x - 5)^2?', 122006, NULL, NULL, 1, 'multiple-choice'),
  (123027, 'Разложете на множители 9x^2 - 49:', 122006, NULL, NULL, 2, 'multiple-choice'),
  (123028, 'Кой е средният член в разлагането на (a + 2b)^2?', 122006, NULL, NULL, 3, 'multiple-choice'),
  (123029, 'На колко е равно a^3 - b^3?', 122006, NULL, NULL, 4, 'multiple-choice'),
  (123030, 'Пресметнете 101^2 чрез формулите за съкратено умножение:', 122006, NULL, NULL, 5, 'multiple-choice'),
  (123031, 'Ако страните на правоъгълен триъгълник са 3 и 4, колко е хипотенузата?', 122007, NULL, NULL, 1, 'multiple-choice'),
  (123032, 'Формулата за лице на трапец е:', 122007, NULL, NULL, 2, 'multiple-choice'),
  (123033, 'Колко е обемът на конус спрямо цилиндър със същата основа и височина?', 122007, NULL, NULL, 3, 'multiple-choice'),
  (123034, 'Лицето на кръг с диаметър 10 см е:', 122007, NULL, NULL, 4, 'multiple-choice'),
  (123035, 'Колко е пълната повърхнина на куб със страна 2 см?', 122007, NULL, NULL, 5, 'multiple-choice'),
  (123036, 'Ако sin α = 0.6 и α ∈ (0, 90°), колко е cos α?', 122008, NULL, NULL, 1, 'multiple-choice'),
  (123037, 'На колко е равно tg 45°?', 122008, NULL, NULL, 2, 'multiple-choice'),
  (123038, 'Коя е формулата за cos 2α?', 122008, NULL, NULL, 3, 'multiple-choice'),
  (123039, 'Синусовата теорема свързва страните на триъгълника с:', 122008, NULL, NULL, 4, 'multiple-choice'),
  (123040, 'Колко е стойността на sin 30° * cos 60° + cos 30° * sin 60°?', 122008, NULL, NULL, 5, 'multiple-choice'),
  (123041, 'Хвърляме стандартен зар. Каква е вероятността да се падне число, по-голямо от 4?', 122009, NULL, NULL, 1, 'multiple-choice'),
  (123042, 'Как се нарича стойността, която разделя подредения статистически ред на две равни части?', 122009, NULL, NULL, 2, 'multiple-choice'),
  (123043, 'По колко начина могат да се подредят 4 книги на един рафт?', 122009, NULL, NULL, 3, 'multiple-choice'),
  (123044, 'Ако вероятността да вали утре е 0.15, каква е вероятността да НЕ вали?', 122009, NULL, NULL, 4, 'multiple-choice'),
  (123045, 'Кой показател е най-чувствителен към "екстремни" стойности в данните?', 122009, NULL, NULL, 5, 'multiple-choice'),
  (123046, 'Кой тип данни бихте използвали за съхранение на средния успех на ученик (напр. 5.75)?', 122010, NULL, NULL, 1, 'multiple-choice'),
  (123047, 'Какво съхранява типът данни bool?', 122010, NULL, NULL, 2, 'multiple-choice'),
  (123048, 'Кое от следните е правилно деклариране на целочислена променлива?', 122010, NULL, NULL, 3, 'multiple-choice'),
  (123049, 'Колко байта памет обикновено заема типът int в модерните системи?', 122010, NULL, NULL, 4, 'multiple-choice'),
  (123050, 'Какъв е резултатът от операцията 10 / 3, ако и двете променливи са от тип int?', 122010, NULL, NULL, 5, 'multiple-choice');

INSERT INTO "Answers" ("Id", "Text", "IsCorrect", "QuestionId", "OrderIndex")
VALUES
  (124101, 'x^2 - 25', 0, 123026, 1),
  (124102, 'x^2 - 10x + 25', 1, 123026, 2),
  (124103, 'x^2 + 10x + 25', 0, 123026, 3),
  (124104, 'x^2 - 5x + 25', 0, 123026, 4),
  (124105, '(3x - 7)(3x - 7)', 0, 123027, 1),
  (124106, '(9x - 7)(9x + 7)', 0, 123027, 2),
  (124107, '(3x - 7)(3x + 7)', 1, 123027, 3),
  (124108, '(3x - 49)(3x + 49)', 0, 123027, 4),
  (124109, '2ab', 0, 123028, 1),
  (124110, '4ab', 1, 123028, 2),
  (124111, '4a^2b^2', 0, 123028, 3),
  (124112, 'ab', 0, 123028, 4),
  (124113, '(a-b)(a^2+ab+b^2)', 1, 123029, 1),
  (124114, '(a-b)(a^2-ab+b^2)', 0, 123029, 2),
  (124115, '(a-b)^3', 0, 123029, 3),
  (124116, '(a+b)(a^2-ab+b^2)', 0, 123029, 4),
  (124117, '10001', 0, 123030, 1),
  (124118, '10201', 1, 123030, 2),
  (124119, '10101', 0, 123030, 3),
  (124120, '10021', 0, 123030, 4),

  (124121, '5', 1, 123031, 1),
  (124122, '7', 0, 123031, 2),
  (124123, '25', 0, 123031, 3),
  (124124, '6', 0, 123031, 4),
  (124125, 'a * b / 2', 0, 123032, 1),
  (124126, '(a+b) * h / 2', 1, 123032, 2),
  (124127, 'a * h', 0, 123032, 3),
  (124128, 'd1 * d2', 0, 123032, 4),
  (124129, 'Равен е', 0, 123033, 1),
  (124130, 'Половината', 0, 123033, 2),
  (124131, 'Една трета', 1, 123033, 3),
  (124132, 'Двойно по-голям', 0, 123033, 4),
  (124133, '100π', 0, 123034, 1),
  (124134, '10π', 0, 123034, 2),
  (124135, '25π', 1, 123034, 3),
  (124136, '20π', 0, 123034, 4),
  (124137, '8 см²', 0, 123035, 1),
  (124138, '16 см²', 0, 123035, 2),
  (124139, '24 см²', 1, 123035, 3),
  (124140, '4 см²', 0, 123035, 4),

  (124141, '0.4', 0, 123036, 1),
  (124142, '0.8', 1, 123036, 2),
  (124143, '0.64', 0, 123036, 3),
  (124144, '1.0', 0, 123036, 4),
  (124145, '0', 0, 123037, 1),
  (124146, '1/2', 0, 123037, 2),
  (124147, '1', 1, 123037, 3),
  (124148, '√3', 0, 123037, 4),
  (124149, '2sin α cos α', 0, 123038, 1),
  (124150, 'cos^2 α + sin^2 α', 0, 123038, 2),
  (124151, 'cos^2 α - sin^2 α', 1, 123038, 3),
  (124152, '2cos α', 0, 123038, 4),
  (124153, 'Лицето му', 0, 123039, 1),
  (124154, 'Периметъра му', 0, 123039, 2),
  (124155, 'Радиуса на описаната окръжност', 1, 123039, 3),
  (124156, 'Радиуса на вписаната окръжност', 0, 123039, 4),
  (124157, '0', 0, 123040, 1),
  (124158, '1/2', 0, 123040, 2),
  (124159, '1', 1, 123040, 3),
  (124160, '√2/2', 0, 123040, 4),

  (124161, '1/6', 0, 123041, 1),
  (124162, '1/3', 1, 123041, 2),
  (124163, '1/2', 0, 123041, 3),
  (124164, '2/3', 0, 123041, 4),
  (124165, 'Средно аритметично', 0, 123042, 1),
  (124166, 'Мода', 0, 123042, 2),
  (124167, 'Медиана', 1, 123042, 3),
  (124168, 'Размах', 0, 123042, 4),
  (124169, '4', 0, 123043, 1),
  (124170, '12', 0, 123043, 2),
  (124171, '24', 1, 123043, 3),
  (124172, '16', 0, 123043, 4),
  (124173, '0.15', 0, 123044, 1),
  (124174, '0.50', 0, 123044, 2),
  (124175, '0.85', 1, 123044, 3),
  (124176, '1.15', 0, 123044, 4),
  (124177, 'Медианата', 0, 123045, 1),
  (124178, 'Модата', 0, 123045, 2),
  (124179, 'Средното аритметично', 1, 123045, 3),
  (124180, 'Всички са еднакво чувствителни', 0, 123045, 4),

  (124181, 'int', 0, 123046, 1),
  (124182, 'char', 0, 123046, 2),
  (124183, 'double', 1, 123046, 3),
  (124184, 'bool', 0, 123046, 4),
  (124185, 'Цяло число', 0, 123047, 1),
  (124186, 'Дробно число', 0, 123047, 2),
  (124187, 'Текст', 0, 123047, 3),
  (124188, 'Истина или лъжа', 1, 123047, 4),
  (124189, 'var x = 10;', 0, 123048, 1),
  (124190, 'int x = 10;', 0, 123048, 2),
  (124191, 'float x = 10;', 0, 123048, 3),
  (124192, 'Всички изброени (в зависимост от езика)', 1, 123048, 4),
  (124193, '1 байт', 0, 123049, 1),
  (124194, '2 байта', 0, 123049, 2),
  (124195, '4 байта', 1, 123049, 3),
  (124196, '8 байта', 0, 123049, 4),
  (124197, '3.33', 0, 123050, 1),
  (124198, '3', 1, 123050, 2),
  (124199, '4', 0, 123050, 3),
  (124200, 'Грешка', 0, 123050, 4);



-- Assumptions:
-- 1. Lessons 11-13 continue the Informatics track and are mapped to Grade 8, SubjectId 120005.
-- 2. Lessons 14-15 introduce Chemistry content and are mapped to Grade 8.
-- 3. Chemistry does not exist in the previous seed files, so a new subject is inserted starting from 120010.
-- 4. Section is 'А' and CreatedByUserId = 1 (seeded admin).
-- 5. IDs start from the ranges provided by the user to avoid overlap with previous scripts.

INSERT INTO "Subjects" ("Id", "CreatedByUserId", "Description", "Name", "Grade", "Section", "CreatedAt")
VALUES
  (120010, 1, 'Въведение в химията с фокус върху строежа на атома, периодичната система и химичните връзки.', 'Химия', 8, 'А', '2026-04-14T17:00:00Z');

INSERT INTO "Lessons" ("Id", "AttachmentName", "AttachmentUrl", "Content", "CreatedByUserId", "Grade", "ImageUrl", "Section", "SubjectId", "Title", "YoutubeUrl", "CreatedAt")
VALUES
  (121011, NULL, NULL, '<h2>Контролни структури: Силата на повторението чрез цикли</h2>
<p>В програмирането често се налага една и съща последователност от команди да бъде изпълнена многократно. Вместо да преписваме кода десетки пъти, използваме <b>цикли</b>. Те ни позволяват да обработваме големи обеми от данни с минимален брой редове код.</p>
<h3>Увод в цикличните процеси</h3>
<p>Цикълът е конструкция, която повтаря блок от код, докато е изпълнено определено условие. Всеки цикъл се състои от три основни елемента: инициализация (начално състояние), условие за край и стъпка на промяна.</p>
<img src="https://source.unsplash.com/featured/?education,Блок-схема на цикъл, показваща проверката на условието и тялото на цикъла" style="width:100%; border-radius:8px; margin: 10px 0;" />
<h3>Основни концепции: Цикъл с брояч (for)</h3>
<p>Цикълът <b>for</b> се използва най-често, когато знаем предварително колко пъти искаме да се изпълни дадено действие. Той е компактен и подрежда всички управляващи елементи на един ред.</p>
<pre><code>
// Пример на C#: Изписване на числата от 1 до 5
for (int i = 1; i &lt;= 5; i++) 
{
    Console.WriteLine("Числото е: " + i);
}
</code></pre>
<p>Тук <code>int i = 1</code> е инициализацията, <code>i &lt;= 5</code> е условието, а <code>i++</code> е стъпката (увеличаване с 1).</p>
<h3>Детайлно обяснение: Цикъл с условие (while)</h3>
<p>Цикълът <b>while</b> се използва, когато броят на повторенията не е известен предварително и зависи от някакво динамично условие (например четене на данни, докато се достигне края на файл или въвеждане на парола до успех).</p>
<pre><code>
// Пример на Java: Цикъл, който работи, докато условието е вярно
int energy = 3;
while (energy &gt; 0) 
{
    System.out.println("Роботът работи...");
    energy--; // Намаляваме енергията
}
System.out.println("Енергията свърши.");
</code></pre>
<h3>Разлики и "Безкраен цикъл"</h3>
<p>Основната разлика е в начина на управление. При <b>for</b> фокусът е върху итерацията, а при <b>while</b> – върху логическото условие.<br><b>Критична опасност:</b> Ако условието на цикъла никога не стане "лъжа" (false), се получава <i>безкраен цикъл</i>, който може да доведе до забиване на програмата.</p>
<h3>Практически примери и приложения</h3>
<ul>
  <li><b>Обработка на масиви:</b> Преминаване през списък с потребители, за да се открие конкретно име.</li>
  <li><b>Гейм дизайн:</b> Главният цикъл на играта (Game Loop), който опреснява екрана 60 пъти в секунда.</li>
  <li><b>Сензори:</b> Проверка на температурата на всеки 10 минути.</li>
</ul>
<h3>Заключение</h3>
<p>Циклите са двигателят на софтуера. Умението да избираш правилния тип цикъл (for или while) е разликата между чистия, оптимизиран код и тромавото решение.</p>', 1, 8, NULL, 'А', 120005, 'Контролни структури: Силата на повторението чрез цикли', NULL, '2026-04-14T17:01:00Z'),
  (121012, NULL, NULL, '<h2>Масиви и списъци: Организиране на големи обеми от данни</h2>
<p>В програмирането често се налага да съхраняваме не една, а стотици или хиляди свързани стойности (например имената на всички ученици в един клас или цените на продуктите в онлайн магазин). Вместо да създаваме отделна променлива за всяка стойност, използваме <b>структури от данни</b> като масиви и списъци.</p>
<h3>Увод в линейните структури от данни</h3>
<p><b>Масивът (Array)</b> е поредица от елементи от един и същи тип, разположени в последователни клетки в паметта. Всеки елемент има свой уникален номер, наречен <b>индекс</b>. Важно правило: в почти всички езици за програмиране индексирането започва от <b>0</b>.</p>
<img src="https://source.unsplash.com/featured/?education,Визуализация на масив с индекси от 0 до n-1 и съдържащите се в тях стойности" style="width:100%; border-radius:8px; margin: 10px 0;" />
<h3>Основни концепции: Статични масиви vs. Динамични списъци</h3>
<ul>
  <li><b>Статичен масив:</b> Размерът му се определя при създаването и не може да се променя по-късно. Той е изключително бърз за достъп, но негъвкав.</li>
  <li><b>Списък (List):</b> Динамична структура, която може да расте или да се свива според нуждите на програмата. В езици като C# и Java се използват класове като <code>List&lt;T&gt;</code> или <code>ArrayList</code>.</li>
</ul>
<h3>Детайлно обяснение: Работа с индекси и обхождане</h3>
<p>За да достъпим конкретен елемент, използваме неговия индекс в квадратни скоби: <code>numbers[2]</code>. За да преминем през всички елементи (обхождане), най-често използваме цикъл <b>for</b>.</p>
<pre><code>
// Пример на C#: Работа с масив
int[] grades = { 6, 5, 4, 6, 2 };

// Достъп до първия елемент
Console.WriteLine(grades[0]); // Изписва 6

// Промяна на стойност
grades[4] = 3; // Променяме двойката на тройка

// Обхождане и намиране на сумата
int sum = 0;
for (int i = 0; i &lt; grades.Length; i++)
{
    sum += grades[i];
}
</code></pre>
<h3>Практически примери и операции</h3>
<p>Най-честите операции, които извършваме с масиви и списъци, са:</p>
<ul>
  <li><b>Търсене:</b> Проверка дали даден елемент съществува в списъка.</li>
  <li><b>Сортиране:</b> Подреждане на елементите по големина или по азбучен ред.</li>
  <li><b>Филтриране:</b> Извличане само на тези елементи, които отговарят на условие (напр. всички отлични оценки).</li>
</ul>
<img src="https://source.unsplash.com/featured/?education,Схема на вмъкване на елемент в средата на динамичен списък" style="width:100%; border-radius:8px; margin: 10px 0;" />
<h3>Заключение</h3>
<p>Изборът между масив и списък зависи от конкретната задача. Ако знаете точния брой елементи предварително, масивът е по-ефективен. Ако обаче добавяте и премахвате данни постоянно, списъкът е вашият най-добър приятел.</p>', 1, 8, NULL, 'А', 120005, 'Масиви и списъци: Организиране на големи обеми от данни', NULL, '2026-04-14T17:02:00Z'),
  (121013, NULL, NULL, '<h2>Обектно-ориентирано програмиране (ООП): Моделиране на реалния свят</h2>
<p><b>Обектно-ориентираното програмиране</b> е подход, при който програмата се разглежда като съвкупност от взаимодействащи си обекти. Вместо просто да пишем поредица от инструкции, ние създаваме модели на реални обекти (като кола, потребител или банкова сметка), които имат свои характеристики и поведение.</p>
<h3>Увод в концепцията: Клас срещу Обект</h3>
<p>Най-лесният начин да разберем ООП е чрез аналогията с архитектурен план. <b>Класът</b> е чертежът (шаблонът), а <b>обектът</b> е реалната сграда, построена по този чертеж. От един клас можем да създадем безброй обекти (инстанции).</p>
<img src="https://source.unsplash.com/featured/?education,Диаграма, показваща клас Car с полета като цвят и марка, и няколко обекта Car с различни стойности" style="width:100%; border-radius:8px; margin: 10px 0;" />
<h3>Основни концепции: Полета, Свойства и Методи</h3>
<p>Всеки клас притежава два основни компонента:</p>
<ul>
  <li><b>Състояние (Полета/Атрибути):</b> Това са данните, които обектът пази (напр. <i>име, възраст, цена</i>).</li>
  <li><b>Поведение (Методи):</b> Това са функциите, които обектът може да изпълнява (напр. <i>движение(), изчисляване_на_отстъпка(), принтиране()</i>).</li>
</ul>
<h3>Детайлно обяснение: Основните принципи на ООП</h3>
<p>ООП се гради върху четири "стълба", които правят кода чист и лесен за поддръжка:</p>
<ol>
  <li><b>Енкапсулация:</b> Скриване на вътрешните данни на обекта и осигуряване на достъп до тях само чрез публични методи. Това предпазва данните от неволно повреждане.</li>
  <li><b>Наследяване:</b> Възможността един клас да наследи характеристиките на друг (напр. клас "Студент" наследява "Човек").</li>
  <li><b>Абстракция:</b> Фокусиране върху съществените характеристики и скриване на сложните детайли.</li>
  <li><b>Полиморфизъм:</b> Способността на различни обекти да реагират на едно и също действие по свой собствен начин.</li>
</ol>
<h3>Практически пример с код</h3>
<p>Ето как би изглеждал прост клас на езика C# за моделиране на ученик:</p>
<pre><code>
class Student 
{
    // Полета (Данни)
    public string Name;
    public double Grade;

    // Метод (Поведение)
    public void Introduce() 
    {
        Console.WriteLine("Здравейте, аз съм " + Name + " и имам оценка " + Grade);
    }
}

// Използване в главната програма:
Student s1 = new Student();
s1.Name = "Мария";
s1.Grade = 6.00;
s1.Introduce();
</code></pre>
<h3>Заключение</h3>
<p>ООП промени начина, по който се създава софтуер, като позволи на програмистите да мислят за кода като за модулни части, които лесно могат да се преизползват и разширяват. Това е основата за създаването на всяко модерно мобилно приложение или видеоигра.</p>', 1, 8, NULL, 'А', 120005, 'Обектно-ориентирано програмиране (ООП): Моделиране на реалния свят', NULL, '2026-04-14T17:03:00Z'),
  (121014, NULL, NULL, '<h2>Периодична система и строеж на атома: Архитектурата на микросвета</h2>
<p>Всичко около нас — от въздуха, който дишаме, до екрана, на който четете това — е изградено от атоми. Разбирането на <b>строежа на атома</b> и логиката на <b>Периодичната система</b> ни позволява да предвиждаме как се държат веществата и какви свойства притежават.</p>
<h3>Увод в атомната структура</h3>
<p>Атомът е най-малката частица на един химичен елемент, която запазва неговите свойства. Той се състои от две основни части: централно разположено <b>атомно ядро</b> и <b>електронна обвивка</b>, която го обгражда.</p>
<img src="https://source.unsplash.com/featured/?education,Диаграма на модела на Бор за атома – ядро с протони и неутрони, и електрони на орбитали" style="width:100%; border-radius:8px; margin: 10px 0;" />
<h3>Основни концепции: Елементарни частици</h3>
<ul>
  <li><b>Протони (p+):</b> Положително заредени частици в ядрото. Техният брой определя <i>атомния номер (Z)</i> на елемента.</li>
  <li><b>Неутрони (n0):</b> Електронеутрални частици в ядрото. Сборът от протони и неутрони определя <i>масовото число (A)</i>.</li>
  <li><b>Електрони (e-):</b> Отрицателно заредени частици, които се движат около ядрото в електронната обвивка. В електронеутралния атом техният брой е равен на броя на протоните.</li>
</ul>
<h3>Периодичната система на елементите (ПСЕ)</h3>
<p>Дмитрий Менделеев открива, че свойствата на елементите са в периодична зависимост от техния атомен номер. ПСЕ е организирана в:</p>
<ul>
  <li><b>Периоди (хоризонтални редове):</b> Номерът на периода показва броя на електронните слоеве в атома.</li>
  <li><b>Групи (вертикални колони):</b> За елементите от главните групи (A групите), номерът на групата съответства на броя на електроните в най-външния слой (валентни електрони).</li>
</ul>
<img src="https://source.unsplash.com/featured/?education,Периодична таблица с цветно означение на метали, неметали и благородни газове" style="width:100%; border-radius:8px; margin: 10px 0;" />
<h3>Детайлно обяснение: Електронна обвивка и химична активност</h3>
<p>Химичните свойства на елементите се определят главно от броя на <b>валентните електрони</b>. Атомите се стремят да достигнат стабилна електронна конфигурация (обикновено 8 електрона във външния слой, подобно на благородните газове). Това е движещата сила зад химичните реакции — атомите отдават, приемат или споделят електрони.</p>
<p><b>Периодични закономерности:</b><br>- В групите (отгоре надолу) металният характер се засилва.<br>- В периодите (от ляво на дясно) неметалният характер се засилва.</p>
<h3>Практически пример</h3>
<p>Нека разгледаме елемента <b>Натрий (Na)</b>. Той е в 3-ти период и 1-ва група. Това означава, че има 3 електронни слоя и 1 валентен електрон. Понеже има само един електрон във външния си слой, той лесно го отдава, което го прави изключително активен метал.</p>
<h3>Заключение</h3>
<p>Периодичната система не е просто таблица, а карта на химичния свят. Всеки елемент има точно определено място, което разказва неговата история — колко е активен, с кого може да се свързва и какво е неговото приложение.</p>', 1, 8, NULL, 'А', 120010, 'Периодична система и строеж на атома: Архитектурата на микросвета', NULL, '2026-04-14T17:04:00Z'),
  (121015, NULL, NULL, '<h2>Химични връзки: Силите, които държат света цял</h2>
<p>В природата рядко срещаме изолирани атоми (с изключение на благородните газове). Повечето атоми са нестабилни сами по себе си и се стремят да се свържат с други атоми, за да достигнат състояние с минимална енергия и стабилна електронна конфигурация. Този процес на взаимодействие наричаме <b>химично свързване</b>.</p>
<h3>Увод в концепцията за стабилност</h3>
<p>Основният стремеж на атомите е да запълнят външния си електронен слой с 8 електрона (октетна конфигурация). За да постигнат това, те могат да отдават, приемат или споделят електрони, което определя вида на връзката между тях.</p>
<img src="https://source.unsplash.com/featured/?education,Схема на октетното правило – сравнение между нестабилен атом и стабилна конфигурация" style="width:100%; border-radius:8px; margin: 10px 0;" />
<h3>1. Йонна връзка: Пълно отдаване и приемане</h3>
<p><b>Йонната връзка</b> се образува между атоми с голяма разлика в електроотрицателността (обикновено между типичен метал и типичен неметал). Металът отдава своите валентни електрони и се превръща в позитивен йон (катион), а неметалът ги приема и става негативен йон (анион). Противоположните заряди се привличат от мощни електростатични сили.</p>
<ul>
  <li><b>Свойства:</b> Веществата с йонна връзка са твърди, крехки, имат високи температури на топене и провеждат ток в разтвор или стопилка.</li>
  <li><b>Пример:</b> Готварска сол (NaCl).</li>
</ul>
<h3>2. Ковалентна връзка: Споделяне на електрони</h3>
<p>Тази връзка се образува предимно между неметали. Тук атомите не си "крадат" електрони, а образуват <b>общи електронни двойки</b>.</p>
<ul>
  <li><b>Ковалентна неполярна:</b> Образува се между еднакви атоми (напр. H2, O2, N2). Електронната плътност е разпределена симетрично.</li>
  <li><b>Ковалентна полярна:</b> Образува се между различни неметали (напр. HCl, H2O). Единият атом привлича общата двойка по-силно, създавайки частични заряди (дипол).</li>
</ul>
<img src="https://source.unsplash.com/featured/?education,Сравнение между полярна и неполярна ковалентна връзка чрез разпределение на електронния облак" style="width:100%; border-radius:8px; margin: 10px 0;" />
<h3>3. Метална връзка: "Море" от електрони</h3>
<p>Характерна е за металите в твърдо и течно състояние. Металните атоми отдават валентните си електрони, които стават "обобщени" и се движат свободно между останалите в кристала позитивни йони. Това <b>"електронно море"</b> е причината за високата електропроводимост и пластичност на металите.</p>
<h3>Детайлно обяснение: Електроотрицателност</h3>
<p>Електроотрицателността е способността на атома да привлича електрони. Ако разликата (Δχ) е над 1.7, връзката се счита за йонна. Ако е между 0.4 и 1.7 – ковалентна полярна, а под 0.4 – ковалентна неполярна.</p>
<h3>Заключение</h3>
<p>Видът на химичната връзка определя физичните и химичните свойства на материалите. Без тези взаимодействия материята би била просто хаос от несвързани частици.</p>', 1, 8, NULL, 'А', 120010, 'Химични връзки: Силите, които държат света цял', NULL, '2026-04-14T17:05:00Z');

INSERT INTO "Tests" ("Id", "CreatedByUserId", "LessonId", "Title", "Grade", "Section", "CreatedAt")
VALUES
  (122011, 1, 121011, 'Тест към тема "Контролни структури: Цикли"', 8, 'А', '2026-04-14T17:06:00Z'),
  (122012, 1, 121012, 'Тест към тема "Масиви и списъци"', 8, 'А', '2026-04-14T17:07:00Z'),
  (122013, 1, 121013, 'Тест към тема "Обектно-ориентирано програмиране"', 8, 'А', '2026-04-14T17:08:00Z'),
  (122014, 1, 121014, 'Тест към тема "Периодична система и строеж на атома"', 8, 'А', '2026-04-14T17:09:00Z'),
  (122015, 1, 121015, 'Тест към тема "Химични връзки"', 8, 'А', '2026-04-14T17:10:00Z');

INSERT INTO "Questions" ("Id", "Text", "TestId", "CorrectTextAnswer", "ImageUrl", "OrderIndex", "Type")
VALUES
  (123051, 'Кой цикъл е най-подходящ, ако знаем, че трябва да извършим действие точно 100 пъти?', 122011, NULL, NULL, 1, 'multiple-choice'),
  (123052, 'Какво ще се случи, ако условието в ''while'' винаги е true?', 122011, NULL, NULL, 2, 'multiple-choice'),
  (123053, 'Какво означава ''i++'' в оператора ''for''?', 122011, NULL, NULL, 3, 'multiple-choice'),
  (123054, 'Коя част от цикъла ''for'' се изпълнява само веднъж в самото начало?', 122011, NULL, NULL, 4, 'multiple-choice'),
  (123055, 'Колко пъти ще се изпълни цикълът: for(int i=0; i<3; i++)?', 122011, NULL, NULL, 5, 'multiple-choice'),
  (123056, 'Какъв е индексът на първия елемент в масив с 10 елемента?', 122012, NULL, NULL, 1, 'multiple-choice'),
  (123057, 'Кое е основното предимство на списъка (List) пред масива?', 122012, NULL, NULL, 2, 'multiple-choice'),
  (123058, 'Какво ще се случи, ако се опитате да достъпите индекс 5 в масив с дължина 5?', 122012, NULL, NULL, 3, 'multiple-choice'),
  (123059, 'Кой цикъл е най-удобен за обхождане на всички елементи в масив?', 122012, NULL, NULL, 4, 'multiple-choice'),
  (123060, 'Как се дефинира празен масив от цели числа с 3 елемента в C#?', 122012, NULL, NULL, 5, 'multiple-choice'),
  (123061, 'Какво представлява "Класът" в ООП?', 122013, NULL, NULL, 1, 'multiple-choice'),
  (123062, 'Кой принцип на ООП се използва за скриване на вътрешната имплементация?', 122013, NULL, NULL, 2, 'multiple-choice'),
  (123063, 'Как се наричат функциите, дефинирани вътре в класа?', 122013, NULL, NULL, 3, 'multiple-choice'),
  (123064, 'Ако клас "Куче" произлиза от клас "Животно", какъв процес наблюдаваме?', 122013, NULL, NULL, 4, 'multiple-choice'),
  (123065, 'Какво създаваме чрез ключовата дума ''new'' (в езици като Java/C#)?', 122013, NULL, NULL, 5, 'multiple-choice'),
  (123066, 'Коя частица определя химичния елемент (атомния номер)?', 122014, NULL, NULL, 1, 'multiple-choice'),
  (123067, 'Какво показва номерът на периода в Периодичната система?', 122014, NULL, NULL, 2, 'multiple-choice'),
  (123068, 'Колко валентни електрона има елемент от VII A група (халогенна група)?', 122014, NULL, NULL, 3, 'multiple-choice'),
  (123069, 'Атомът на елемент с 11 протона и 12 неутрона има масово число:', 122014, NULL, NULL, 4, 'multiple-choice'),
  (123070, 'Къде в периодичната система се намират най-силните неметали?', 122014, NULL, NULL, 5, 'multiple-choice'),
  (123071, 'Какъв вид е връзката в молекулата на кислорода (O2)?', 122015, NULL, NULL, 1, 'multiple-choice'),
  (123072, 'Кое свойство е характерно за йонните съединения?', 122015, NULL, NULL, 2, 'multiple-choice'),
  (123073, 'При коя връзка се образува "електронно море"?', 122015, NULL, NULL, 3, 'multiple-choice'),
  (123074, 'В молекулата на водата (H2O) връзката е:', 122015, NULL, NULL, 4, 'multiple-choice'),
  (123075, 'Какво се случва с електроните при образуване на йонна връзка?', 122015, NULL, NULL, 5, 'multiple-choice');

INSERT INTO "Answers" ("Id", "Text", "IsCorrect", "QuestionId", "OrderIndex")
VALUES
  (124201, 'while', 0, 123051, 1),
  (124202, 'do-while', 0, 123051, 2),
  (124203, 'for', 1, 123051, 3),
  (124204, 'if-else', 0, 123051, 4),
  (124205, 'Програмата ще даде грешка при компилация.', 0, 123052, 1),
  (124206, 'Цикълът ще се изпълни само веднъж.', 0, 123052, 2),
  (124207, 'Програмата ще влезе в безкраен цикъл.', 1, 123052, 3),
  (124208, 'Нищо не се случва.', 0, 123052, 4),
  (124209, 'Намаляване на i с 1', 0, 123053, 1),
  (124210, 'Увеличаване на i с 1', 1, 123053, 2),
  (124211, 'Квадрат на i', 0, 123053, 3),
  (124212, 'Проверка дали i е равно на 1', 0, 123053, 4),
  (124213, 'Условието', 0, 123054, 1),
  (124214, 'Тялото на цикъла', 0, 123054, 2),
  (124215, 'Стъпката', 0, 123054, 3),
  (124216, 'Инициализацията', 1, 123054, 4),
  (124217, '2 пъти', 0, 123055, 1),
  (124218, '3 пъти', 1, 123055, 2),
  (124219, '4 пъти', 0, 123055, 3),
  (124220, 'Нито веднъж', 0, 123055, 4),

  (124221, '1', 0, 123056, 1),
  (124222, '0', 1, 123056, 2),
  (124223, '-1', 0, 123056, 3),
  (124224, '10', 0, 123056, 4),
  (124225, 'Заема по-малко памет.', 0, 123057, 1),
  (124226, 'Елементите му са по-бързи за достъп.', 0, 123057, 2),
  (124227, 'Може да променя размера си динамично.', 1, 123057, 3),
  (124228, 'Не изисква тип на данните.', 0, 123057, 4),
  (124229, 'Ще получите първия елемент.', 0, 123058, 1),
  (124230, 'Ще получите последния елемент.', 0, 123058, 2),
  (124231, 'Програмата ще хвърли грешка (Index Out of Range).', 1, 123058, 3),
  (124232, 'Ще се върне стойност 0.', 0, 123058, 4),
  (124233, 'if-else', 0, 123059, 1),
  (124234, 'switch-case', 0, 123059, 2),
  (124235, 'for или foreach', 1, 123059, 3),
  (124236, 'break', 0, 123059, 4),
  (124237, 'int arr = new int(3);', 0, 123060, 1),
  (124238, 'array[3] int;', 0, 123060, 2),
  (124239, 'int[] arr = new int[3];', 1, 123060, 3),
  (124240, 'list int[3];', 0, 123060, 4),

  (124241, 'Конкретна променлива с данни', 0, 123061, 1),
  (124242, 'Шаблон или чертеж за създаване на обекти', 1, 123061, 2),
  (124243, 'Специален цикъл в програмата', 0, 123061, 3),
  (124244, 'Вид масив', 0, 123061, 4),
  (124245, 'Полиморфизъм', 0, 123062, 1),
  (124246, 'Наследяване', 0, 123062, 2),
  (124247, 'Енкапсулация', 1, 123062, 3),
  (124248, 'Инициализация', 0, 123062, 4),
  (124249, 'Полета', 0, 123063, 1),
  (124250, 'Променливи', 0, 123063, 2),
  (124251, 'Методи', 1, 123063, 3),
  (124252, 'Свойства', 0, 123063, 4),
  (124253, 'Абстракция', 0, 123064, 1),
  (124254, 'Наследяване', 1, 123064, 2),
  (124255, 'Компилация', 0, 123064, 3),
  (124256, 'Дефиниция', 0, 123064, 4),
  (124257, 'Нов клас', 0, 123065, 1),
  (124258, 'Нов метод', 0, 123065, 2),
  (124259, 'Нов обект (инстанция на клас)', 1, 123065, 3),
  (124260, 'Нов тип данни', 0, 123065, 4),

  (124261, 'Електронът', 0, 123066, 1),
  (124262, 'Неутронът', 0, 123066, 2),
  (124263, 'Протонът', 1, 123066, 3),
  (124264, 'Позитронът', 0, 123066, 4),
  (124265, 'Броя на валентните електрони', 0, 123067, 1),
  (124266, 'Броя на електронните слоеве', 1, 123067, 2),
  (124267, 'Броя на неутроните в ядрото', 0, 123067, 3),
  (124268, 'Масата на атома', 0, 123067, 4),
  (124269, '1', 0, 123068, 1),
  (124270, '7', 1, 123068, 2),
  (124271, '8', 0, 123068, 3),
  (124272, '17', 0, 123068, 4),
  (124273, '11', 0, 123069, 1),
  (124274, '12', 0, 123069, 2),
  (124275, '23', 1, 123069, 3),
  (124276, '1', 0, 123069, 4),
  (124277, 'Долу вляво', 0, 123070, 1),
  (124278, 'Горе вдясно (преди благородните газове)', 1, 123070, 2),
  (124279, 'В средата на таблицата', 0, 123070, 3),
  (124280, 'В първата група', 0, 123070, 4),

  (124281, 'Йонна', 0, 123071, 1),
  (124282, 'Ковалентна полярна', 0, 123071, 2),
  (124283, 'Ковалентна неполярна', 1, 123071, 3),
  (124284, 'Метална', 0, 123071, 4),
  (124285, 'Ниска температура на топене', 0, 123072, 1),
  (124286, 'Провеждат електричество в твърдо състояние', 0, 123072, 2),
  (124287, 'Образуват кристални решетки', 1, 123072, 3),
  (124288, 'Винаги са газове при стайна температура', 0, 123072, 4),
  (124289, 'Ковалентна', 0, 123073, 1),
  (124290, 'Метална', 1, 123073, 2),
  (124291, 'Йонна', 0, 123073, 3),
  (124292, 'Водородна', 0, 123073, 4),
  (124293, 'Ковалентна неполярна', 0, 123074, 1),
  (124294, 'Йонна', 0, 123074, 2),
  (124295, 'Ковалентна полярна', 1, 123074, 3),
  (124296, 'Метална', 0, 123074, 4),
  (124297, 'Споделят се поравно', 0, 123075, 1),
  (124298, 'Движат се свободно из целия обем', 0, 123075, 2),
  (124299, 'Прехвърлят се от един атом към друг', 1, 123075, 3),
  (124300, 'Изчезват', 0, 123075, 4);



-- Assumptions:
-- 1. Lessons 16-17 continue the Chemistry track and are mapped to Grade 8, SubjectId 120010.
-- 2. Lessons 18-20 introduce Biology content and are mapped to Grade 8.
-- 3. Biology does not exist in the previous seed files, so a new subject is inserted starting from 120011.
-- 4. Section is 'А' and CreatedByUserId = 1 (seeded admin).
-- 5. IDs start from the ranges provided by the user to avoid overlap with previous scripts.

INSERT INTO "Subjects" ("Id", "CreatedByUserId", "Description", "Name", "Grade", "Section", "CreatedAt")
VALUES
  (120011, 1, 'Подготовка по биология с фокус върху клетката, генетиката и човешкото тяло.', 'Биология', 8, 'А', '2026-04-14T17:11:00Z');

INSERT INTO "Lessons" ("Id", "AttachmentName", "AttachmentUrl", "Content", "CreatedByUserId", "Grade", "ImageUrl", "Section", "SubjectId", "Title", "YoutubeUrl", "CreatedAt")
VALUES
  (121016, NULL, NULL, '<h2>Органична химия: Светът на въглеводородите</h2>
<p><b>Органичната химия</b> е химията на въглеродните съединения. Въглеродът притежава уникалната способност да образува здрави вериги (прави, разклонени или пръстеновидни), свързвайки се с други въглеродни атоми или други елементи. Най-простите органични съединения са <b>въглеводородите</b>, които се състоят само от два елемента: въглерод (C) и водород (H).</p>
<h3>Увод в класификацията на въглеводородите</h3>
<p>Въглеводородите се делят на две големи групи: <b>алифатни</b> (верижни) и <b>ароматни</b> (пръстеновидни със специфична структура). В зависимост от вида на връзките между въглеродните атоми, алифатните биват наситени и ненаситени.</p>
<img src="https://source.unsplash.com/featured/?education,Класификация на въглеводородите – дървовидна диаграма: Алкани, Алкени, Алкини, Арени" style="width:100%; border-radius:8px; margin: 10px 0;" />
<h3>1. Алкани (Наситени въглеводороди)</h3>
<p>При алканите всички връзки между въглеродните атоми са <b>единични</b>. Те са малко реактивоспособни (наричат се още "парафини").</p>
<ul>
  <li><b>Обща формула:</b> $C_nH_{2n+2}$</li>
  <li><b>Хомоложен ред:</b> Метан ($CH_4$), Етан ($C_2H_6$), Пропан ($C_3H_8$), Бутан ($C_4H_{10}$).</li>
  <li><b>Свойства:</b> Горят с отделяне на много енергия (горива).</li>
</ul>
<h3>2. Алкени и Алкини (Ненаситени въглеводороди)</h3>
<p>Те съдържат кратни връзки, което ги прави много по-активни химически.</p>
<ul>
  <li><b>Алкени:</b> Съдържат една <b>двойна връзка</b> (C=C). Обща формула: $C_nH_{2n}$. Представител: Етен (Етилен) – използва се за производство на полиетилен.</li>
  <li><b>Алкини:</b> Съдържат една <b>тройна връзка</b>. Обща формула: $C_nH_{2n-2}$. Представител: Етин (Ацетилен) – използва се при заваряване.</li>
</ul>
<img src="https://source.unsplash.com/featured/?education,Модели на молекулите на метан, етен и етин, показващи различните видове връзки" style="width:100%; border-radius:8px; margin: 10px 0;" />
<h3>3. Ароматни въглеводороди (Арени)</h3>
<p>Най-важният представител е <b>Бензенът</b> ($C_6H_6$). Той има пръстеновидна структура със специфична система от делокализирани електрони, известна като "ароматно ядро". Използва се като разтворител и суровина за лекарства и бои.</p>
<h3>Детайлно обяснение: Химични свойства</h3>
<p>Основната разлика в поведението им е видът реакция:</p>
<ul>
  <li><b>Заместителни реакции:</b> Характерни за алканите (например хлориране на метан под действие на светлина).</li>
  <li><b>Присъединителни реакции:</b> Характерни за алкените и алкините (присъединяване на водород, халогени или вода), при които крайната връзка се разкъсва.</li>
</ul>
<h3>Заключение</h3>
<p>Въглеводородите са основен източник на енергия за човечеството (нефт, природен газ). Познаването на техния строеж е фундаментално за развитието на нови материали и за разбирането на екологичните проблеми, свързани с тяхното изгаряне.</p>', 1, 8, NULL, 'А', 120010, 'Органична химия: Светът на въглеводородите', NULL, '2026-04-14T17:12:00Z'),
  (121017, NULL, NULL, '<h2>Метали и неметали: Двете лица на химичните елементи</h2>
<p>Всички химични елементи в Периодичната система се класифицират основно като <b>метали</b> или <b>неметали</b> (с малка група металоиди между тях). Тази класификация се основава на техните физични свойства и способността им да отдават или приемат електрони по време на химични реакции.</p>
<h3>Увод в характеристиките на металите</h3>
<p>Металите съставляват по-голямата част от Периодичната система (разположени вляво и в центъра). Техните атоми имат малък брой валентни електрони, които лесно отдават, превръщайки се в положително заредени йони.</p>
<img src="https://source.unsplash.com/featured/?education,Сравнителна таблица на физичните свойства на метали и неметали" style="width:100%; border-radius:8px; margin: 10px 0;" />
<h3>Основни концепции: Физични и химични свойства</h3>
<ul>
  <li><b>Метали:</b>
    <ul>
      <li><i>Физични:</i> Метален блясък, висока електро- и топлопроводимост, пластичност и ковкост. Повечето са твърди при стайна температура (с изключение на живака).</li>
      <li><i>Химични:</i> Взаимодействат с неметали (образуват соли), с кислород (образуват основни оксиди) и с киселини (изместват водорода, ако са активни).</li>
    </ul>
  </li>
  <li><b>Неметали:</b>
    <ul>
      <li><i>Физични:</i> Лоши проводници на ток и топлина (изолатори), крехки в твърдо състояние, нямат метален блясък. Срещат се в трите агрегатни състояния (газообразно – O2, течно – Br2, твърдо – S).</li>
      <li><i>Химични:</i> Приемат електрони. С кислород образуват киселинни оксиди.</li>
    </ul>
  </li>
</ul>
<img src="https://source.unsplash.com/featured/?education,Диаграма на метална кристална решетка, обясняваща проводимостта и пластичността" style="width:100%; border-radius:8px; margin: 10px 0;" />
<h3>Детайлно обяснение: Сплави и тяхното значение</h3>
<p>В практиката чистите метали често са твърде меки или податливи на корозия. Затова се използват <b>сплави</b> – хомогенни смеси от два или повече метала (или метал и неметал). Сплавите имат подобрени свойства като по-голяма твърдост, устойчивост на корозия и специфичен външен вид.</p>
<ul>
  <li><b>Стомана:</b> Желязо с малко количество въглерод (неметал). Основа на строителството.</li>
  <li><b>Бронз:</b> Сплав от мед и калай. Използва се от древността за скулптури и инструменти.</li>
  <li><b>Дюралуминий:</b> Алуминий с мед и магнезий. Изключително лек и здрав, незаменим в самолетостроенето.</li>
</ul>
<h3>Практически приложения</h3>
<p>Металите като медта и алуминия са жизненоважни за електротехниката поради ниското си съпротивление. Неметалите като водорода и азота са в основата на химическата промишленост (производство на амоняк и торове), а въглеродът (под формата на графит и диамант) намира приложение от моливите до режещите инструменти и нанотехнологиите.</p>
<h3>Заключение</h3>
<p>Разграничаването между метали и неметали не е само теоретично. То определя начина, по който човечеството добива ресурси и създава нови материали, които движат технологичния прогрес.</p>', 1, 8, NULL, 'А', 120010, 'Метали и неметали: Двете лица на химичните елементи', NULL, '2026-04-14T17:13:00Z'),
  (121018, NULL, NULL, '<h2>Клетката: Микроскопичният двигател на живота</h2>
<p><b>Клетката</b> е най-малката структурна и функционална единица на всички живи организми. Тя притежава всички белези на живото: метаболизъм, растеж, размножаване, наследственост и дразнимост. В зависимост от сложността на своя строеж, клетките се делят на две основни групи: <b>прокариотни</b> и <b>еукариотни</b>.</p>
<h3>Увод в цитологията</h3>
<p>Цитологията е науката, която изучава клетките. Въпреки огромното разнообразие във формата и размерите им (от микроскопичните бактерии до огромните нервни клетки), всички те споделят общ план на строеж, включващ клетъчна мембрана, цитоплазма и генетичен апарат.</p>
<img src="https://source.unsplash.com/featured/?education,Сравнение между растителна и животинска клетка с означени органели" style="width:100%; border-radius:8px; margin: 10px 0;" />
<h3>Основни концепции: Прокариоти и Еукариоти</h3>
<ul>
  <li><b>Прокариотни клетки:</b> Те са по-просто устроени и нямат обособено ядро. Генетичният им материал (ДНК) е разположен свободно в цитоплазмата. Типичен пример са бактериите.</li>
  <li><b>Еукариотни клетки:</b> Притежават добре оформено ядро, заградено с двойна мембрана, и множество специализирани органели. Към тях спадат клетките на растенията, животните и гъбите.</li>
</ul>
<h3>Детайлно обяснение: Клетъчни органели и техните функции</h3>
<p>Всеки органел в еукариотната клетка изпълнява специфична роля, подобно на органите в човешкото тяло:</p>
<ul>
  <li><b>Ядро:</b> "Командният център", който съхранява наследствената информация (ДНК) и контролира процесите в клетката.</li>
  <li><b>Митохондрии:</b> "Енергийните станции" на клетката, където чрез клетъчно дишане се произвежда енергия (АТФ).</li>
  <li><b>Рибозоми:</b> Мястото, където се извършва синтезът на белтъци.</li>
  <li><b>Ендоплазмена мрежа (ЕПМ):</b> Система от каналчета за транспорт на вещества.</li>
  <li><b>Апарат на Голджи:</b> Сортира, модифицира и пакетира белтъци и липиди в секреторни мехурчета.</li>
  <li><b>Хлоропласти (само при растения):</b> Органели за извършване на фотосинтеза.</li>
</ul>
<img src="https://source.unsplash.com/featured/?education,Схема на митохондрия с означени вътрешни мембрани и матрикс" style="width:100%; border-radius:8px; margin: 10px 0;" />
<h3>Практическо значение на клетъчната биология</h3>
<p>Разбирането на клетъчните процеси е в основата на медицината и биотехнологиите. Например, действието на много антибиотици е насочено именно към разрушаване на специфични структури в бактериалната (прокариотна) клетка, без да се засягат еукариотните клетки на човека.</p>
<h3>Заключение</h3>
<p>Клетката не е статична кухина, а динамична система, в която хиляди химични реакции протичат едновременно в пълен синхрон. Тя е доказателство за единството на живия свят – от най-простата бактерия до сложния човешки организъм.</p>', 1, 8, NULL, 'А', 120011, 'Клетката: Микроскопичният двигател на живота', NULL, '2026-04-14T17:14:00Z'),
  (121019, NULL, NULL, '<h2>Генетика: Кодът на наследствеността</h2>
<p><b>Генетиката</b> е наука за наследствеността и изменяемостта на организмите. Тя изучава как биологичната информация се съхранява, предава и реализира в живите системи. Основните стълбове на тази наука са положени от Грегор Мендел чрез неговите опити с грах.</p>
<h3>Увод в генетичната терминология</h3>
<p>За да разберем генетиката, трябва да познаваме нейния „език“:</p>
<ul>
  <li><b>Ген:</b> Участък от ДНК, който носи информация за синтеза на една белтъчна молекула (определя конкретен белег).</li>
  <li><b>Алели:</b> Различни форми на един и същ ген (напр. алел за сини очи и алел за кафяви очи).</li>
  <li><b>Генотип:</b> Съвкупността от всички гени на индивида.</li>
  <li><b>Фенотип:</b> Проявата на тези гени – външните белези (цвят на очи, височина).</li>
  <li><b>Хомозиготен:</b> Индивид с два еднакви алела (АА или аа).</li>
  <li><b>Хетерозиготен:</b> Индивид с два различни алела (Аа).</li>
</ul>
<h3>Основни концепции: Закони на Мендел</h3>
<p>Мендел установява, че белезите не се „смесват“, а се предават като дискретни единици. Той въвежда понятията <b>доминантен</b> (преобладаващ) и <b>рецесивен</b> (подтиснат) белег.</p>
<ol>
  <li><b>Закон за единообразието:</b> При кръстосване на чисти линии (АА х аа), всички индивиди в първото поколение са еднакви (Аа) и проявяват доминантния белег.</li>
  <li><b>Закон за разпадането:</b> Във второто поколение (Аа х Аа) белезите се разпадат в отношение 3:1 по фенотип.</li>
  <li><b>Закон за независимото наследяване:</b> Различните белези се наследяват независимо един от друг.</li>
</ol>
<h3>Детайлно обяснение: Изменяемост</h3>
<p>Освен наследяването, генетиката изучава и <b>изменяемостта</b> – способността на организмите да придобиват нови белези.</p>
<ul>
  <li><b>Модификационна (ненаследствена):</b> Промени под влияние на средата (напр. тен на кожата от слънцето). Те не се предават на потомството.</li>
  <li><b>Генотипна (наследствена):</b> Промени в самия генетичен материал. Основен източник са <b>мутациите</b>. Мутациите могат да бъдат полезни, вредни или неутрални и са „горивото“ на еволюцията.</li>
</ul>
<h3>Практическо приложение: Генетично инженерство и медицина</h3>
<p>Днес генетиката позволява диагностициране на наследствени заболявания още преди раждането. Генетичното инженерство пък ни дава възможност да създаваме растения, устойчиви на вредители, или да произвеждаме важни лекарства като инсулина чрез модифицирани бактерии.</p>
<h3>Заключение</h3>
<p>Генетиката е мостът между миналото и бъдещето на всеки вид. Разбирането на ДНК ни дава ключа към лечението на много болести и към по-доброто познаване на собствената ни биологична същност.</p>', 1, 8, NULL, 'А', 120011, 'Генетика: Кодът на наследствеността', NULL, '2026-04-14T17:15:00Z'),
  (121020, NULL, NULL, '<h2>Човешкото тяло: Съвършената биологична машина</h2>
<p>Човешкият организъм е сложна йерархична система. Клетките с общ произход и функция образуват <b>тъкани</b> (епителна, съединителна, мускулна и нервна), тъканите изграждат <b>органи</b>, а органите се обединяват в <b>системи</b>, които работят в пълен синхрон под контрола на нервната и ендокринната система.</p>
<h3>Увод в анатомията и физиологията</h3>
<p>Анатомията изучава строежа на тялото, а физиологията – как функционират неговите части. Хомеостазата е ключов процес – това е способността на тялото да поддържа постоянна вътрешна среда (температура, кръвно налягане, киселинност) въпреки промените навън.</p>
<h3>Основни системи в човешкото тяло</h3>
<ul>
  <li><b>Опорно-двигателна система:</b> Състои се от скелет (кости) и мускули. Тя осигурява защитата на органите и възможността за движение.</li>
  <li><b>Сърдечно-съдова система:</b> Включва сърцето и кръвоносните съдове (артерии, вени, капиляри). Тя пренася кислород и хранителни вещества до клетките и отвежда отпадните продукти.</li>
  <li><b>Дихателна система:</b> Чрез белите дробове се извършва газова обмяна – приемане на кислород и отделяне на въглероден диоксид.</li>
  <li><b>Храносмилателна система:</b> Разгражда храната до прости вещества, които могат да бъдат усвоени от клетките.</li>
</ul>
<h3>Детайлно обяснение: Регулация и контрол</h3>
<p>Тялото не би могло да работи без „командни центрове“. Те са два вида:</p>
<ul>
  <li><b>Нервна система:</b> Предава информация чрез електрически импулси. Тя реагира светкавично на дразнители. Дели се на централна (главен и гръбначен мозък) и периферна.</li>
  <li><b>Ендокринна система:</b> Регулира процесите чрез химични вещества – <b>хормони</b>, които се отделят в кръвта от жлези с вътрешна секреция (напр. инсулин от панкреаса, адреналин от надбъбречните жлези).</li>
</ul>
<h3>Здравни аспекти и превенция</h3>
<p>Познаването на системите в тялото ни помага да разберем значението на здравословния начин на живот. Например, системното претоварване на храносмилателната система със захар води до нарушения в ендокринната система (диабет), а липсата на движение отслабва опорно-двигателния апарат и сърцето.</p>
<h3>Заключение</h3>
<p>Всяка система в човешкото тяло е жизненоважна. Тяхната взаимосвързаност е толкова голяма, че нарушение в работата на един орган (например бъбреците) неминуемо се отразява на целия организъм.</p>', 1, 8, NULL, 'А', 120011, 'Човешкото тяло: Съвършената биологична машина', NULL, '2026-04-14T17:16:00Z');

INSERT INTO "Tests" ("Id", "CreatedByUserId", "LessonId", "Title", "Grade", "Section", "CreatedAt")
VALUES
  (122016, 1, 121016, 'Тест към тема "Органична химия: Въглеводороди"', 8, 'А', '2026-04-14T17:17:00Z'),
  (122017, 1, 121017, 'Тест към тема "Метали и неметали"', 8, 'А', '2026-04-14T17:18:00Z'),
  (122018, 1, 121018, 'Тест към тема "Клетката – основна единица на живота"', 8, 'А', '2026-04-14T17:19:00Z'),
  (122019, 1, 121019, 'Тест към тема "Генетика: Наследяване и изменение"', 8, 'А', '2026-04-14T17:20:00Z'),
  (122020, 1, 121020, 'Тест към тема "Човешкото тяло: Системи и органи"', 8, 'А', '2026-04-14T17:21:00Z');

INSERT INTO "Questions" ("Id", "Text", "TestId", "CorrectTextAnswer", "ImageUrl", "OrderIndex", "Type")
VALUES
  (123076, 'Коя е общата формула на алканите?', 122016, NULL, NULL, 1, 'multiple-choice'),
  (123077, 'Кой от следните въглеводороди е ненаситен?', 122016, NULL, NULL, 2, 'multiple-choice'),
  (123078, 'Какъв тип връзка съдържат алкините?', 122016, NULL, NULL, 3, 'multiple-choice'),
  (123079, 'Кой въглеводород е основна съставка на природния газ?', 122016, NULL, NULL, 4, 'multiple-choice'),
  (123080, 'Коя реакция е характерна за алкените, но НЕ и за алканите?', 122016, NULL, NULL, 5, 'multiple-choice'),
  (123081, 'Кое от изброените е характерно физично свойство на металите?', 122017, NULL, NULL, 1, 'multiple-choice'),
  (123082, 'Кой неметал е течен при стайна температура?', 122017, NULL, NULL, 2, 'multiple-choice'),
  (123083, 'Какво представлява стоманата?', 122017, NULL, NULL, 3, 'multiple-choice'),
  (123084, 'Оксидите на типичните неметали имат:', 122017, NULL, NULL, 4, 'multiple-choice'),
  (123085, 'Кой метал се използва най-масово в самолетостроенето заради лекотата си?', 122017, NULL, NULL, 5, 'multiple-choice'),
  (123086, 'Коя структура е характерна САМО за еукариотните клетки?', 122018, NULL, NULL, 1, 'multiple-choice'),
  (123087, 'Къде в клетката се извършва синтезът на АТФ (енергия)?', 122018, NULL, NULL, 2, 'multiple-choice'),
  (123088, 'Кой органел е отговорен за фотосинтезата при растенията?', 122018, NULL, NULL, 3, 'multiple-choice'),
  (123089, 'Коя е основната функция на рибозомите?', 122018, NULL, NULL, 4, 'multiple-choice'),
  (123090, 'Как се нарича течното съдържание на клетката, в което са потопени органелите?', 122018, NULL, NULL, 5, 'multiple-choice'),
  (123091, 'Как се нарича индивид, който притежава два различни алела за един и същ ген (напр. Аа)?', 122019, NULL, NULL, 1, 'multiple-choice'),
  (123092, 'Кой белег се проявява в хетерозиготните индивиди според Мендел?', 122019, NULL, NULL, 2, 'multiple-choice'),
  (123093, 'Какво представлява мутацията?', 122019, NULL, NULL, 3, 'multiple-choice'),
  (123094, 'Къде се съдържа основната генетична информация в еукариотната клетка?', 122019, NULL, NULL, 4, 'multiple-choice'),
  (123095, 'При кръстосване на Аа х Аа, каква част от потомството ще проявява рецесивния белег (аа)?', 122019, NULL, NULL, 5, 'multiple-choice'),
  (123096, 'Коя система е отговорна за пренасянето на хормони и хранителни вещества в тялото?', 122020, NULL, NULL, 1, 'multiple-choice'),
  (123097, 'Кой орган е основната част на централната нервна система?', 122020, NULL, NULL, 2, 'multiple-choice'),
  (123098, 'Как се наричат химичните вещества, чрез които ендокринната система регулира тялото?', 122020, NULL, NULL, 3, 'multiple-choice'),
  (123099, 'Къде се извършва газовата обмяна?', 122020, NULL, NULL, 4, 'multiple-choice'),
  (123100, 'Коя тъкан е специализирана за съкращаване и извършване на движение?', 122020, NULL, NULL, 5, 'multiple-choice');

INSERT INTO "Answers" ("Id", "Text", "IsCorrect", "QuestionId", "OrderIndex")
VALUES
  (124301, '$C_nH_{2n}$', 0, 123076, 1),
  (124302, '$C_nH_{2n+2}$', 1, 123076, 2),
  (124303, '$C_nH_{2n-2}$', 0, 123076, 3),
  (124304, '$C_nH_{2n+1}$', 0, 123076, 4),
  (124305, 'Метан', 0, 123077, 1),
  (124306, 'Етан', 0, 123077, 2),
  (124307, 'Етен', 1, 123077, 3),
  (124308, 'Пропан', 0, 123077, 4),
  (124309, 'Само единични връзки', 0, 123078, 1),
  (124310, 'Една двойна връзка', 0, 123078, 2),
  (124311, 'Една тройна връзка', 1, 123078, 3),
  (124312, 'Йонна връзка', 0, 123078, 4),
  (124313, 'Бензен', 0, 123079, 1),
  (124314, 'Ацетилен', 0, 123079, 2),
  (124315, 'Метан', 1, 123079, 3),
  (124316, 'Бутан', 0, 123079, 4),
  (124317, 'Горене', 0, 123080, 1),
  (124318, 'Заместване', 0, 123080, 2),
  (124319, 'Присъединяване', 1, 123080, 3),
  (124320, 'Разлагане', 0, 123080, 4),

  (124321, 'Крехкост', 0, 123081, 1),
  (124322, 'Добра електропроводимост', 1, 123081, 2),
  (124323, 'Ниска плътност', 0, 123081, 3),
  (124324, 'Прозрачност', 0, 123081, 4),
  (124325, 'Хлор', 0, 123082, 1),
  (124326, 'Йод', 0, 123082, 2),
  (124327, 'Бром', 1, 123082, 3),
  (124328, 'Флуор', 0, 123082, 4),
  (124329, 'Чист химичен елемент', 0, 123083, 1),
  (124330, 'Сплав на желязо с въглерод', 1, 123083, 2),
  (124331, 'Йонно съединение', 0, 123083, 3),
  (124332, 'Органично вещество', 0, 123083, 4),
  (124333, 'Основен характер', 0, 123084, 1),
  (124334, 'Киселинен характер', 1, 123084, 2),
  (124335, 'Амфотерен характер', 0, 123084, 3),
  (124336, 'Не взаимодействат с вода', 0, 123084, 4),
  (124337, 'Олово', 0, 123085, 1),
  (124338, 'Злато', 0, 123085, 2),
  (124339, 'Алуминий (в сплави)', 1, 123085, 3),
  (124340, 'Мед', 0, 123085, 4),

  (124341, 'Цитоплазма', 0, 123086, 1),
  (124342, 'Рибозоми', 0, 123086, 2),
  (124343, 'Обособено ядро', 1, 123086, 3),
  (124344, 'Клетъчна мембрана', 0, 123086, 4),
  (124345, 'В ядрото', 0, 123087, 1),
  (124346, 'В митохондриите', 1, 123087, 2),
  (124347, 'В апарата на Голджи', 0, 123087, 3),
  (124348, 'В лизозомите', 0, 123087, 4),
  (124349, 'Хлоропласт', 1, 123088, 1),
  (124350, 'Митохондрия', 0, 123088, 2),
  (124351, 'Вакуола', 0, 123088, 3),
  (124352, 'Ядро', 0, 123088, 4),
  (124353, 'Съхранение на вода', 0, 123089, 1),
  (124354, 'Движение на клетката', 0, 123089, 2),
  (124355, 'Синтез на белтъци', 1, 123089, 3),
  (124356, 'Разграждане на отпадъци', 0, 123089, 4),
  (124357, 'Нуклеоплазма', 0, 123090, 1),
  (124358, 'Цитоплазма', 1, 123090, 2),
  (124359, 'Клетъчен сок', 0, 123090, 3),
  (124360, 'Плазма', 0, 123090, 4),

  (124361, 'Хомозиготен по доминантния белег', 0, 123091, 1),
  (124362, 'Хетерозиготен', 1, 123091, 2),
  (124363, 'Хомозиготен по рецесивния белег', 0, 123091, 3),
  (124364, 'Мутант', 0, 123091, 4),
  (124365, 'Рецесивният', 0, 123092, 1),
  (124366, 'Междинният', 0, 123092, 2),
  (124367, 'Доминантният', 1, 123092, 3),
  (124368, 'Нито един', 0, 123092, 4),
  (124369, 'Промяна в кожата от слънцето', 0, 123093, 1),
  (124370, 'Внезапна и наследствена промяна в генетичния материал', 1, 123093, 2),
  (124371, 'Увеличаване на мускулната маса чрез тренировки', 0, 123093, 3),
  (124372, 'Процес на стареене на клетката', 0, 123093, 4),
  (124373, 'В цитоплазмата', 0, 123094, 1),
  (124374, 'В рибозомите', 0, 123094, 2),
  (124375, 'В ядрото (в молекулите на ДНК)', 1, 123094, 3),
  (124376, 'В апарата на Голджи', 0, 123094, 4),
  (124377, '0%', 0, 123095, 1),
  (124378, '25%', 1, 123095, 2),
  (124379, '50%', 0, 123095, 3),
  (124380, '75%', 0, 123095, 4),

  (124381, 'Дихателната', 0, 123096, 1),
  (124382, 'Сърдечно-съдовата', 1, 123096, 2),
  (124383, 'Опорно-двигателната', 0, 123096, 3),
  (124384, 'Нервната', 0, 123096, 4),
  (124385, 'Сърцето', 0, 123097, 1),
  (124386, 'Главен мозък', 1, 123097, 2),
  (124387, 'Черен дроб', 0, 123097, 3),
  (124388, 'Стомах', 0, 123097, 4),
  (124389, 'Ензими', 0, 123098, 1),
  (124390, 'Антитела', 0, 123098, 2),
  (124391, 'Хормони', 1, 123098, 3),
  (124392, 'Витамини', 0, 123098, 4),
  (124393, 'В хранопровода', 0, 123099, 1),
  (124394, 'В стомаха', 0, 123099, 2),
  (124395, 'В алвеолите на белите дробове', 1, 123099, 3),
  (124396, 'В артериите', 0, 123099, 4),
  (124397, 'Епителна', 0, 123100, 1),
  (124398, 'Нервна', 0, 123100, 2),
  (124399, 'Мускулна', 1, 123100, 3),
  (124400, 'Съединителна', 0, 123100, 4);



-- Assumptions:
-- 1. Lesson 21 continues the Biology track and is mapped to Grade 8, SubjectId 120011.
-- 2. Lessons 22-25 introduce Physics content and are mapped to Grade 8.
-- 3. Physics does not exist in the previous seed files, so a new subject is inserted starting from 120012.
-- 4. Section is 'А' and CreatedByUserId = 1 (seeded admin).
-- 5. IDs start from the ranges provided by the user to avoid overlap with previous scripts.

INSERT INTO "Subjects" ("Id", "CreatedByUserId", "Description", "Name", "Grade", "Section", "CreatedAt")
VALUES
  (120012, 1, 'Подготовка по физика с фокус върху механика, електричество, термодинамика и оптика.', 'Физика', 8, 'А', '2026-04-14T17:22:00Z');

INSERT INTO "Lessons" ("Id", "AttachmentName", "AttachmentUrl", "Content", "CreatedByUserId", "Grade", "ImageUrl", "Section", "SubjectId", "Title", "YoutubeUrl", "CreatedAt")
VALUES
  (121021, NULL, NULL, '<h2>Екология: Науката за нашия общ дом</h2>
<p><b>Екологията</b> изучава взаимоотношенията между живите организми и тяхната нежива среда, както и връзките между самите организми. В епохата на глобални климатични промени, тази наука е ключова за оцеляването на човечеството и съхраняването на биоразнообразието.</p>
<h3>Увод в екологичните системи</h3>
<p>Основните нива на организация в екологията са: <b>индивид</b>, <b>популация</b> (група индивиди от един вид), <b>биоценоза</b> (всички живи същества в даден район) и <b>екосистема</b> (биоценозата плюс неживата природа – почва, вода, въздух).</p>
<h3>Основни концепции: Кръговрат на веществата и енергията</h3>
<p>Всяка екосистема функционира благодарение на постоянния поток от енергия (обикновено слънчева) и кръговрата на химичните елементи. Организмите се делят на три групи според ролята им:</p>
<ul>
  <li><b>Продуценти:</b> Растения и фитопланктон, които сами създават органични вещества чрез фотосинтеза.</li>
  <li><b>Консументи:</b> Животни, които се хранят с готови органични вещества (растителноядни, хищници, всеядни).</li>
  <li><b>Редуценти:</b> Бактерии и гъби, които разлагат мъртвата материя до минерални соли, затваряйки цикъла.</li>
</ul>
<h3>Детайлно обяснение: Глобални екологични проблеми</h3>
<p>Човешката дейност (антропогенен фактор) оказва безпрецедентен натиск върху планетата. Основните предизвикателства включват:</p>
<ul>
  <li><b>Парников ефект и глобално затопляне:</b> Повишаване на нивата на CO2 води до задържане на топлина в атмосферата.</li>
  <li><b>Замърсяване на водите и почвите:</b> Чрез пестициди, тежки метали и пластмаса.</li>
  <li><b>Намаляване на биоразнообразието:</b> Изчезването на видове нарушава стабилността на екосистемите.</li>
  <li><b>Озонова дупка:</b> Разрушаване на защитния слой на Земята от изкуствени химикали (фреони).</li>
</ul>
<img src="https://source.unsplash.com/featured/?education,Image of the greenhouse effect diagram" style="width:100%; border-radius:8px; margin: 10px 0;" />
<h3>Стратегии за опазване на околната среда</h3>
<p>Опазването включва създаване на защитени територии (национални паркове, резервати), преминаване към възобновяеми енергийни източници и концепцията за <b>устойчиво развитие</b> – задоволяване на нуждите на настоящето, без да се лишават бъдещите поколения от същите ресурси.</p>
<h3>Заключение</h3>
<p>Екологията ни учи, че в природата няма нищо излишно и всяко действие има противодействие. Ние не сме господари на природата, а част от нея, и нейното здраве е пряко свързано с нашето собствено.</p>', 1, 8, NULL, 'А', 120011, 'Екология: Науката за нашия общ дом', NULL, '2026-04-14T17:23:00Z'),
  (121022, NULL, NULL, '<h2>Механика: Законите на движението и равновесието</h2>
<p><b>Механиката</b> е дял от физиката, който изучава движението на материалните тела и взаимодействията между тях. Тя ни помага да разберем всичко – от падането на една ябълка до траекторията на космическите ракети.</p>
<h3>Увод в кинематиката: Описание на движението</h3>
<p>Кинематиката описва движението, без да разглежда причините за него. Основните величини тук са <b>път (s)</b>, <b>време (t)</b>, <b>скорост (v)</b> и <b>ускорение (a)</b>.</p>
<ul>
  <li><b>Равномерно праволинейно движение:</b> Тялото изминава равни пътища за равни интервали от време. Скоростта е постоянна ($v = const$). Формула: $s = v \cdot t$.</li>
  <li><b>Равномерно ускорително движение:</b> Скоростта на тялото се променя равномерно. Формула за скорост: $v = v_0 + a \cdot t$.</li>
</ul>
<h3>Основни концепции: Динамика и законите на Нютон</h3>
<p>Динамиката изучава причините за движението – <b>силите (F)</b>. Исак Нютон формулира трите основни закона, които са фундаментът на класическата механика:</p>
<ol>
  <li><b>Първи закон (Закон за инерцията):</b> Всяко тяло запазва състоянието си на покой или на праволинейно равномерно движение, докато външна сила не го принуди да го промени.</li>
  <li><b>Втори закон (Основен закон на динамиката):</b> Ускорението, което получава едно тяло, е правопропорционално на силата, действаща върху него, и обратнопропорционално на неговата маса. Формула: <span style="color: #c0392b;">$F = m \cdot a$</span>.</li>
  <li><b>Трети закон (Закон за действието и противодействието):</b> Всяко действие има равно по големина и противоположно по посока противодействие.</li>
</ol>
<img src="https://source.unsplash.com/featured/?education,Image of Newton''s second law diagram F=ma" style="width:100%; border-radius:8px; margin: 10px 0;" />
<h3>Детайлно обяснение: Видове сили в природата</h3>
<p>В ежедневието се сблъскваме с различни сили, които определят движението ни:</p>
<ul>
  <li><b>Сила на тежестта (G):</b> Силата, с която Земята привлича телата. $G = m \cdot g$, където $g \approx 9.8 \, m/s^2$.</li>
  <li><b>Сила на триене:</b> Появява се при допир на две повърхности и винаги е насочена срещу посоката на движение.</li>
  <li><b>Сила на еластичност:</b> Възниква при деформация на телата и се стреми да върне първоначалната им форма.</li>
</ul>
<h3>Практическо приложение</h3>
<p>Законите на механиката се използват при проектирането на автомобилни спирачни системи, асансьори и спортна екипировка. Разбирането на инерцията например е причината, поради която поставяме предпазни колани в колите – нашето тяло се стреми да запази скоростта си дори когато колата спре рязко.</p>
<h3>Заключение</h3>
<p>Механиката ни учи, че нищо не се движи без причина и всяко взаимодействие оставя отпечатък. Тя е първата стъпка към разбирането на по-сложните физични явления във вселената.</p>', 1, 8, NULL, 'А', 120012, 'Механика: Законите на движението и равновесието', NULL, '2026-04-14T17:24:00Z'),
  (121023, NULL, NULL, '<h2>Електричество и магнетизъм: Двигателите на прогреса</h2>
<p><b>Електричният ток</b> е насочено движение на електрични заряди (електрони в металите или йони в електролитите). <b>Магнетизмът</b> от своя страна е свойство на материята, което се проявява чрез силови полета, създавани от движещи се заряди. Връзката между тях се нарича електромагнетизъм.</p>
<h3>Увод в електричните вериги</h3>
<p>За да протича електричен ток, е необходима затворена верига, източник на напрежение и консуматор. Основните величини, които описват този процес, са:</p>
<ul>
  <li><b>Електричен ток (I):</b> Количеството заряд, преминало през напречното сечение на проводника за единица време. Измерва се в <b>Ампери (A)</b>.</li>
  <li><b>Електрично напрежение (U):</b> Енергията, която източникът придава на зарядите. Измерва се във <b>Волтове (V)</b>.</li>
  <li><b>Електрично съпротивление (R):</b> Свойството на материалите да пречат на движението на зарядите. Измерва се в <b>Омове (Ω)</b>.</li>
</ul>
<img src="https://source.unsplash.com/featured/?education,Image of a simple electric circuit with battery, bulb, and switch" style="width:100%; border-radius:8px; margin: 10px 0;" />
<h3>Основни концепции: Закон на Ом и Свързване</h3>
<p>Най-важната зависимост в електротехниката е <b>Законът на Ом</b>: токът е правопропорционален на напрежението и обратнопропорционален на съпротивлението.<br><center><span style="font-size: 1.2em; color: #c0392b;">$I = \frac{U}{R}$</span></center></p>
<p>Консуматорите във веригата могат да бъдат свързани по два начина:</p>
<ol>
  <li><b>Последователно:</b> Токът е еднакъв навсякъде, а напрежението се разпределя. Ако един елемент изгори, веригата прекъсва.</li>
  <li><b>Успоредно:</b> Напрежението е еднакво, а токовете се събират. Това е начинът, по който са свързани уредите в домовете ни.</li>
</ol>
<img src="https://source.unsplash.com/featured/?education,Image of series and parallel circuits comparison" style="width:100%; border-radius:8px; margin: 10px 0;" />
<h3>Детайлно обяснение: Магнитни явления</h3>
<p>Около всеки проводник, по който тече ток, се поражда <b>магнитно поле</b>. Този ефект се използва за създаването на електромагнити. Основните свойства на магнитите са:</p>
<ul>
  <li>Всеки магнит има два полюса – северен (N) и южен (S).</li>
  <li>Едноименните полюси се отблъскват, а разноименните се привличат.</li>
  <li><b>Електромагнитна индукция:</b> Процесът на генериране на електричен ток чрез променящо се магнитно поле. Това е принципът, по който работят генераторите в електроцентралите.</li>
</ul>
<img src="https://source.unsplash.com/featured/?education,Image of magnetic field lines around a bar magnet and a solenoid" style="width:100%; border-radius:8px; margin: 10px 0;" />
<h3>Практическо приложение</h3>
<p>Без тези познания нямаше да имаме електродвигатели (които превръщат електрическата енергия в механична) или трансформатори (които променят напрежението за пренос на дълги разстояния). Магнитният резонанс (ЯМР) в медицината също разчита на мощни магнитни полета за диагностика.</p>
<h3>Заключение</h3>
<p>Електричеството и магнетизмът са две страни на една и съща монета. Тяхното овладяване ни позволява да пренасяме енергия на огромни разстояния и да предаваме информация със скоростта на светлината.</p>', 1, 8, NULL, 'А', 120012, 'Електричество и магнетизъм: Двигателите на прогреса', NULL, '2026-04-14T17:25:00Z'),
  (121024, NULL, NULL, '<h2>Термодинамика: Енергията на хаоса</h2>
<p><b>Молекулната физика</b> разглежда веществата като изградени от частици, които са в постоянно, хаотично движение (Брауново движение). <b>Термодинамиката</b> от своя страна изучава превръщането на енергията от един вид в друг, като се фокусира върху понятия като вътрешна енергия, работа и топлина.</p>
<h3>Увод в молекулно-кинетичната теория (МКТ)</h3>
<p>Според МКТ температурата на едно тяло е мярка за средната кинетична енергия на неговите молекули. Колкото по-бързо се движат частиците, толкова по-висока е температурата.</p>
<ul>
  <li><b>Абсолютна температура:</b> Измерва се в Келвини (K). $0 \, K$ (абсолютната нула) е състоянието, при което топлинното движение спира.</li>
  <li><b>Връзка с Целзий:</b> $T(K) = t(^\circ C) + 273.15$.</li>
</ul>
<h3>Основни концепции: Първи закон на термодинамиката</h3>
<p>Този закон всъщност е законът за запазване на енергията, приложен към топлинни системи. Той гласи, че внесеното в системата количество топлина ($Q$) се консумира за промяна на нейната <b>вътрешна енергия</b> ($\Delta U$) и за извършване на <b>работа</b> ($A$):</p>
<center><span style="font-size: 1.2em; color: #c0392b;">$Q = \Delta U + A$</span></center>
<p><b>Начини за промяна на вътрешната енергия:</b></p>
<ol>
  <li><b>Чрез работа:</b> Например при рязко свиване на газ в помпа (той се нагрява).</li>
  <li><b>Чрез топлообмен:</b> Пренос на енергия от по-топло към по-студено тяло (конвекция, топлопроводност или лъчение).</li>
</ol>
<h3>Детайлно обяснение: Топлинни машини и Втори закон</h3>
<p>Вторият закон на термодинамиката поставя фундаментално ограничение: не е възможно да се превърне цялата получена топлина в полезна работа без загуби. Всяка топлинна машина (двигател с вътрешно горене, парна турбина) се нуждае от:</p>
<ul>
  <li><b>Нагревател:</b> Източник на енергия.</li>
  <li><b>Работно тяло:</b> Газ или пара, които извършват работа чрез разширение.</li>
  <li><b>Охладител:</b> Място, където се отдава неизползваната топлина.</li>
</ul>
<p><b>Коефициент на полезно действие (КПД):</b> Винаги е по-малък от 100%.</p>
<h3>Практическо приложение</h3>
<p>Термодинамиката стои зад работата на хладилниците и климатиците. Те не "произвеждат студ", а използват работа (електричество), за да пренесат топлина от вътрешността на уреда към околната среда, действайки като "топлинни помпи".</p>
<h3>Заключение</h3>
<p>Термодинамиката ни учи, че енергията не може да бъде създадена или унищожена, но качеството й се влошава при всяко превръщане. Това е ключово за разбирането на енергийната криза и търсенето на по-ефективни технологии.</p>', 1, 8, NULL, 'А', 120012, 'Термодинамика: Енергията на хаоса', NULL, '2026-04-14T17:26:00Z'),
  (121025, NULL, NULL, '<h2>Оптика и атомна физика: От светлинния лъч до кванта</h2>
<p><b>Оптичните явления</b> ни обясняват как виждаме света, как се пречупва светлината в лещите и защо небето е синьо. <b>Атомната физика</b> пък навлиза дълбоко в микросвета, разкривайки, че енергията не се предава непрекъснато, а на малки порции, наречени кванти.</p>
<h3>Увод в геометричната оптика</h3>
<p>Светлината е електромагнитна вълна, която в хомогенна среда се разпространява праволинейно. Когато срещне граница между две среди, тя проявява две основни свойства:</p>
<ul>
  <li><b>Отражение:</b> Светлината се отразява под същия ъгъл, под който е паднала ($\alpha = \beta$).</li>
  <li><b>Пречупване (Рефракция):</b> Промяна в посоката на светлината при преминаване от една среда в друга (напр. от въздух във вода) поради промяна в нейната скорост.</li>
</ul>
<h3>Основни концепции: Оптични уреди и спектър</h3>
<p>Лещите са основните компоненти на очилата, микроскопите и телескопите. Те биват <b>събирателни</b> (изпъкнали) и <b>разсейвателни</b> (вдлъбнати).<br><b>Дисперсия:</b> Бялата светлина всъщност е смес от цветове. При преминаване през призма тя се разлага на съставните си части (червено, оранжево, жълто, зелено, синьо, индиго и виолетово) – така се образува дъгата.</p>
<h3>Детайлно обяснение: Квантова и ядрена физика</h3>
<p>В началото на 20-ти век физиците откриват, че светлината има двойствена природа – тя е едновременно вълна и поток от частици (фотони). Това е основата на квантовата физика.</p>
<ul>
  <li><b>Фотоефект:</b> Отделяне на електрони от повърхността на метал при облъчване със светлина. Това явление се използва в слънчевите панели.</li>
  <li><b>Радиоактивност:</b> Спонтанно разпадане на нестабилни атомни ядра, при което се отделя лъчение ($\alpha$, $\beta$ и $\gamma$ лъчи).</li>
  <li><b>Ядрена енергия:</b> Енергията, която се освобождава при делене на тежки ядра (в АЕЦ) или синтез на леки ядра (в ядрата на звездите като Слънцето).</li>
</ul>
<h3>Практическо приложение</h3>
<p>Оптиката е в основата на фиброоптичните кабели, които пренасят интернет с огромна скорост чрез тотално вътрешно отражение. Атомната физика пък ни даде лазерите, ядрената медицина (за лечение на рак) и най-чистия (в контекста на въглеродни емисии) начин за производство на електроенергия.</p>
<h3>Заключение</h3>
<p>От лещата на окото до енергията на атома, тези дялове на физиката ни показват, че светлината и материята са дълбоко свързани. Познаването им ни позволява не само да виждаме по-добре, но и да разбираме механизмите, по които е устроена Вселената на най-фундаментално ниво.</p>', 1, 8, NULL, 'А', 120012, 'Оптика и атомна физика: От светлинния лъч до кванта', NULL, '2026-04-14T17:27:00Z');

INSERT INTO "Tests" ("Id", "CreatedByUserId", "LessonId", "Title", "Grade", "Section", "CreatedAt")
VALUES
  (122021, 1, 121021, 'Тест към тема "Екология и опазване на околната среда"', 8, 'А', '2026-04-14T17:28:00Z'),
  (122022, 1, 121022, 'Тест към тема "Механика: Движение и сили"', 8, 'А', '2026-04-14T17:29:00Z'),
  (122023, 1, 121023, 'Тест към тема "Електричен ток и магнитни явления"', 8, 'А', '2026-04-14T17:30:00Z'),
  (122024, 1, 121024, 'Тест към тема "Термодинамика и молекулна физика"', 8, 'А', '2026-04-14T17:31:00Z'),
  (122025, 1, 121025, 'Тест към тема "Оптика и атомна физика"', 8, 'А', '2026-04-14T17:32:00Z');

INSERT INTO "Questions" ("Id", "Text", "TestId", "CorrectTextAnswer", "ImageUrl", "OrderIndex", "Type")
VALUES
  (123101, 'Кои организми в екосистемата се наричат "продуценти"?', 122021, NULL, NULL, 1, 'multiple-choice'),
  (123102, 'Какво представлява "биоценозата"?', 122021, NULL, NULL, 2, 'multiple-choice'),
  (123103, 'Кой газ е основната причина за усилването на парниковия ефект?', 122021, NULL, NULL, 3, 'multiple-choice'),
  (123104, 'Коя е основната функция на редуцентите в природата?', 122021, NULL, NULL, 4, 'multiple-choice'),
  (123105, 'Какво означава терминът "устойчиво развитие"?', 122021, NULL, NULL, 5, 'multiple-choice'),
  (123106, 'Коя е основната мерна единица за сила в система СИ?', 122022, NULL, NULL, 1, 'multiple-choice'),
  (123107, 'Ако върху тяло не действат никакви сили, то:', 122022, NULL, NULL, 2, 'multiple-choice'),
  (123108, 'Колко Нютона е силата на тежестта, действаща на тяло с маса 5 kg (при $g = 10 \\, m/s^2$)?', 122022, NULL, NULL, 3, 'multiple-choice'),
  (123109, 'Третият закон на Нютон твърди, че силите на действие и противодействие:', 122022, NULL, NULL, 4, 'multiple-choice'),
  (123110, 'Какво измерва скоростомерът на един автомобил?', 122022, NULL, NULL, 5, 'multiple-choice'),
  (123111, 'Коя е мерната единица за електрично съпротивление?', 122023, NULL, NULL, 1, 'multiple-choice'),
  (123112, 'Според закона на Ом, ако увеличим напрежението два пъти при постоянно съпротивление, токът ще:', 122023, NULL, NULL, 2, 'multiple-choice'),
  (123113, 'Как са свързани лампите в полилея у дома, за да светят независимо една от друга?', 122023, NULL, NULL, 3, 'multiple-choice'),
  (123114, 'Какво се случва при срязване на постоянен магнит на две части?', 122023, NULL, NULL, 4, 'multiple-choice'),
  (123115, 'Уредът, който превръща механичната енергия в електрическа, се нарича:', 122023, NULL, NULL, 5, 'multiple-choice'),
  (123116, 'На колко градуса по Келвин съответстват 27 °C?', 122024, NULL, NULL, 1, 'multiple-choice'),
  (123117, 'Коя величина е мярка за средната кинетична енергия на молекулите?', 122024, NULL, NULL, 2, 'multiple-choice'),
  (123118, 'Какво твърди Първият закон на термодинамиката?', 122024, NULL, NULL, 3, 'multiple-choice'),
  (123119, 'Защо КПД на топлинните машини винаги е под 100%?', 122024, NULL, NULL, 4, 'multiple-choice'),
  (123120, 'Кой начин на топлообмен НЕ изисква среда (може да протича във вакуум)?', 122024, NULL, NULL, 5, 'multiple-choice'),
  (123121, 'Как се нарича явлението, при което бялата светлина се разлага на цветове след преминаване през призма?', 122025, NULL, NULL, 1, 'multiple-choice'),
  (123122, 'Кой вид леща се използва за коригиране на далекогледство?', 122025, NULL, NULL, 2, 'multiple-choice'),
  (123123, 'Как се наричат частиците (квантите) на светлината?', 122025, NULL, NULL, 3, 'multiple-choice'),
  (123124, 'Кое от следните лъчения има най-голяма пробивна способност?', 122025, NULL, NULL, 4, 'multiple-choice'),
  (123125, 'Процесът, при който слънцето произвежда енергия, се нарича:', 122025, NULL, NULL, 5, 'multiple-choice');

INSERT INTO "Answers" ("Id", "Text", "IsCorrect", "QuestionId", "OrderIndex")
VALUES
  (124401, 'Хищниците', 0, 123101, 1),
  (124402, 'Зелените растения', 1, 123101, 2),
  (124403, 'Гъбите', 0, 123101, 3),
  (124404, 'Бактериите', 0, 123101, 4),
  (124405, 'Група индивиди от един вид', 0, 123102, 1),
  (124406, 'Неживата природа в даден район', 0, 123102, 2),
  (124407, 'Съвкупността от всички живи организми в дадена среда', 1, 123102, 3),
  (124408, 'Цялата планета Земя', 0, 123102, 4),
  (124409, 'Кислород', 0, 123103, 1),
  (124410, 'Азот', 0, 123103, 2),
  (124411, 'Въглероден диоксид', 1, 123103, 3),
  (124412, 'Водород', 0, 123103, 4),
  (124413, 'Да произвеждат кислород', 0, 123104, 1),
  (124414, 'Да разлагат органични отпадъци до минерални вещества', 1, 123104, 2),
  (124415, 'Да служат за храна на хищниците', 0, 123104, 3),
  (124416, 'Да регулират числеността на популациите', 0, 123104, 4),
  (124417, 'Спиране на всякакво промишлено производство', 0, 123105, 1),
  (124418, 'Развитие, което балансира икономиката с опазването на ресурсите', 1, 123105, 2),
  (124419, 'Използване на всички налични ресурси възможно най-бързо', 0, 123105, 3),
  (124420, 'Преместване на хората в градовете', 0, 123105, 4),

  (124421, 'Килограм (kg)', 0, 123106, 1),
  (124422, 'Джаул (J)', 0, 123106, 2),
  (124423, 'Нютон (N)', 1, 123106, 3),
  (124424, 'Ват (W)', 0, 123106, 4),
  (124425, 'Задължително е в покой', 0, 123107, 1),
  (124426, 'Се движи с ускорение', 0, 123107, 2),
  (124427, 'Запазва състоянието си на покой или равномерно праволинейно движение', 1, 123107, 3),
  (124428, 'Спира веднага', 0, 123107, 4),
  (124429, '0.5 N', 0, 123108, 1),
  (124430, '5 N', 0, 123108, 2),
  (124431, '50 N', 1, 123108, 3),
  (124432, '15 N', 0, 123108, 4),
  (124433, 'Се уравновесяват, защото са приложени към едно и също тяло', 0, 123109, 1),
  (124434, 'Са равни по големина и противоположни по посока, но са приложени към различни тела', 1, 123109, 2),
  (124435, 'Винаги предизвикват движение', 0, 123109, 3),
  (124436, 'Зависят от скоростта на телата', 0, 123109, 4),
  (124437, 'Средна скорост', 0, 123110, 1),
  (124438, 'Моментна скорост', 1, 123110, 2),
  (124439, 'Ускорение', 0, 123110, 3),
  (124440, 'Изминат път', 0, 123110, 4),

  (124441, 'Ампер', 0, 123111, 1),
  (124442, 'Волт', 0, 123111, 2),
  (124443, 'Ом', 1, 123111, 3),
  (124444, 'Ват', 0, 123111, 4),
  (124445, 'Намалее два пъти', 0, 123112, 1),
  (124446, 'Остане същият', 0, 123112, 2),
  (124447, 'Се увеличи два пъти', 1, 123112, 3),
  (124448, 'Стане нула', 0, 123112, 4),
  (124449, 'Последователно', 0, 123113, 1),
  (124450, 'Успоредно', 1, 123113, 2),
  (124451, 'Смесено', 0, 123113, 3),
  (124452, 'Не са свързани във верига', 0, 123113, 4),
  (124453, 'Получават се самостоятелен северен и самостоятелен южен полюс', 0, 123114, 1),
  (124454, 'Магнитните свойства изчезват', 0, 123114, 2),
  (124455, 'Получават се два нови магнита, всеки с два полюса', 1, 123114, 3),
  (124456, 'Магнитът става електромагнит', 0, 123114, 4),
  (124457, 'Електродвигател', 0, 123115, 1),
  (124458, 'Генератор', 1, 123115, 2),
  (124459, 'Акумулатор', 0, 123115, 3),
  (124460, 'Резистор', 0, 123115, 4),

  (124461, '0 K', 0, 123116, 1),
  (124462, '100 K', 0, 123116, 2),
  (124463, '273 K', 0, 123116, 3),
  (124464, '300 K', 1, 123116, 4),
  (124465, 'Налягане', 0, 123117, 1),
  (124466, 'Обем', 0, 123117, 2),
  (124467, 'Температура', 1, 123117, 3),
  (124468, 'Плътност', 0, 123117, 4),
  (124469, 'Топлината винаги преминава от студено към топло тяло.', 0, 123118, 1),
  (124470, 'Внесената топлина е равна на промяната на вътрешната енергия плюс извършената работа.', 1, 123118, 2),
  (124471, 'Енергията на Вселената намалява.', 0, 123118, 3),
  (124472, 'Не е възможно да се достигне абсолютната нула.', 0, 123118, 4),
  (124473, 'Поради липса на достатъчно гориво.', 0, 123119, 1),
  (124474, 'Поради Втория закон на термодинамиката (винаги има загуби към охладителя).', 1, 123119, 2),
  (124475, 'Защото триенето не може да бъде избегнато.', 0, 123119, 3),
  (124476, 'Поради грешки в измерването.', 0, 123119, 4),
  (124477, 'Топлопроводност', 0, 123120, 1),
  (124478, 'Конвекция', 0, 123120, 2),
  (124479, 'Излъчване (Радиация)', 1, 123120, 3),
  (124480, 'Дифузия', 0, 123120, 4),

  (124481, 'Отражение', 0, 123121, 1),
  (124482, 'Дисперсия', 1, 123121, 2),
  (124483, 'Дифракция', 0, 123121, 3),
  (124484, 'Поглъщане', 0, 123121, 4),
  (124485, 'Разсейвателна', 0, 123122, 1),
  (124486, 'Плоска', 0, 123122, 2),
  (124487, 'Събирателна', 1, 123122, 3),
  (124488, 'Огледална', 0, 123122, 4),
  (124489, 'Електрони', 0, 123123, 1),
  (124490, 'Протони', 0, 123123, 2),
  (124491, 'Фотони', 1, 123123, 3),
  (124492, 'Неутрони', 0, 123123, 4),
  (124493, 'Алфа лъчи', 0, 123124, 1),
  (124494, 'Бета лъчи', 0, 123124, 2),
  (124495, 'Гама лъчи', 1, 123124, 3),
  (124496, 'Видима светлина', 0, 123124, 4),
  (124497, 'Термоядрен синтез', 1, 123125, 1),
  (124498, 'Ядрено делене', 0, 123125, 2),
  (124499, 'Фотоефект', 0, 123125, 3),
  (124500, 'Химично горене', 0, 123125, 4);



-- Assumptions:
-- 1. Lessons 26-27 introduce Geography content and are mapped to Grade 8.
-- 2. Lessons 28-30 introduce History content and are mapped to Grade 8.
-- 3. Geography and History do not exist in the previous seed files, so new subjects are inserted starting from 120013.
-- 4. Section is 'А' and CreatedByUserId = 1 (seeded admin).
-- 5. IDs start from the ranges provided by the user to avoid overlap with previous scripts.

INSERT INTO "Subjects" ("Id", "CreatedByUserId", "Description", "Name", "Grade", "Section", "CreatedAt")
VALUES
  (120013, 1, 'Подготовка по география с фокус върху световното стопанство и географията на България.', 'География', 8, 'А', '2026-04-14T17:33:00Z'),
  (120014, 1, 'Подготовка по история с акцент върху Просвещението, Българското възраждане и новата българска държава.', 'История', 8, 'А', '2026-04-14T17:34:00Z');

INSERT INTO "Lessons" ("Id", "AttachmentName", "AttachmentUrl", "Content", "CreatedByUserId", "Grade", "ImageUrl", "Section", "SubjectId", "Title", "YoutubeUrl", "CreatedAt")
VALUES
  (121026, NULL, NULL, '<h2>Световно стопанство: Глобалната икономическа мрежа</h2>
<p><b>Световното стопанство</b> е исторически възникнала съвкупност от националните стопанства на всички страни в света, свързани помежду си чрез международното разделение на труда и световния пазар[cite: 36].</p>
<h3>Увод в секторите на стопанството</h3>
<p>Икономическите дейности се делят на три основни сектора[cite: 36]:</p>
<ul>
  <li><b>Първичен сектор (Добивен):</b> Селско стопанство, горско стопанство, лов, риболов и добив на полезни изкопаеми[cite: 36].</li>
  <li><b>Вторичен сектор (Преработващ):</b> Индустрия (енергетика, металургия, машиностроене, химическа и лека промишленост) и строителство[cite: 36].</li>
  <li><b>Третичен сектор (Обслужващ):</b> Транспорт, търговия, туризъм, образование, здравеопазване и финанси[cite: 36].</li>
</ul>
<h3>Основни концепции: Глобализация</h3>
<p><b>Глобализацията</b> е процес на все по-тясно икономическо, политическо и културно обединяване на страните в света[cite: 36].</p>
<ul>
  <li><b>ТНК (Транснационални компании):</b> Гигантски корпорации (като Apple, Samsung, Toyota), които оперират в десетки държави и са основни двигатели на глобализацията[cite: 36].</li>
  <li><b>Международна интеграция:</b> Обединяване на държави в икономически блокове за по-лесна търговия (напр. Европейски съюз)[cite: 36].</li>
</ul>
<h3>Детайлно обяснение: Фактори за развитие на стопанството</h3>
<p>Развитието на икономиката зависи от няколко ключови фактора[cite: 36]:</p>
<ul>
  <li><b>Природно-ресурсни:</b> Наличие на суровини, плодородни почви и енергийни източници[cite: 36].</li>
  <li><b>Демографски:</b> Наличие на работна ръка и нейната квалификация[cite: 36].</li>
  <li><b>Научно-технически:</b> Иновациите и автоматизацията, които увеличават производителността[cite: 36].</li>
  <li><b>Екологични:</b> Необходимостта от преход към "зелена икономика" и устойчиво ползване на ресурсите[cite: 36].</li>
</ul>
<img src="https://source.unsplash.com/featured/?education,global-economy-trade-network" style="width:100%; border-radius:8px; margin: 10px 0;" />
<h3>Заключение</h3>
<p>В съвременния свят никоя държава не може да бъде напълно самодостатъчна[cite: 36]. Глобализацията носи ползи като по-евтини стоки и технологичен обмен, но и предизвикателства като икономическа зависимост и задълбочаване на неравенството между богатите и бедните региони[cite: 36].</p>', 1, 8, NULL, 'А', 120013, 'Световно стопанство: Глобалната икономическа мрежа', NULL, '2026-04-14T17:35:00Z'),
  (121027, NULL, NULL, '<h2>География на България: Природен потенциал и богатства</h2>
<p>България притежава изключително разнообразен природен облик, въпреки малката си територия. Природните ресурси са онези елементи на природата, които човек използва за задоволяване на своите потребности и за икономическо развитие[cite: 37].</p>
<h3>1. Релеф и Полезни изкопаеми</h3>
<p>Релефът на България е мозаечен – редуват се низини, равнини, котловини, плата и планини[cite: 37]. Това разнообразие определя и разпределението на полезните изкопаеми:</p>
<ul>
  <li><b>Горива:</b> Най-значими са лигнитните въглища в Източномаришкия басейн[cite: 37]. Имаме ограничени залежи на нефт и природен газ.</li>
  <li><b>Руди:</b> Страната ни е богата на медни руди (Средногорието), оловно-цинкови руди (Родопите) и златни руди[cite: 37].</li>
  <li><b>Нерудни изкопаеми:</b> Огромни залежи на варовик, каолин, мрамор и каменна сол (Провадия)[cite: 37].</li>
</ul>
<h3>2. Климатични и Водни ресурси</h3>
<p>България попада в прехода между умереноконтиненталния и средиземноморския климат[cite: 37].</p>
<ul>
  <li><b>Води:</b> Речната мрежа е сравнително гъста, но неравномерно разпределена. Река Дунав е основната ни водна артерия[cite: 37]. България е световно известна със своите <b>минерални извори</b> (над 600), които са база за балнеотуризъм[cite: 37].</li>
</ul>
<h3>3. Почвени, Горски и Биологични ресурси</h3>
<p>Почвите са един от най-големите ни ресурси. Черноземите в Дунавската равнина са изключително плодородни и подходящи за зърнени култури[cite: 37].</p>
<ul>
  <li><b>Гори:</b> Заемат около 1/3 от територията на страната, като най-много са в Родопите, Стара планина и Рила[cite: 37].</li>
  <li><b>Биоразнообразие:</b> България е на едно от първите места в Европа по разнообразие на растителни и животински видове[cite: 37].</li>
</ul>
<img src="https://source.unsplash.com/featured/?education,bulgaria-relief-rivers-nature" style="width:100%; border-radius:8px; margin: 10px 0;" />
<h3>Заключение</h3>
<p>Рационалното използване на природните ресурси е от критично значение за екологичното бъдеще на България. Преходът от добивна индустрия към устойчив туризъм и опазване на водите е основен приоритет за страната[cite: 27, 37].</p>', 1, 8, NULL, 'А', 120013, 'География на България: Природен потенциал и богатства', NULL, '2026-04-14T17:36:00Z'),
  (121028, NULL, NULL, '<h2>Епохата на разума: Просвещение и революционни промени</h2>
<p>През XVIII век в Европа се заражда мощно интелектуално движение, наречено <b>Просвещение</b>. То поставя разума, науката и индивидуалната свобода над религиозните догми и абсолютната монархия. Тези идеи се превръщат в двигател на големите политически революции, които променят картата на света.</p>
<h3>Увод в идеите на Просвещението</h3>
<p>Просветителите вярват, че обществото може да бъде подобрено чрез образование и реформи. Ключови философи полагат основите на модерната държава:</p>
<ul>
  <li><b>Джон Лок:</b> Развива идеята за естествените права на човека (живот, свобода и собственост).</li>
  <li><b>Шарл Монтескьо:</b> Формулира принципа за <b>разделение на властите</b> (законодателна, изпълнителна и съдебна), за да се избегне тиранията.</li>
  <li><b>Жан-Жак Русо:</b> Говори за "обществения договор" и народния суверенитет.</li>
</ul>
<h3>Основни концепции: Големите революции</h3>
<p>Идеите на хартия се превръщат в действия чрез два фундаментални конфликта:</p>
<ol>
  <li><b>Американската революция (1775–1783):</b> Тринадесетте колонии в Северна Америка извоюват независимост от Великобритания. Приемането на <i>Декларацията за независимост (1776)</i> за първи път прилага просвещенските идеи в държавен документ.</li>
  <li><b>Великата френска революция (1789):</b> Започва с превземането на Бастилията. Тя премахва феодалните порядки и абсолютизма, провъзгласявайки <i>Декларацията за правата на човека и гражданина</i> под девиза "Свобода, равенство, братство".</li>
</ol>
<h3>Детайлно обяснение: Наполеоновата епоха</h3>
<p>Революцията във Франция завършва с идването на власт на Наполеон Бонапарт. Макар да се провъзгласява за император, неговите войни разпространяват идеите на Революцията и неговия <i>Граждански кодекс</i> из цяла Европа, което подкопава старите монархии и събужда националното самосъзнание на народите.</p>
<img src="https://source.unsplash.com/featured/?education,enlightenment-french-revolution-history" style="width:100%; border-radius:8px; margin: 10px 0;" />
<h3>Заключение</h3>
<p>Просвещението и революциите слагат край на Средновековието в мисленето и политиката. Те раждат понятието "гражданин" и поставят началото на дългия път към модерната демокрация.</p>', 1, 8, NULL, 'А', 120014, 'Епохата на разума: Просвещение и революционни промени', NULL, '2026-04-14T17:37:00Z'),
  (121029, NULL, NULL, '<h2>България през вековете: От мощта на меча до силата на духа</h2>
<p>Българското средновековие е период на държавно утвърждаване и културен разцвет, докато Възраждането е процес на възстановяване на българската идентичност и борба за независима църква, просвета и държава.</p>
<h3>1. Българското средновековие (VII – XIV в.)</h3>
<p>След основаването на държавата през 681 г., България се превръща в основен фактор в Европа. Ключови събития включват:</p>
<ul>
  <li><b>Покръстване (864 г.):</b> Княз Борис I приема християнството, което приобщава България към европейската цивилизация.</li>
  <li><b>Златен век:</b> При цар Симеон Велики България достига своя териториален и културен апогей, превръщайки се в книжовен център на славянския свят.</li>
  <li><b>Второ българско царство:</b> Възстановено след въстанието на Асен и Петър (1185 г.), то връща блясъка на Търново като политически и духовен център.</li>
</ul>
<h3>2. Българското възраждане (XVIII – XIX в.)</h3>
<p>Това е епоха на преход от средновековно към модерно мислене. Основните направления на борбата са:</p>
<ul>
  <li><b>Движение за новобългарска просвета:</b> Създаване на светски училища и читалища.</li>
  <li><b>Борба за независима църква:</b> Завършва с учредяването на Българската екзархия през 1870 г..</li>
  <li><b>Националнореволюционни борби:</b> Делото на Г. С. Раковски, Любен Каравелов, Васил Левски и Христо Ботев подготвя народа за решителната битка.</li>
</ul>
<h3>Детайлно обяснение: Априлското въстание (1876 г.)</h3>
<p>Въпреки че е потушено с жестокост, Априлското въстание постига своята политическа цел – предизвиква широк международен отзвук и принуждава Великите сили да се намесят в решаването на "Българския въпрос". То е непосредственият повод за Руско-турската освободителна война (1877–1878 г.), донесла свободата на България.</p>
<img src="https://source.unsplash.com/featured/?education,bulgarian-revival-history-books-revolution" style="width:100%; border-radius:8px; margin: 10px 0;" />
<h3>Заключение</h3>
<p>Средновековието ни даде основите на държавността и писмеността, а Възраждането ни върна достойнството и правото да се наричаме свободен народ. Тези периоди са фундаментът на съвременна България.</p>', 1, 8, NULL, 'А', 120014, 'България през вековете: От мощта на меча до силата на духа', NULL, '2026-04-14T17:38:00Z'),
  (121030, NULL, NULL, '<h2>България по пътя на модерността и изпитанията</h2>
<p>След Освобождението България преминава през периоди на бурен икономически възход, национални катастрофи по време на войните за обединение и десетилетия на тоталитарно управление[cite: 41].</p>
<h3>1. Третата българска държава (1878 – 1944 г.)</h3>
<p>Този период започва с приемането на Търновската конституция – една от най-прогресивните за времето си[cite: 41].</p>
<ul>
  <li><b>Съединението (1885 г.):</b> Актът, с който Княжество България и Източна Румелия се обединяват в една държава[cite: 41].</li>
  <li><b>Обявяване на Независимостта (1908 г.):</b> България става напълно суверенно царство, прекъсвайки васалната си зависимост от Османската империя[cite: 41].</li>
  <li><b>Националните войни:</b> Балканските войни и Първата световна война са опити за обединение на българите в техните етнически граници, завършили с тежки териториални загуби[cite: 41].</li>
</ul>
<h3>2. България в епохата на Студената война (1944 – 1989 г.)</h3>
<p>След Втората световна война България попада в сферата на влияние на СССР и установява тоталитарен социалистически режим.</p>
<ul>
  <li><b>Народна република България:</b> Ликвидиране на монархията, национализация на индустрията и колективизация на земята[cite: 41].</li>
  <li><b>Ерата на Живков:</b> Най-дългият период на управление в най-новата ни история, характеризиращ се с относителна стабилност, но и липса на политически свободи[cite: 41].</li>
</ul>
<h3>3. Преход към демокрация и пазарна икономика</h3>
<p>На 10 ноември 1989 г. започва краят на комунистическия режим в България. Страната поема по пътя на многопартийната демокрация и интеграция в европейските структури[cite: 41].</p>
<img src="https://source.unsplash.com/featured/?education,bulgaria-modern-history-democracy-parliament" style="width:100%; border-radius:8px; margin: 10px 0;" />
<h3>Заключение</h3>
<p>Новата история на България е белязана от стремежа на народа към свобода, демокрация и европейска идентичност, преминавайки през трудни уроци и големи надежди[cite: 41].</p>', 1, 8, NULL, 'А', 120014, 'България по пътя на модерността и изпитанията', NULL, '2026-04-14T17:39:00Z');

INSERT INTO "Tests" ("Id", "CreatedByUserId", "LessonId", "Title", "Grade", "Section", "CreatedAt")
VALUES
  (122026, 1, 121026, 'Тест към тема "Световно стопанство и глобализация"', 8, 'А', '2026-04-14T17:40:00Z'),
  (122027, 1, 121027, 'Тест към тема "География на България: Природни ресурси"', 8, 'А', '2026-04-14T17:41:00Z'),
  (122028, 1, 121028, 'Тест към тема "Просвещение и революции"', 8, 'А', '2026-04-14T17:42:00Z'),
  (122029, 1, 121029, 'Тест към тема "Средновековие и Възраждане"', 8, 'А', '2026-04-14T17:43:00Z'),
  (122030, 1, 121030, 'Тест към тема "Нова и най-нова история на България"', 8, 'А', '2026-04-14T17:44:00Z');

INSERT INTO "Questions" ("Id", "Text", "TestId", "CorrectTextAnswer", "ImageUrl", "OrderIndex", "Type")
VALUES
  (123126, 'Към кой сектор на стопанството принадлежи образованието и туризмът?', 122026, NULL, NULL, 1, 'multiple-choice'),
  (123127, 'Кои компании са основни субекти на глобализацията?', 122026, NULL, NULL, 2, 'multiple-choice'),
  (123128, 'Какво означава понятието "международно разделение на труда"?', 122026, NULL, NULL, 3, 'multiple-choice'),
  (123129, 'Кой сектор е водещ в икономиката на най-развитите държави в света?', 122026, NULL, NULL, 4, 'multiple-choice'),
  (123130, 'Пример за регионална икономическа интеграция е:', 122026, NULL, NULL, 5, 'multiple-choice'),
  (123131, 'Къде се намира най-големият басейн за добив на лигнитни въглища в България?', 122027, NULL, NULL, 1, 'multiple-choice'),
  (123132, 'Коя планина е най-богата на оловно-цинкови руди?', 122027, NULL, NULL, 2, 'multiple-choice'),
  (123133, 'Кой е най-плодородният тип почва в България, разположен в Дунавската равнина?', 122027, NULL, NULL, 3, 'multiple-choice'),
  (123134, 'Коя река е най-голямата водна граница и транспортен път на България?', 122027, NULL, NULL, 4, 'multiple-choice'),
  (123135, 'Кой природен ресурс е в основата на развитието на балнеоложките курорти като Хисаря и Девин?', 122027, NULL, NULL, 5, 'multiple-choice'),
  (123136, 'Кой философ предлага разделението на властите на три клона?', 122028, NULL, NULL, 1, 'multiple-choice'),
  (123137, 'Кой документ започва с думите "Всички хора са създадени равни..."?', 122028, NULL, NULL, 2, 'multiple-choice'),
  (123138, 'Кое събитие се счита за символично начало на Френската революция?', 122028, NULL, NULL, 3, 'multiple-choice'),
  (123139, 'Какъв е основният девиз на Френската революция?', 122028, NULL, NULL, 4, 'multiple-choice'),
  (123140, 'Какво означава понятието "Просветен абсолютизъм"?', 122028, NULL, NULL, 5, 'multiple-choice'),
  (123141, 'Кой български владетел приема християнството като официална религия?', 122029, NULL, NULL, 1, 'multiple-choice'),
  (123142, 'През коя година е основана Дунавска България след признаването ѝ от Византия?', 122029, NULL, NULL, 2, 'multiple-choice'),
  (123143, 'Коя книга се счита за начало на Българското възраждане?', 122029, NULL, NULL, 3, 'multiple-choice'),
  (123144, 'Кой революционер е създател на Вътрешната революционна организация (ВРО)?', 122029, NULL, NULL, 4, 'multiple-choice'),
  (123145, 'Кой град е столица на България по време на нейното най-голямо териториално разширение през XIII век?', 122029, NULL, NULL, 5, 'multiple-choice'),
  (123146, 'На коя дата е провъзгласено Съединението на Княжество България и Източна Румелия?', 122030, NULL, NULL, 1, 'multiple-choice'),
  (123147, 'Кой град е избран за столица на Княжество България от Учредителното събрание?', 122030, NULL, NULL, 2, 'multiple-choice'),
  (123148, 'Кой е първият български княз след Освобождението?', 122030, NULL, NULL, 3, 'multiple-choice'),
  (123149, 'Какво се случва в България на 10 ноември 1989 г.?', 122030, NULL, NULL, 4, 'multiple-choice'),
  (123150, 'В коя световна организация се интегрира България през 2007 г.?', 122030, NULL, NULL, 5, 'multiple-choice');

INSERT INTO "Answers" ("Id", "Text", "IsCorrect", "QuestionId", "OrderIndex")
VALUES
  (124501, 'Първичен', 0, 123126, 1),
  (124502, 'Вторичен', 0, 123126, 2),
  (124503, 'Третичен', 1, 123126, 3),
  (124504, 'Добивен', 0, 123126, 4),
  (124505, 'Малките семейни фирми', 0, 123127, 1),
  (124506, 'Транснационалните компании (ТНК)', 1, 123127, 2),
  (124507, 'Държавните читалища', 0, 123127, 3),
  (124508, 'Местните занаятчии', 0, 123127, 4),
  (124509, 'Всяка държава произвежда абсолютно всичко сама', 0, 123128, 1),
  (124510, 'Специализация на държавите в производството на определени стоки и услуги', 1, 123128, 2),
  (124511, 'Забрана за търговия между държавите', 0, 123128, 3),
  (124512, 'Разделяне на работниците по възраст', 0, 123128, 4),
  (124513, 'Първичен', 0, 123129, 1),
  (124514, 'Вторичен', 0, 123129, 2),
  (124515, 'Третичен', 1, 123129, 3),
  (124516, 'Те нямат стопанство', 0, 123129, 4),
  (124517, 'ООН', 0, 123130, 1),
  (124518, 'ЮНЕСКО', 0, 123130, 2),
  (124519, 'Европейски съюз (ЕС)', 1, 123130, 3),
  (124520, 'Световната здравна организация', 0, 123130, 4),

  (124521, 'Ломски басейн', 0, 123131, 1),
  (124522, 'Софийски басейн', 0, 123131, 2),
  (124523, 'Източномаришки басейн', 1, 123131, 3),
  (124524, 'Добруджански басейн', 0, 123131, 4),
  (124525, 'Рила', 0, 123132, 1),
  (124526, 'Родопи', 1, 123132, 2),
  (124527, 'Странджа', 0, 123132, 3),
  (124528, 'Пирин', 0, 123132, 4),
  (124529, 'Смолици', 0, 123133, 1),
  (124530, 'Канелени горски почви', 0, 123133, 2),
  (124531, 'Черноземи', 1, 123133, 3),
  (124532, 'Жълтоземи', 0, 123133, 4),
  (124533, 'Марица', 0, 123134, 1),
  (124534, 'Искър', 0, 123134, 2),
  (124535, 'Дунав', 1, 123134, 3),
  (124536, 'Струма', 0, 123134, 4),
  (124537, 'Черната руда', 0, 123135, 1),
  (124538, 'Минералните води', 1, 123135, 2),
  (124539, 'Дървесината', 0, 123135, 3),
  (124540, 'Въглищата', 0, 123135, 4),

  (124541, 'Джон Лок', 0, 123136, 1),
  (124542, 'Волтер', 0, 123136, 2),
  (124543, 'Шарл Монтескьо', 1, 123136, 3),
  (124544, 'Томас Хобс', 0, 123136, 4),
  (124545, 'Наполеоновият кодекс', 0, 123137, 1),
  (124546, 'Декларацията за независимост на САЩ', 1, 123137, 2),
  (124547, 'Магна Харта', 0, 123137, 3),
  (124548, 'Договорът от Версай', 0, 123137, 4),
  (124549, 'Битката при Ватерло', 0, 123138, 1),
  (124550, 'Коронацията на Наполеон', 0, 123138, 2),
  (124551, 'Превземането на Бастилията', 1, 123138, 3),
  (124552, 'Екзекуцията на Луи XVI', 0, 123138, 4),
  (124553, 'Държавата - това съм аз', 0, 123139, 1),
  (124554, 'Хляб, мир и земя', 0, 123139, 2),
  (124555, 'Свобода, равенство, братство', 1, 123139, 3),
  (124556, 'Съединението прави силата', 0, 123139, 4),
  (124557, 'Пълно премахване на кралската власт', 0, 123140, 1),
  (124558, 'Управление на монарх, който прилага реформи под влияние на просвещенските идеи', 1, 123140, 2),
  (124559, 'Религиозна диктатура', 0, 123140, 3),
  (124560, 'Управление на народни представители', 0, 123140, 4),

  (124561, 'Хан Аспарух', 0, 123141, 1),
  (124562, 'Цар Симеон', 0, 123141, 2),
  (124563, 'Княз Борис I', 1, 123141, 3),
  (124564, 'Цар Иван Асен II', 0, 123141, 4),
  (124565, '632 г.', 0, 123142, 1),
  (124566, '681 г.', 1, 123142, 2),
  (124567, '864 г.', 0, 123142, 3),
  (124568, '1018 г.', 0, 123142, 4),
  (124569, 'Рибен буквар', 0, 123143, 1),
  (124570, 'Под игото', 0, 123143, 2),
  (124571, 'История славянобългарска" на Паисий Хилендарски', 1, 123143, 3),
  (124572, 'Горски пътник', 0, 123143, 4),
  (124573, 'Георги Раковски', 0, 123144, 1),
  (124574, 'Васил Левски', 1, 123144, 2),
  (124575, 'Христо Ботев', 0, 123144, 3),
  (124576, 'Стефан Стамболов', 0, 123144, 4),
  (124577, 'Плиска', 0, 123145, 1),
  (124578, 'Преслав', 0, 123145, 2),
  (124579, 'Търново', 1, 123145, 3),
  (124580, 'Видин', 0, 123145, 4),

  (124581, '3 март 1878 г.', 0, 123146, 1),
  (124582, '6 септември 1885 г.', 1, 123146, 2),
  (124583, '22 септември 1908 г.', 0, 123146, 3),
  (124584, '10 ноември 1989 г.', 0, 123146, 4),
  (124585, 'Пловдив', 0, 123147, 1),
  (124586, 'Велико Търново', 0, 123147, 2),
  (124587, 'София', 1, 123147, 3),
  (124588, 'Варна', 0, 123147, 4),
  (124589, 'Фердинанд Сакскобургготски', 0, 123148, 1),
  (124590, 'Александър I Батенберг', 1, 123148, 2),
  (124591, 'Борис III', 0, 123148, 3),
  (124592, 'Симеон Сакскобургготски', 0, 123148, 4),
  (124593, 'България обявява независимост', 0, 123149, 1),
  (124594, 'Започва Априлското въстание', 0, 123149, 2),
  (124595, 'Тодор Живков е освободен от власт, което бележи началото на демократичните промени', 1, 123149, 3),
  (124596, 'Приета е Търновската конституция', 0, 123149, 4),
  (124597, 'ООН', 0, 123150, 1),
  (124598, 'НАТО', 0, 123150, 2),
  (124599, 'Европейски съюз (ЕС)', 1, 123150, 3),
  (124600, 'СИВ', 0, 123150, 4);



-- Assumptions:
-- 1. Lesson 31 continues the History track and is mapped to Grade 8, SubjectId 120014.
-- 2. Lessons 32-35 belong to the Philosophy cycle (psychology, logic, ethics, history of ideas).
-- 3. Philosophy does not exist in the previous seed files, so a new subject is inserted starting from 120015.
-- 4. Philosophy-oriented content is mapped to Grade 10 to reflect older-student coursework.
-- 5. Section is 'А' and CreatedByUserId = 1 (seeded admin).
-- 6. IDs start from the ranges provided by the user to avoid overlap with previous scripts.

INSERT INTO "Subjects" ("Id", "CreatedByUserId", "Description", "Name", "Grade", "Section", "CreatedAt")
VALUES
  (120015, 1, 'Подготовка по философия с фокус върху психология, логика, етика и история на идеите.', 'Философия', 10, 'А', '2026-04-14T17:45:00Z');

INSERT INTO "Lessons" ("Id", "AttachmentName", "AttachmentUrl", "Content", "CreatedByUserId", "Grade", "ImageUrl", "Section", "SubjectId", "Title", "YoutubeUrl", "CreatedAt")
VALUES
  (121031, NULL, NULL, '<h2>Новият световен ред: Разделение и интеграция</h2>
<p>След 1945 г. светът навлиза в период на дълбока трансформация, белязан от съперничеството между две суперсили и стремежа към мир чрез международно сътрудничество.</p>
<h3>1. Студената война (1947 – 1991 г.)</h3>
<p>Това е състояние на политическо, идеологическо и икономическо противопоставяне между западния блок (начело със САЩ) и източния блок (начело със СССР).</p>
<ul>
  <li><b>"Желязната завеса":</b> Метафора за разделението на Европа на две враждебни сфери на влияние.</li>
  <li><b>Военни блокове:</b> Създаване на НАТО (1949 г.) за защита на Запада и Варшавския договор (1955 г.) като негов противовес на Изток[cite: 42, 52].</li>
  <li><b>Надпревара във въоръжаването:</b> Разработване на ядрено оръжие, което балансира света чрез "взаимно гарантирано унищожение".</li>
</ul>
<h3>2. Деколонизация и нови държави</h3>
<p>След войната старите колониални империи (Британия, Франция) отслабват, което води до вълна от независимост в Азия и Африка. Появяват се десетки нови държави, които често се самоопределят като "Третият свят".</p>
<h3>3. Пътят към европейско обединение</h3>
<p>За да се предотвратят нови конфликти, европейските държави започват икономическа интеграция. Процесът започва с Общността за въглища и стомана и еволюира в съвременния <b>Европейски съюз</b>[cite: 52].</p>
<h3>Детайлно обяснение: Крахът на социалистическата система</h3>
<p>В края на 80-те години икономическите проблеми и стремежът към свобода в Източна Европа водят до падането на Берлинската стена (1989 г.) и разпадането на СССР (1991 г.). Това бележи края на Студената война и началото на глобалния свят, в който живеем днес.</p>
<img src="https://source.unsplash.com/featured/?education,cold-war-europe-berlin-wall" style="width:100%; border-radius:8px; margin: 10px 0;" />
<h3>Заключение</h3>
<p>Следвоенната история ни показва как светът може да балансира на ръба на унищожението, но и как чрез дипломация и общи ценности могат да се градят съюзи, които гарантират най-дългия период на мир в Европа[cite: 42, 52].</p>', 1, 8, NULL, 'А', 120014, 'Новият световен ред: Разделение и интеграция', NULL, '2026-04-14T17:46:00Z'),
  (121032, NULL, NULL, '<h2>Психология: Пътят към самопознанието</h2>
<p><b>Психологията</b> е наука за душата, поведението и психичните процеси. В центъра ѝ стои <b>личността</b> – съвкупността от индивидуални черти, които ни правят уникални и определят как реагираме на света.</p>
<h3>Увод в структурата на личността</h3>
<p>Една от най-известните теории за личността е тази на <b>Зигмунд Фройд</b>. Според него психиката е изградена от три части:</p>
<ul>
  <li><b>То (Id):</b> Първичните инстинкти и желания (действа на принципа на удоволствието).</li>
  <li><b>Аз (Ego):</b> Рационалната част, която балансира между желанията и реалността.</li>
  <li><b>Свръх-Аз (Super-Ego):</b> Моралният компас, съвестта и нормите, наложени от обществото.</li>
</ul>
<h3>Основни концепции: Темперамент и характер</h3>
<p>Често бъркаме тези две понятия, но те имат различен произход:</p>
<ul>
  <li><b>Темперамент:</b> Вродената биологична основа на личността (скорост на реакциите, емоционалност). Още от Античността се делят на: <i>сангвиник, холерик, флегматик и меланхолик</i>.</li>
  <li><b>Характер:</b> Придобитите качества в процеса на възпитание и социализация. Той включва нашите ценности и волеви усилия.</li>
</ul>
<h3>Детайлно обяснение: Потребности и самоактуализация</h3>
<p>Ейбрахам Маслоу предлага "Пирамида на потребностите", според която човек не може да мисли за висши идеали, ако не са задоволени базовите му нужди.</p>
<ol>
  <li>Физиологични нужди (храна, сън).</li>
  <li>Сигурност и безопасност.</li>
  <li>Любов и принадлежност.</li>
  <li>Уважение и признание.</li>
  <li><b>Самоактуализация:</b> Реализиране на пълния потенциал на личността.</li>
</ol>
<img src="https://source.unsplash.com/featured/?education,Maslow''s hierarchy of needs pyramid" style="width:100%; border-radius:8px; margin: 10px 0;" />
<h3>Практическо приложение</h3>
<p>Познаването на психологията ни помага да разпознаваме своите емоции и да ги управляваме (емоционална интелигентност), да разбираме мотивите на другите и да избягваме конфликти. Тя е в основата на доброто общуване и психичното здраве.</p>
<h3>Заключение</h3>
<p>Личността не е нещо статично. Тя се развива през целия живот. Както казва Сократ: "Познай себе си!", защото само чрез самопознание можем да бъдем истински свободни и щастливи.</p>', 1, 10, NULL, 'А', 120015, 'Психология: Пътят към самопознанието', NULL, '2026-04-14T17:47:00Z'),
  (121033, NULL, NULL, '<h2>Логика: Изкуството на правилното мислене</h2>
<p><b>Логиката</b> е наука за формите и законите на правилното мислене. Тя не ни казва <i>какво</i> да мислим, а <i>как</i> да свързваме мислите си така, че от истинни предпоставки винаги да достигаме до истинни изводи.</p>
<h3>Увод в основните форми на мислене</h3>
<p>Логиката работи с три основни структури:</p>
<ul>
  <li><b>Понятие:</b> Мисъл за съществените признаци на обектите (напр. "човек", "триъгълник").</li>
  <li><b>Съждение:</b> Форма, чрез която се утвърждава или отрича нещо за обекта (напр. "Всички хора са смъртни").</li>
  <li><b>Умозаключение:</b> Процес, при който от едно или повече съждения (премиси) се извежда ново съждение (извод).</li>
</ul>
<h3>Основни концепции: Дедукция и Индукция</h3>
<p>Това са двата основни пътя на човешкото мислене:</p>
<ul>
  <li><b>Дедукция:</b> Движение от общото към частното. Ако общото правило е вярно, то и частният случай е задължително верен.<br><i>Пример:</i> Всички метали са електропроводими (общо). Медта е метал (частно). Следователно медта е електропроводима (извод).</li>
  <li><b>Индукция:</b> Движение от частните случаи към общото заключение. Тук изводът е вероятен, но не винаги сигурен.<br><i>Пример:</i> Първият лебед е бял, вторият е бял... следователно всички лебеди са бели (докато не открием черния лебед).</li>
</ul>
<h3>Детайлно обяснение: Логически грешки и манипулации</h3>
<p>Критичното мислене ни позволява да разпознаваме грешките в аргументацията (софизми), които често се използват в рекламите и политиката:</p>
<ul>
  <li><b>Ad Hominem (Атака срещу личността):</b> Вместо да се оборват аргументите, се атакува характерът на човека, който ги изказва.</li>
  <li><b>"Сламeн човек":</b> Изкривяване на чуждия аргумент, за да бъде по-лесно атакуван.</li>
  <li><b>Фалшива дилема:</b> Представяне на ситуацията само с две крайни опции, когато всъщност има и други възможности.</li>
</ul>
<img src="https://source.unsplash.com/featured/?education,logic-diagram-critical-thinking" style="width:100%; border-radius:8px; margin: 10px 0;" />
<h3>Практическо приложение</h3>
<p>Логиката е в основата на компютърните науки (програмирането разчита изцяло на логически оператори като AND, OR, NOT) и правото. Критичното мислене пък е най-добрата ни защита срещу фалшивите новини и емоционалната манипулация в интернет.</p>
<h3>Заключение</h3>
<p>Логиката е "хигиена на ума". Тя ни помага да бъдем последователни в думите си и да изискваме доказателства, преди да приемем нещо за истина.</p>', 1, 10, NULL, 'А', 120015, 'Логика: Изкуството на правилното мислене', NULL, '2026-04-14T17:48:00Z'),
  (121034, NULL, NULL, '<h2>Етика: Компасът на човешкия избор</h2>
<p><b>Етиката</b> е дял от философията, който изследва морала – системата от норми, ценности и правила, които регулират човешкото поведение. Тя ни учи да различаваме <b>доброто</b> (това, което утвърждава живота и щастието) от <b>злото</b> (това, което руши и причинява страдание).</p>
<h3>Увод в моралните ценности</h3>
<p>Ценностите са онези идеи, които считаме за важни и които направляват живота ни. Основните етични категории са:</p>
<ul>
  <li><b>Свобода:</b> Възможността да избираш сам пътя си, но и готовността да понесеш последиците (отговорност).</li>
  <li><b>Справедливост:</b> Принципът на безпристрастност и отдаване на всеки заслуженото.</li>
  <li><b>Дълг:</b> Моралният ангажимент да постъпваме правилно, дори когато не ни е изгодно.</li>
  <li><b>Достойнство:</b> Признаването на вътрешната ценност на всеки човек само заради това, че е човешко същество.</li>
</ul>
<h3>Основни концепции: Етични теории</h3>
<p>Философите предлагат различни критерии за това кое действие е морално:</p>
<ol>
  <li><b>Етика на добродетелта (Аристотел):</b> Фокусира се върху характера. Морален е този, който притежава добродетели като смелост, щедрост и благоразумие (намиране на "златната среда").</li>
  <li><b>Деонтология /Етика на дълга/ (Имануел Кант):</b> Моралът зависи от намерението и спазването на универсални правила. Неговият <i>Категоричен императив</i> гласи: „Постъпвай само според онази максима, чрез която можеш едновременно да искаш тя да стане универсален закон“.</li>
  <li><b>Утилитаризъм (Джон Стюарт Мил):</b> Морално е действие, което носи „най-голямо щастие за най-голям брой хора“. Тук резултатът е по-важен от намерението.</li>
</ol>
<h3>Детайлно обяснение: Морални дилеми</h3>
<p>Етиката не винаги дава готови отговори. Често се сблъскваме с <b>морални дилеми</b> – ситуации, в които трябва да избираме между две ценности (напр. истината срещу лоялността). Разрешаването им изисква критично мислене и етична рефлексия.</p>
<img src="https://source.unsplash.com/featured/?education,ethics-moral-choice-balance" style="width:100%; border-radius:8px; margin: 10px 0;" />
<h3>Практическо приложение</h3>
<p>Етиката е навсякъде около нас: в <b>медицината</b> (биоетика), в <b>бизнеса</b> (корпоративна отговорност) и в <b>отношението ни към природата</b> (екологична етика). Тя ни помага да изградим доверие в обществото и да живеем в мир със себе си.</p>
<h3>Заключение</h3>
<p>Етиката не е просто теория, тя е практика. Тя ни напомня, че човек е човек само чрез своите постъпки и че всеки избор гради нашия морален образ.</p>', 1, 10, NULL, 'А', 120015, 'Етика: Компасът на човешкия избор', NULL, '2026-04-14T17:49:00Z'),
  (121035, NULL, NULL, '<h2>История на идеите: Големите въпроси през вековете</h2>
<p>Философията не е просто суха теория, а история на човешкия опит да намери смисъл. През различните епохи фокусът на мисленето се е измествал от природата към Бога, а след това към човека и обществото.</p>
<h3>1. Античност: Раждането на Логоса</h3>
<p>В Древна Гърция философията започва с опит да се разбере <i>Архе</i> (началото) на всичко съществуващо.</p>
<ul>
  <li><b>Сократ:</b> Обръща философията към човека. Неговият метод на диалог цели да изведе истината чрез въпроси.</li>
  <li><b>Платон:</b> Създава теорията за идеите – светът, който виждаме, е само бледо копие на истинския свят на идеите.</li>
  <li><b>Аристотел:</b> Систематизира цялото налично знание и поставя основите на логиката и естествознанието.</li>
</ul>
<h3>2. Средновековие и Ренесанс</h3>
<p>През Средните векове философията става „слугиня на теологията“ (напр. св. Тома Аквински), опитвайки се да докаже съществуването на Бога чрез разума. Ренесансът (Възраждането) връща <b>хуманизма</b> – идеята, че човекът е център на вселената и мярка за всички неща.</p>
<h3>3. Модерната епоха: Разум и Опит</h3>
<p>През XVII-XVIII век философите се разделят на два лагера относно това как познаваме света:</p>
<ul>
  <li><b>Рационализъм (Декарт):</b> „Мисля, следователно съществувам“. Разумът е единственият сигурен източник на знание.</li>
  <li><b>Емпиризъм (Лок, Хюм):</b> Умът е „tabula rasa“ (чиста дъска) и цялото ни знание идва от сетивния опит.</li>
</ul>
<h3>4. Съвременна философия (XIX – XX в.)</h3>
<p>Тук идеите стават по-практични и понякога по-мрачни:</p>
<ul>
  <li><b>Екзистенциализъм (Сартр):</b> Човекът е „осъден да бъде свободен“ – няма предварително зададен смисъл, ние сами създаваме себе си чрез изборите си.</li>
  <li><b>Психоанализа и Нихилизъм:</b> Ницше обявява преоценката на всички ценности, а Фройд разкрива ролята на несъзнаваното.</li>
</ul>
<img src="https://source.unsplash.com/featured/?education,philosophy-books-thinkers-history-of-ideas" style="width:100%; border-radius:8px; margin: 10px 0;" />
<h3>Заключение</h3>
<p>Историята на идеите ни учи, че никое мнение не е абсолютно. Всяко поколение надгражда предходното, като преосмисля истината в контекста на своето време. Философията ни дава инструментите да участваме в този вечен разговор.</p>', 1, 10, NULL, 'А', 120015, 'История на идеите: Големите въпроси през вековете', NULL, '2026-04-14T17:50:00Z');

INSERT INTO "Tests" ("Id", "CreatedByUserId", "LessonId", "Title", "Grade", "Section", "CreatedAt")
VALUES
  (122031, 1, 121031, 'Тест към тема "Светът след Втората световна война"', 8, 'А', '2026-04-14T17:51:00Z'),
  (122032, 1, 121032, 'Тест към тема "Психология на личността"', 10, 'А', '2026-04-14T17:52:00Z'),
  (122033, 1, 121033, 'Тест към тема "Логика и критично мислене"', 10, 'А', '2026-04-14T17:53:00Z'),
  (122034, 1, 121034, 'Тест към тема "Етика: Доброто и злото"', 10, 'А', '2026-04-14T17:54:00Z'),
  (122035, 1, 121035, 'Тест към тема "История на идеите"', 10, 'А', '2026-04-14T17:55:00Z');

INSERT INTO "Questions" ("Id", "Text", "TestId", "CorrectTextAnswer", "ImageUrl", "OrderIndex", "Type")
VALUES
  (123151, 'Кой термин описва идеологическото противопоставяне между САЩ и СССР?', 122031, NULL, NULL, 1, 'multiple-choice'),
  (123152, 'Коя организация е създадена през 1945 г. с цел поддържане на международния мир и сигурност?', 122031, NULL, NULL, 2, 'multiple-choice'),
  (123153, 'Какво символизира падането на Берлинската стена през 1989 г.?', 122031, NULL, NULL, 3, 'multiple-choice'),
  (123154, 'Кой военен съюз е създаден от социалистическите държави като отговор на НАТО?', 122031, NULL, NULL, 4, 'multiple-choice'),
  (123155, 'Кой процес описва освобождаването на африканските и азиатските страни от колониална зависимост?', 122031, NULL, NULL, 5, 'multiple-choice'),
  (123156, 'Коя част от психиката според Фройд отговаря за морала и правилата?', 122032, NULL, NULL, 1, 'multiple-choice'),
  (123157, 'Кой темперамент се отличава с бурна реакция, енергичност и бърза смяна на настроенията?', 122032, NULL, NULL, 2, 'multiple-choice'),
  (123158, 'Какво стои на върха на пирамидата на Маслоу?', 122032, NULL, NULL, 3, 'multiple-choice'),
  (123159, 'Каква е основната разлика между темперамент и характер?', 122032, NULL, NULL, 4, 'multiple-choice'),
  (123160, 'Способността да разбираме и управляваме собствените си емоции се нарича:', 122032, NULL, NULL, 5, 'multiple-choice'),
  (123161, 'Как се нарича процесът на извеждане на частно заключение от общо правило?', 122033, NULL, NULL, 1, 'multiple-choice'),
  (123162, 'Коя форма на мислене утвърждава или отрича нещо (напр. "Слънцето е звезда")?', 122033, NULL, NULL, 2, 'multiple-choice'),
  (123163, 'Атаката срещу личността на опонента вместо срещу неговите идеи се нарича:', 122033, NULL, NULL, 3, 'multiple-choice'),
  (123164, 'Кой тип мислене ни дава само вероятни (не напълно сигурни) знания?', 122033, NULL, NULL, 4, 'multiple-choice'),
  (123165, 'Основател на формалната логика в древността е:', 122033, NULL, NULL, 5, 'multiple-choice'),
  (123166, 'Как се нарича способността на човека да носи последствията от своите действия?', 122034, NULL, NULL, 1, 'multiple-choice'),
  (123167, 'Според Имануел Кант едно действие е морално, когато:', 122034, NULL, NULL, 2, 'multiple-choice'),
  (123168, 'Коя етична теория твърди, че трябва да целим "най-голямото щастие за най-голям брой хора"?', 122034, NULL, NULL, 3, 'multiple-choice'),
  (123169, 'Златната среда между два порока (напр. смелостта между страха и безразсъдството) е основна идея на:', 122034, NULL, NULL, 4, 'multiple-choice'),
  (123170, 'Как се нарича дялът от етиката, занимаващ се с проблемите на медицината, като клониране и евтаназия?', 122034, NULL, NULL, 5, 'multiple-choice'),
  (123171, 'Кой античен философ е известен с метода на диалога и фразата „Аз знам, че нищо не знам“?', 122035, NULL, NULL, 1, 'multiple-choice'),
  (123172, 'Според Платон светът, в който живеем, е:', 122035, NULL, NULL, 2, 'multiple-choice'),
  (123173, 'Какво означава терминът "хуманизъм", зародил се през Ренесанса?', 122035, NULL, NULL, 3, 'multiple-choice'),
  (123174, 'Фразата „Мисля, следователно съществувам“ (Cogito ergo sum) принадлежи на:', 122035, NULL, NULL, 4, 'multiple-choice'),
  (123175, 'Философското течение, според което човек е напълно свободен и сам създава смисъла на живота си, се нарича:', 122035, NULL, NULL, 5, 'multiple-choice');

INSERT INTO "Answers" ("Id", "Text", "IsCorrect", "QuestionId", "OrderIndex")
VALUES
  (124601, 'Първата световна война', 0, 123151, 1),
  (124602, 'Студената война', 1, 123151, 2),
  (124603, 'Ренесанс', 0, 123151, 3),
  (124604, 'Просвещение', 0, 123151, 4),
  (124605, 'НАТО', 0, 123152, 1),
  (124606, 'ООН (Организация на обединените нации)', 1, 123152, 2),
  (124607, 'Европейски съюз', 0, 123152, 3),
  (124608, 'Варшавски договор', 0, 123152, 4),
  (124609, 'Началото на Втората световна война', 0, 123153, 1),
  (124610, 'Края на разделението на Европа и краха на комунистическите режими', 1, 123153, 2),
  (124611, 'Създаването на НАТО', 0, 123153, 3),
  (124612, 'Откриването на космоса', 0, 123153, 4),
  (124613, 'СИВ', 0, 123154, 1),
  (124614, 'Варшавски договор', 1, 123154, 2),
  (124615, 'АСЕАН', 0, 123154, 3),
  (124616, 'Г-7', 0, 123154, 4),
  (124617, 'Глобализация', 0, 123155, 1),
  (124618, 'Деколонизация', 1, 123155, 2),
  (124619, 'Реформация', 0, 123155, 3),
  (124620, 'Индустриализация', 0, 123155, 4),

  (124621, 'То (Id)', 0, 123156, 1),
  (124622, 'Аз (Ego)', 0, 123156, 2),
  (124623, 'Свръх-Аз (Super-Ego)', 1, 123156, 3),
  (124624, 'Либидо', 0, 123156, 4),
  (124625, 'Флегматик', 0, 123157, 1),
  (124626, 'Холерик', 1, 123157, 2),
  (124627, 'Меланхолик', 0, 123157, 3),
  (124628, 'Сангвиник', 0, 123157, 4),
  (124629, 'Потребност от храна', 0, 123158, 1),
  (124630, 'Потребност от сигурност', 0, 123158, 2),
  (124631, 'Самоактуализация', 1, 123158, 3),
  (124632, 'Социален престиж', 0, 123158, 4),
  (124633, 'Темпераментът се учи, а характерът е вроден.', 0, 123159, 1),
  (124634, 'Темпераментът е биологично обусловен, а характерът се формира в обществото.', 1, 123159, 2),
  (124635, 'Няма никаква разлика.', 0, 123159, 3),
  (124636, 'Характерът зависи само от гените.', 0, 123159, 4),
  (124637, 'Логическо мислене', 0, 123160, 1),
  (124638, 'Емоционална интелигентност', 1, 123160, 2),
  (124639, 'Интуиция', 0, 123160, 3),
  (124640, 'Темперамент', 0, 123160, 4),

  (124641, 'Индукция', 0, 123161, 1),
  (124642, 'Дедукция', 1, 123161, 2),
  (124643, 'Аналогия', 0, 123161, 3),
  (124644, 'Интуиция', 0, 123161, 4),
  (124645, 'Понятие', 0, 123162, 1),
  (124646, 'Умозаключение', 0, 123162, 2),
  (124647, 'Съждение', 1, 123162, 3),
  (124648, 'Хипотеза', 0, 123162, 4),
  (124649, 'Аргумент към авторитета', 0, 123163, 1),
  (124650, 'Ad Hominem', 1, 123163, 2),
  (124651, 'Логически кръг', 0, 123163, 3),
  (124652, 'Сламeн човек', 0, 123163, 4),
  (124653, 'Дедукцията', 0, 123164, 1),
  (124654, 'Математическата логика', 0, 123164, 2),
  (124655, 'Индукцията', 1, 123164, 3),
  (124656, 'Силлогизмът', 0, 123164, 4),
  (124657, 'Платон', 0, 123165, 1),
  (124658, 'Сократ', 0, 123165, 2),
  (124659, 'Аристотел', 1, 123165, 3),
  (124660, 'Декарт', 0, 123165, 4),

  (124661, 'Егоизъм', 0, 123166, 1),
  (124662, 'Справедливост', 0, 123166, 2),
  (124663, 'Отговорност', 1, 123166, 3),
  (124664, 'Алтруизъм', 0, 123166, 4),
  (124665, 'Ни носи лична полза', 0, 123167, 1),
  (124666, 'Е продиктувано от чувството за дълг и универсалния морал', 1, 123167, 2),
  (124667, 'Прави приятелите ни щастливи', 0, 123167, 3),
  (124668, 'Е извършено от страх от закона', 0, 123167, 4),
  (124669, 'Стоицизъм', 0, 123168, 1),
  (124670, 'Утилитаризъм', 1, 123168, 2),
  (124671, 'Нихилизъм', 0, 123168, 3),
  (124672, 'Едонизъм', 0, 123168, 4),
  (124673, 'Платон', 0, 123169, 1),
  (124674, 'Аристотел', 1, 123169, 2),
  (124675, 'Хобс', 0, 123169, 3),
  (124676, 'Ницше', 0, 123169, 4),
  (124677, 'Психоетика', 0, 123170, 1),
  (124678, 'Биоетика', 1, 123170, 2),
  (124679, 'Естетика', 0, 123170, 3),
  (124680, 'Метаетика', 0, 123170, 4),

  (124681, 'Платон', 0, 123171, 1),
  (124682, 'Аристотел', 0, 123171, 2),
  (124683, 'Сократ', 1, 123171, 3),
  (124684, 'Питагор', 0, 123171, 4),
  (124685, 'Единствената реалност', 0, 123172, 1),
  (124686, 'Свят на сенките и копията на истинските Идеи', 1, 123172, 2),
  (124687, 'Божествено творение без грешки', 0, 123172, 3),
  (124688, 'Хаос без правила', 0, 123172, 4),
  (124689, 'Фокус върху божественото наказание', 0, 123173, 1),
  (124690, 'Поставяне на човека, неговите ценности и възможности в центъра на света', 1, 123173, 2),
  (124691, 'Отричане на науката', 0, 123173, 3),
  (124692, 'Изследване само на животните', 0, 123173, 4),
  (124693, 'Джон Лок', 0, 123174, 1),
  (124694, 'Рене Декарт', 1, 123174, 2),
  (124695, 'Имануел Кант', 0, 123174, 3),
  (124696, 'Жан-Пол Сартр', 0, 123174, 4),
  (124697, 'Схоластика', 0, 123175, 1),
  (124698, 'Екзистенциализъм', 1, 123175, 2),
  (124699, 'Емпиризъм', 0, 123175, 3),
  (124700, 'Материализъм', 0, 123175, 4);



-- Assumptions:
-- 1. Lessons 36-39 are part of the Citizenship Education cycle and are mapped to Grade 11.
-- 2. Lesson 40 begins the English language cycle and is mapped to Grade 9.
-- 3. Subjects continue from the user-provided range: 120016 for Citizenship Education and 120017 for English.
-- 4. Section is 'А' and CreatedByUserId = 1.

INSERT INTO "Subjects" ("Id", "CreatedByUserId", "Description", "Name", "Grade", "Section", "CreatedAt")
VALUES
  (120016, 1, 'Подготовка по гражданско образование с акцент върху институции, права, международни съюзи и глобални предизвикателства.', 'Гражданско образование', 11, 'А', '2026-04-14T18:05:00Z'),
  (120017, 1, 'Подготовка по английски език с акцент върху граматика, времена и практическа комуникация.', 'Английски език', 9, 'А', '2026-04-14T18:06:00Z');

INSERT INTO "Lessons" ("Id", "AttachmentName", "AttachmentUrl", "Content", "CreatedByUserId", "Grade", "ImageUrl", "Section", "SubjectId", "Title", "YoutubeUrl", "CreatedAt")
VALUES
  (121036, NULL, NULL, '<h2>Държавата: Механизми на властта и граждански контрол</h2>
<p><b>Държавата</b> е политическа организация на обществото, която притежава суверенитет и управлява чрез определени институции. В една демокрация властта не е съсредоточена в едни ръце, а е разделена, за да се гарантират свободата и законността.</p>
<h3>Увод в разделението на властите</h3>
<p>Според конституционния модел държавната власт се дели на три независими клона, които се контролират взаимно:</p>
<ul>
  <li><b>Законодателна власт:</b> Осъществява се от Народното събрание, което приема закони и контролира правителството.</li>
  <li><b>Изпълнителна власт:</b> Осъществява се от Министерския съвет, който прилага законите и управлява текущите дела на държавата.</li>
  <li><b>Съдебна власт:</b> Осъществява се от съдилищата и защитава законността и правата на гражданите.</li>
</ul>
<h3>Основни концепции: Правова държава и институции</h3>
<p><b>Правовата държава</b> е тази, в която законът стои над всички, включително над управляващите. Важни фигури в българската система са президентът, омбудсманът и Конституционният съд.</p>
<ul>
  <li><b>Президент:</b> Олицетворява единството на нацията и е върховен главнокомандващ.</li>
  <li><b>Омбудсман:</b> Защитава гражданите при нарушени права от администрацията.</li>
  <li><b>Конституционен съд:</b> Следи дали законите съответстват на Конституцията.</li>
</ul>
<h3>Детайлно обяснение: Избори и участие</h3>
<p>Демокрацията може да бъде <b>пряка</b> чрез референдуми и <b>представителна</b> чрез избор на народни представители. Изборите трябва да бъдат всеобщи, равни, преки и с тайно гласуване.</p>
<img src="https://source.unsplash.com/featured/?education,parliament-democracy-citizens" style="width:100%; border-radius:8px; margin: 10px 0;" />
<h3>Практическо приложение</h3>
<p>Разбирането на институциите ни помага да знаем към кого да се обърнем при проблем и как да изискваме отчетност от властта.</p>
<h3>Заключение</h3>
<p>Активният гражданин не е просто наблюдател. Той познава институциите, защитава правата си и участва в обществения живот.</p>', 1, 11, NULL, 'А', 120016, 'Държавата: Механизми на властта и граждански контрол', NULL, '2026-04-14T18:07:00Z'),
  (121037, NULL, NULL, '<h2>Правата на човека: Граници на властта и лична свобода</h2>
<p><b>Правата на човека</b> са универсални, неотменими и принадлежат на всеки човек по рождение. Те са защитната стена между индивида и възможния произвол на държавата.</p>
<h3>1. Видове права на човека</h3>
<p>Правата обикновено се разделят на няколко поколения:</p>
<ul>
  <li><b>Граждански и политически права:</b> Право на живот, свобода на словото, право на справедлив процес и право на глас.</li>
  <li><b>Икономически, социални и културни права:</b> Право на труд, образование, здравеопазване и социална сигурност.</li>
  <li><b>Колективни права:</b> Право на мир, здравословна околна среда и развитие.</li>
</ul>
<h3>2. Защита на правата</h3>
<p>Правата са закрепени в <b>Конституцията на Република България</b> и в международни документи като Всеобщата декларация за правата на човека и Европейската конвенция за правата на човека.</p>
<ul>
  <li>Националните съдилища защитават нарушени права в рамките на държавата.</li>
  <li>Комисията за защита от дискриминация разглежда случаи на неравно третиране.</li>
  <li><b>Европейският съд по правата на човека</b> в Страсбург е международна инстанция след изчерпване на местните средства за защита.</li>
</ul>
<h3>3. Гражданско участие и гражданско общество</h3>
<p><b>Гражданското общество</b> се състои от доброволни организации и активни граждани, които защитават общи интереси.</p>
<ul>
  <li><b>Протести и демонстрации:</b> Публично изразяване на позиция.</li>
  <li><b>Петиции и подписки:</b> Искане за промяна в закон или политика.</li>
  <li><b>Доброволчество:</b> Участие в каузи от обществен интерес.</li>
</ul>
<img src="https://source.unsplash.com/featured/?education,human-rights-freedom-civic-voice" style="width:100%; border-radius:8px; margin: 10px 0;" />
<h3>Заключение</h3>
<p>Да бъдеш гражданин означава не само да се ползваш от свободите си, но и да уважаваш правата на другите и да участваш в подобряването на общността.</p>', 1, 11, NULL, 'А', 120016, 'Правата на човека: Граници на властта и лична свобода', NULL, '2026-04-14T18:08:00Z'),
  (121038, NULL, NULL, '<h2>България в глобалните съюзи: ЕС и НАТО</h2>
<p>В съвременния свят държавите се обединяват в международни организации, за да решават съвместно проблеми, които не могат да преодолеят сами. За България най-важните такива съюзи са <b>Европейският съюз</b> и <b>НАТО</b>.</p>
<h3>1. Европейски съюз</h3>
<p>ЕС е партньорство между европейски държави, основано на човешкото достойнство, свободата, демокрацията и върховенството на закона. България е член на ЕС от <b>1 януари 2007 г.</b></p>
<ul>
  <li><b>Четирите свободи:</b> Свободно движение на стоки, хора, услуги и капитали.</li>
  <li><b>Институции:</b> Европейска комисия, Европейски парламент и Съвет на ЕС.</li>
  <li><b>Единен пазар:</b> Обща икономическа зона, която улеснява търговията и образованието.</li>
</ul>
<h3>2. НАТО</h3>
<p>НАТО е политически и военен съюз, към който България се присъединява на <b>29 март 2004 г.</b></p>
<ul>
  <li><b>Член 5:</b> Нападение срещу една държава членка се разглежда като нападение срещу всички.</li>
  <li><b>Колективна отбрана:</b> Основата на сигурността в рамките на съюза.</li>
</ul>
<h3>3. Други международни организации</h3>
<ul>
  <li><b>ООН:</b> Работи за международен мир и сигурност.</li>
  <li><b>Съвет на Европа:</b> Защитава правата на човека и демократичното развитие.</li>
</ul>
<img src="https://source.unsplash.com/featured/?education,european-union-nato-flags" style="width:100%; border-radius:8px; margin: 10px 0;" />
<h3>Заключение</h3>
<p>Членството в ЕС и НАТО дава на България сигурност, възможности за развитие и принадлежност към общност с демократични стандарти.</p>', 1, 11, NULL, 'А', 120016, 'България в глобалните съюзи: ЕС и НАТО', NULL, '2026-04-14T18:09:00Z'),
  (121039, NULL, NULL, '<h2>Глобалните предизвикателства: Светът пред избор</h2>
<p><b>Глобалните проблеми</b> засягат цялото човечество и не могат да бъдат решени от една държава самостоятелно. Те изискват международно сътрудничество и промяна в общественото мислене.</p>
<h3>1. Екологични проблеми и климатични промени</h3>
<p>Глобалното затопляне, замърсяването и загубата на биоразнообразие са сред най-сериозните заплахи на XXI век.</p>
<ul>
  <li><b>Устойчиво развитие:</b> Развитие, което пази ресурсите и за бъдещите поколения.</li>
  <li><b>Екологичен отпечатък:</b> Мярка за влиянието на човешката дейност върху природата.</li>
</ul>
<h3>2. Демографски проблеми и бедност</h3>
<ul>
  <li><b>Пренаселване:</b> В някои региони ресурсите не достигат за бързо растящото население.</li>
  <li><b>Демографска криза:</b> В други региони населението намалява и застарява.</li>
  <li><b>Неравенство:</b> Разликите между богатия Север и бедния Юг пораждат миграционен натиск.</li>
</ul>
<h3>3. Тероризъм и киберсигурност</h3>
<p>Съвременните заплахи често са невидими: кибератаките могат да засегнат икономиката, енергетиката и личните данни на милиони хора.</p>
<h3>4. Целите за устойчиво развитие</h3>
<p>ООН формулира 17 цели до 2030 г., насочени към по-мирен, справедлив и устойчив свят.</p>
<img src="https://source.unsplash.com/featured/?education,climate-change-global-challenges" style="width:100%; border-radius:8px; margin: 10px 0;" />
<h3>Заключение</h3>
<p>Глобалните предизвикателства показват, че личната отговорност и международната солидарност вървят ръка за ръка.</p>', 1, 11, NULL, 'А', 120016, 'Глобалните предизвикателства: Светът пред избор', NULL, '2026-04-14T18:10:00Z'),
  (121040, NULL, NULL, '<h2>The English Tense System: Navigating Time</h2>
<p>English tenses are organized by <b>time</b> and <b>aspect</b>. When students understand the logic behind them, they can build correct sentences instead of memorizing isolated formulas.</p>
<h3>1. Present Tenses</h3>
<ul>
  <li><b>Present Simple:</b> Used for facts, habits, and permanent situations. Example: <code>I study every day.</code></li>
  <li><b>Present Continuous:</b> Used for actions happening now or around the current period. Example: <code>I am reading now.</code></li>
  <li><b>Present Perfect:</b> Connects the past to the present. Example: <code>I have lost my keys.</code></li>
</ul>
<h3>2. Past Tenses</h3>
<ul>
  <li><b>Past Simple:</b> Completed action at a definite moment in the past.</li>
  <li><b>Past Continuous:</b> Action in progress at a particular time in the past.</li>
  <li><b>Past Perfect:</b> Action completed before another past action.</li>
</ul>
<h3>3. Future Forms</h3>
<ul>
  <li><b>Future Simple:</b> Used for predictions, promises, and quick decisions.</li>
  <li><b>Be going to:</b> Used for plans and intentions decided before speaking.</li>
</ul>
<h3>Pro Tip: State vs. Action Verbs</h3>
<p>Some verbs like <b>know</b>, <b>believe</b>, and <b>love</b> are usually not used in continuous forms because they describe a state rather than an action.</p>
<img src="https://source.unsplash.com/featured/?education,english-grammar-study-notes" style="width:100%; border-radius:8px; margin: 10px 0;" />
<h3>Conclusion</h3>
<p>Tenses work like a system. Once learners recognize signal words such as <b>already</b>, <b>yesterday</b>, and <b>next week</b>, choosing the correct tense becomes much easier.</p>', 1, 9, NULL, 'А', 120017, 'The English Tense System: Navigating Time', NULL, '2026-04-14T18:11:00Z');

INSERT INTO "Tests" ("Id", "CreatedByUserId", "LessonId", "Title", "Grade", "Section", "CreatedAt")
VALUES
  (122036, 1, 121036, 'Тест към тема "Държавна власт и институции"', 11, 'А', '2026-04-14T18:12:00Z'),
  (122037, 1, 121037, 'Тест към тема "Права на човека и гражданско участие"', 11, 'А', '2026-04-14T18:13:00Z'),
  (122038, 1, 121038, 'Тест към тема "Международни организации: ЕС и НАТО"', 11, 'А', '2026-04-14T18:14:00Z'),
  (122039, 1, 121039, 'Тест към тема "Глобални проблеми на съвременността"', 11, 'А', '2026-04-14T18:15:00Z'),
  (122040, 1, 121040, 'Test: English Verb Tenses', 9, 'А', '2026-04-14T18:16:00Z');

INSERT INTO "Questions" ("Id", "Text", "TestId", "CorrectTextAnswer", "ImageUrl", "OrderIndex", "Type")
VALUES
  (123176, 'Кой орган в България притежава законодателната власт?', 122036, NULL, NULL, 1, 'multiple-choice'),
  (123177, 'Как се нарича принципът, според който никой не стои над закона?', 122036, NULL, NULL, 2, 'multiple-choice'),
  (123178, 'Коя институция защитава гражданите от произвола на администрацията?', 122036, NULL, NULL, 3, 'multiple-choice'),
  (123179, 'Кой е върховен главнокомандващ на въоръжените сили в България?', 122036, NULL, NULL, 4, 'multiple-choice'),
  (123180, 'Какво представлява референдумът?', 122036, NULL, NULL, 5, 'multiple-choice'),
  (123181, 'Кой документ, приет от ООН през 1948 г., е фундаментален за защитата на правата на човека?', 122037, NULL, NULL, 1, 'multiple-choice'),
  (123182, 'Правото на образование и правото на труд към коя група права се отнасят?', 122037, NULL, NULL, 2, 'multiple-choice'),
  (123183, 'До кой съд може да се обърне български гражданин при нарушени фундаментални права след изчерпване на местните средства?', 122037, NULL, NULL, 3, 'multiple-choice'),
  (123184, 'Какво представлява гражданското общество?', 122037, NULL, NULL, 4, 'multiple-choice'),
  (123185, 'Коя форма на участие използва събиране на подписи за искане на промяна?', 122037, NULL, NULL, 5, 'multiple-choice'),
  (123186, 'Кога България става член на Европейския съюз?', 122038, NULL, NULL, 1, 'multiple-choice'),
  (123187, 'Кой принцип на НАТО е заложен в Член 5?', 122038, NULL, NULL, 2, 'multiple-choice'),
  (123188, 'Коя свобода на ЕС позволява на студентите да учат в друга държава членка?', 122038, NULL, NULL, 3, 'multiple-choice'),
  (123189, 'Коя институция на ЕС се избира директно от гражданите?', 122038, NULL, NULL, 4, 'multiple-choice'),
  (123190, 'Каква е основната цел на ООН?', 122038, NULL, NULL, 5, 'multiple-choice'),
  (123191, 'Кой проблем е сред най-сериозните заплахи за биологичното оцеляване на планетата?', 122039, NULL, NULL, 1, 'multiple-choice'),
  (123192, 'Какво означава терминът "устойчиво развитие"?', 122039, NULL, NULL, 2, 'multiple-choice'),
  (123193, 'Коя организация координира целите за устойчиво развитие?', 122039, NULL, NULL, 3, 'multiple-choice'),
  (123194, 'Как се нарича разликата в развитието между богатите и бедните държави?', 122039, NULL, NULL, 4, 'multiple-choice'),
  (123195, 'Как гражданинът може лично да помогне за екологичните проблеми?', 122039, NULL, NULL, 5, 'multiple-choice'),
  (123196, 'Choose the correct form: "Look! It ________ outside."', 122040, NULL, NULL, 1, 'multiple-choice'),
  (123197, 'Which tense is used for a permanent fact?', 122040, NULL, NULL, 2, 'multiple-choice'),
  (123198, 'Complete the sentence: "By the time we arrived, the movie ________."', 122040, NULL, NULL, 3, 'multiple-choice'),
  (123199, 'I ________ to Paris three times in my life.', 122040, NULL, NULL, 4, 'multiple-choice'),
  (123200, '"I ________ my grandmother next Sunday. I already bought the ticket."', 122040, NULL, NULL, 5, 'multiple-choice');

INSERT INTO "Answers" ("Id", "Text", "IsCorrect", "QuestionId", "OrderIndex")
VALUES
  (124701, 'Министерският съвет', 0, 123176, 1),
  (124702, 'Народното събрание', 1, 123176, 2),
  (124703, 'Президентът', 0, 123176, 3),
  (124704, 'Върховният съд', 0, 123176, 4),
  (124705, 'Диктатура', 0, 123177, 1),
  (124706, 'Правова държава', 1, 123177, 2),
  (124707, 'Олигархия', 0, 123177, 3),
  (124708, 'Монархия', 0, 123177, 4),
  (124709, 'Армията', 0, 123178, 1),
  (124710, 'Омбудсманът', 1, 123178, 2),
  (124711, 'Централната избирателна комисия', 0, 123178, 3),
  (124712, 'Полицията', 0, 123178, 4),
  (124713, 'Премиерът', 0, 123179, 1),
  (124714, 'Председателят на парламента', 0, 123179, 2),
  (124715, 'Президентът', 1, 123179, 3),
  (124716, 'Министърът на отбраната', 0, 123179, 4),
  (124717, 'Вид парламентарен дебат', 0, 123180, 1),
  (124718, 'Форма на пряка демокрация чрез гласуване по конкретен въпрос', 1, 123180, 2),
  (124719, 'Назначаване на министър', 0, 123180, 3),
  (124720, 'Решение на съда', 0, 123180, 4),

  (124721, 'Магна харта', 0, 123181, 1),
  (124722, 'Всеобщата декларация за правата на човека', 1, 123181, 2),
  (124723, 'Договорът от Маастрихт', 0, 123181, 3),
  (124724, 'Уставът на НАТО', 0, 123181, 4),
  (124725, 'Граждански и политически', 0, 123182, 1),
  (124726, 'Икономически и социални', 1, 123182, 2),
  (124727, 'Колективни', 0, 123182, 3),
  (124728, 'Религиозни', 0, 123182, 4),
  (124729, 'Сметната палата', 0, 123183, 1),
  (124730, 'Международният наказателен съд', 0, 123183, 2),
  (124731, 'Европейският съд по правата на човека', 1, 123183, 3),
  (124732, 'Арбитражният съд', 0, 123183, 4),
  (124733, 'Съвкупност от държавни чиновници', 0, 123184, 1),
  (124734, 'Системата от полиция и съд', 0, 123184, 2),
  (124735, 'Сферата на доброволни сдружения и активност на гражданите, независима от държавата', 1, 123184, 3),
  (124736, 'Списък с всички жители на държавата', 0, 123184, 4),
  (124737, 'Стачка', 0, 123185, 1),
  (124738, 'Петиция', 1, 123185, 2),
  (124739, 'Лобизъм', 0, 123185, 3),
  (124740, 'Инспекция', 0, 123185, 4),

  (124741, '2004 г.', 0, 123186, 1),
  (124742, '2007 г.', 1, 123186, 2),
  (124743, '1989 г.', 0, 123186, 3),
  (124744, '2012 г.', 0, 123186, 4),
  (124745, 'Свободна търговия между членовете', 0, 123187, 1),
  (124746, 'Колективна отбрана при нападение над страна членка', 1, 123187, 2),
  (124747, 'Обща европейска валута', 0, 123187, 3),
  (124748, 'Задължително изучаване на английски език', 0, 123187, 4),
  (124749, 'Свободно движение на капитали', 0, 123188, 1),
  (124750, 'Свободно движение на стоки', 0, 123188, 2),
  (124751, 'Свободно движение на хора', 1, 123188, 3),
  (124752, 'Свободно движение на услуги', 0, 123188, 4),
  (124753, 'Европейската комисия', 0, 123189, 1),
  (124754, 'Европейският парламент', 1, 123189, 2),
  (124755, 'Европейската централна банка', 0, 123189, 3),
  (124756, 'Съдът на ЕС', 0, 123189, 4),
  (124757, 'Създаване на обща европейска армия', 0, 123190, 1),
  (124758, 'Поддържане на международния мир и сигурност', 1, 123190, 2),
  (124759, 'Контрол върху цената на петрола', 0, 123190, 3),
  (124760, 'Организиране на спортни състезания', 0, 123190, 4),

  (124761, 'Липсата на интернет', 0, 123191, 1),
  (124762, 'Климатичните промени и загубата на биоразнообразие', 1, 123191, 2),
  (124763, 'Ниската раждаемост в Европа', 0, 123191, 3),
  (124764, 'Развитието на изкуствения интелект', 0, 123191, 4),
  (124765, 'Постоянен икономически растеж на всяка цена', 0, 123192, 1),
  (124766, 'Баланс между икономика, общество и екология за бъдещето', 1, 123192, 2),
  (124767, 'Спиране на всякакво производство', 0, 123192, 3),
  (124768, 'Използване на всички ресурси веднага', 0, 123192, 4),
  (124769, 'НАТО', 0, 123193, 1),
  (124770, 'ООН', 1, 123193, 2),
  (124771, 'ФИФА', 0, 123193, 3),
  (124772, 'Световната търговска организация', 0, 123193, 4),
  (124773, 'Глобално затопляне', 0, 123194, 1),
  (124774, 'Дигитално разделение', 0, 123194, 2),
  (124775, 'Социално-икономическа пропаст Север-Юг', 1, 123194, 3),
  (124776, 'Урбанизация', 0, 123194, 4),
  (124777, 'Като купува повече стоки в пластмасови опаковки', 0, 123195, 1),
  (124778, 'Чрез разделно събиране на отпадъци и намаляване на потреблението на енергия', 1, 123195, 2),
  (124779, 'Като не се интересува от новините', 0, 123195, 3),
  (124780, 'Като изхвърля батерии в обикновения боклук', 0, 123195, 4),

  (124781, 'snows', 0, 123196, 1),
  (124782, 'is snowing', 1, 123196, 2),
  (124783, 'has snowed', 0, 123196, 3),
  (124784, 'was snowing', 0, 123196, 4),
  (124785, 'Present Continuous', 0, 123197, 1),
  (124786, 'Past Simple', 0, 123197, 2),
  (124787, 'Present Simple', 1, 123197, 3),
  (124788, 'Future Simple', 0, 123197, 4),
  (124789, 'starts', 0, 123198, 1),
  (124790, 'has started', 0, 123198, 2),
  (124791, 'had started', 1, 123198, 3),
  (124792, 'is starting', 0, 123198, 4),
  (124793, 'was being', 0, 123199, 1),
  (124794, 'went', 0, 123199, 2),
  (124795, 'have been', 1, 123199, 3),
  (124796, 'go', 0, 123199, 4),
  (124797, 'will visit', 0, 123200, 1),
  (124798, 'am visiting / am going to visit', 1, 123200, 2),
  (124799, 'visited', 0, 123200, 3),
  (124800, 'have visited', 0, 123200, 4);



-- Assumptions:
-- 1. The document ends with Lessons 41-44, all of which are English language lessons.
-- 2. English already exists in the previous seed file, so new subject records are created only for French, German, and Russian.
-- 3. Lessons 41-44 are mapped across Grades 9, 10, 11, and 12 respectively and linked to the existing English subject.
-- 4. Section is 'А' and CreatedByUserId = 1.

INSERT INTO "Subjects" ("Id", "CreatedByUserId", "Description", "Name", "Grade", "Section", "CreatedAt")
VALUES
  (120018, 1, 'Подготовка по френски език с акцент върху комуникация, граматика и културен контекст.', 'Френски език', 10, 'А', '2026-04-15T08:01:00Z'),
  (120019, 1, 'Подготовка по немски език с акцент върху граматични структури, четене и общуване.', 'Немски език', 11, 'А', '2026-04-15T08:02:00Z'),
  (120020, 1, 'Подготовка по руски език с акцент върху лексика, граматика и разбиране на текст.', 'Руски език', 12, 'А', '2026-04-15T08:03:00Z');

INSERT INTO "Lessons" ("Id", "AttachmentName", "AttachmentUrl", "Content", "CreatedByUserId", "Grade", "ImageUrl", "Section", "SubjectId", "Title", "YoutubeUrl", "CreatedAt")
VALUES
  (121041, NULL, NULL, '<h2>Synonyms, Antonyms, and the Magic of Idioms</h2>
<p>To reach a higher level of English, learners need to move beyond overused words and start choosing vocabulary with precision, color, and stylistic effect.</p>
<h3>1. Synonyms: Precision in Language</h3>
<p>Using synonyms avoids repetition and makes speech and writing more expressive.</p>
<ul>
  <li><b>Instead of "Good":</b> Excellent, superb, outstanding, beneficial.</li>
  <li><b>Instead of "Bad":</b> Terrible, atrocious, detrimental, poor.</li>
  <li><b>Instead of "Important":</b> Crucial, vital, essential, significant.</li>
</ul>
<h3>2. Antonyms: Expressing Contrast</h3>
<p>Antonyms help us compare ideas and highlight differences with greater clarity.</p>
<ul>
  <li><b>Optimistic</b> vs. <b>Pessimistic</b></li>
  <li><b>Generous</b> vs. <b>Stingy</b></li>
  <li><b>Ancient</b> vs. <b>Contemporary</b></li>
</ul>
<h3>3. Idioms: The Soul of Natural English</h3>
<p>Idioms are fixed expressions whose meaning cannot be understood literally. They make language sound more authentic and culturally grounded.</p>
<ul>
  <li><b>"A piece of cake":</b> Something very easy.</li>
  <li><b>"Under the weather":</b> Feeling sick.</li>
  <li><b>"Break a leg":</b> Good luck before a performance.</li>
  <li><b>"Once in a blue moon":</b> Very rarely.</li>
  <li><b>"The last straw":</b> The final problem that makes a situation unbearable.</li>
</ul>
<h3>4. Phrasal Verbs: The Tricky Everyday Layer</h3>
<p>Phrasal verbs combine a verb with a particle and are essential for fluent communication.</p>
<ul>
  <li><b>Look for:</b> To search.</li>
  <li><b>Look up to:</b> To admire someone.</li>
  <li><b>Run out of:</b> To have none left.</li>
  <li><b>Give up:</b> To stop trying.</li>
</ul>
<img src="https://source.unsplash.com/featured/?education,english-vocabulary-idioms-notebook" style="width:100%; border-radius:8px; margin: 10px 0;" />
<h3>Conclusion</h3>
<p>The best vocabulary growth happens in <b>context</b>. Instead of memorizing isolated lists, students should use one new idiom or phrasal verb every day in conversation or writing.</p>', 1, 9, NULL, 'А', 120017, 'Synonyms, Antonyms, and the Magic of Idioms', NULL, '2026-04-15T08:04:00Z'),
  (121042, NULL, NULL, '<h2>The Art of Writing: Structure and Style</h2>
<p>Good writing resembles good architecture: it needs a clear plan, strong internal logic, and a polished final form. Structure and style work together to make ideas persuasive.</p>
<h3>1. Formal Letters vs. Informal Emails</h3>
<p>The tone of writing depends on the audience and purpose.</p>
<table>
  <tr>
    <th>Feature</th>
    <th>Formal</th>
    <th>Informal</th>
  </tr>
  <tr>
    <td><b>Greeting</b></td>
    <td>Dear Mr./Ms. [Name] / Dear Sir or Madam</td>
    <td>Hi [Name] / Hey!</td>
  </tr>
  <tr>
    <td><b>Contractions</b></td>
    <td>Avoided</td>
    <td>Common</td>
  </tr>
  <tr>
    <td><b>Phrasal Verbs</b></td>
    <td>Rarely used</td>
    <td>Frequent</td>
  </tr>
  <tr>
    <td><b>Closing</b></td>
    <td>Yours sincerely / Yours faithfully</td>
    <td>Best / Take care / Love</td>
  </tr>
</table>
<h3>2. Essay Structure: The Five-Paragraph Model</h3>
<p>A standard essay follows a logical sequence that helps the reader track the argument.</p>
<ul>
  <li><b>Introduction:</b> Opens the topic and ends with a <b>thesis statement</b>.</li>
  <li><b>Body Paragraphs:</b> Develop arguments with examples and topic sentences.</li>
  <li><b>Counter-argument:</b> Shows balance and critical thinking.</li>
  <li><b>Conclusion:</b> Summarizes the main points without introducing new ideas.</li>
</ul>
<h3>3. Transition Words</h3>
<p>Linking words act like bridges between ideas and improve coherence.</p>
<ul>
  <li><b>Adding:</b> Furthermore, moreover, in addition.</li>
  <li><b>Contrast:</b> However, on the other hand, nevertheless.</li>
  <li><b>Cause and effect:</b> Consequently, therefore, as a result.</li>
  <li><b>Conclusion:</b> In summary, to conclude, all things considered.</li>
</ul>
<img src="https://source.unsplash.com/featured/?education,essay-writing-desk-english" style="width:100%; border-radius:8px; margin: 10px 0;" />
<h3>Conclusion</h3>
<p>Before submitting any text, writers should always <b>proofread</b> carefully for tone, grammar, punctuation, and word choice.</p>', 1, 10, NULL, 'А', 120017, 'The Art of Writing: Structure and Style', NULL, '2026-04-15T08:05:00Z'),
  (121043, NULL, NULL, '<h2>Reading: From Understanding to Analysis</h2>
<p>Reading is not just about translating words. Strong readers identify the <b>purpose</b> of a text, the <b>tone</b> of the author, and the difference between information and opinion.</p>
<h3>1. Core Reading Strategies</h3>
<ul>
  <li><b>Skimming:</b> Reading quickly for the main idea.</li>
  <li><b>Scanning:</b> Searching for specific information such as dates, names, or numbers.</li>
  <li><b>Close Reading:</b> Reading carefully for details, logic, and nuance.</li>
</ul>
<h3>2. Identifying Tone and Purpose</h3>
<p>Every text exists for a reason, and strong comprehension depends on recognizing that reason.</p>
<ul>
  <li><b>Informative:</b> Gives facts. Tone is usually objective.</li>
  <li><b>Persuasive:</b> Tries to convince the reader. Tone may be emotional or subjective.</li>
  <li><b>Entertaining:</b> Tells a story or creates an experience.</li>
</ul>
<h3>3. Context Clues</h3>
<p>Unknown words can often be understood through their surroundings.</p>
<ul>
  <li><b>Synonyms and antonyms:</b> Nearby comparisons help reveal meaning.</li>
  <li><b>Definitions and explanations:</b> Authors sometimes explain new words directly.</li>
</ul>
<h3>4. Critical Analysis: Facts vs. Opinions</h3>
<p>A critical reader distinguishes between statements that can be proven and personal judgments.</p>
<ul>
  <li><b>Fact:</b> "The Earth orbits the Sun."</li>
  <li><b>Opinion:</b> "Summer is the best season."</li>
</ul>
<img src="https://source.unsplash.com/featured/?education,reading-analysis-books-highlighter" style="width:100%; border-radius:8px; margin: 10px 0;" />
<h3>Conclusion</h3>
<p>Reading comprehension develops through regular practice. The more varied the texts, the stronger the analytical habits become.</p>', 1, 11, NULL, 'А', 120017, 'Reading: From Understanding to Analysis', NULL, '2026-04-15T08:06:00Z'),
  (121044, NULL, NULL, '<h2>Integrated Language Skills: Vocabulary, Writing, and Reading in Action</h2>
<p>Advanced language learning happens when vocabulary, writing, and reading work together. A student who can interpret a text, organize an argument, and choose precise words is prepared for academic and professional communication.</p>
<h3>1. Building a Strong Language Toolkit</h3>
<ul>
  <li><b>Vocabulary:</b> Rich vocabulary allows precise and flexible expression.</li>
  <li><b>Writing:</b> Clear structure and tone make ideas persuasive.</li>
  <li><b>Reading:</b> Analytical reading improves comprehension and critical thinking.</li>
</ul>
<h3>2. From Input to Output</h3>
<p>Reading supplies models of good language, while writing turns passive knowledge into active skill. Students improve fastest when they analyze what they read and then reuse the language in their own texts.</p>
<h3>3. Practical Strategy for Senior Students</h3>
<ul>
  <li><b>Read actively:</b> Underline key ideas, unfamiliar words, and argument patterns.</li>
  <li><b>Write purposefully:</b> Match tone and structure to the task.</li>
  <li><b>Reflect critically:</b> Distinguish facts, assumptions, and opinions.</li>
  <li><b>Revise carefully:</b> Edit for clarity, coherence, and accuracy.</li>
</ul>
<h3>4. Real-World Relevance</h3>
<p>These skills matter in exams, university applications, presentations, and everyday communication. Language mastery is not only about correctness, but also about effectiveness.</p>
<img src="https://source.unsplash.com/featured/?education,language-learning-study-skills" style="width:100%; border-radius:8px; margin: 10px 0;" />
<h3>Conclusion</h3>
<p>When learners connect vocabulary, writing, and reading into one system, English becomes more than a subject. It becomes a practical tool for thinking, learning, and communicating with confidence.</p>', 1, 12, NULL, 'А', 120017, 'Integrated Language Skills: Vocabulary, Writing, and Reading in Action', NULL, '2026-04-15T08:07:00Z');

INSERT INTO "Tests" ("Id", "CreatedByUserId", "LessonId", "Title", "Grade", "Section", "CreatedAt")
VALUES
  (122041, 1, 121041, 'Test: Vocabulary & Idioms', 9, 'А', '2026-04-15T08:08:00Z'),
  (122042, 1, 121042, 'Test: Writing Skills', 10, 'А', '2026-04-15T08:09:00Z'),
  (122043, 1, 121043, 'Test: Reading Comprehension Skills', 11, 'А', '2026-04-15T08:10:00Z'),
  (122044, 1, 121044, 'Test: Integrated English Skills', 12, 'А', '2026-04-15T08:11:00Z');

INSERT INTO "Questions" ("Id", "Text", "TestId", "CorrectTextAnswer", "ImageUrl", "OrderIndex", "Type")
VALUES
  (123201, 'What is a synonym for the word "Essential"?', 122041, NULL, NULL, 1, 'multiple-choice'),
  (123202, 'If a task is "a piece of cake," it is:', 122041, NULL, NULL, 2, 'multiple-choice'),
  (123203, 'What is the antonym of "Generous"?', 122041, NULL, NULL, 3, 'multiple-choice'),
  (123204, 'Complete the phrasal verb: "I need to ________ my shoes before I enter the house."', 122041, NULL, NULL, 4, 'multiple-choice'),
  (123205, 'What does "once in a blue moon" mean?', 122041, NULL, NULL, 5, 'multiple-choice'),
  (123206, 'Which closing is most appropriate for a formal letter to a person whose name you do not know?', 122042, NULL, NULL, 1, 'multiple-choice'),
  (123207, 'Where should you place the thesis statement in an essay?', 122042, NULL, NULL, 2, 'multiple-choice'),
  (123208, 'Which linking word is used to show contrast?', 122042, NULL, NULL, 3, 'multiple-choice'),
  (123209, 'In formal writing, you should usually avoid:', 122042, NULL, NULL, 4, 'multiple-choice'),
  (123210, 'A topic sentence is used to:', 122042, NULL, NULL, 5, 'multiple-choice'),
  (123211, 'Which technique would you use to find a specific phone number in a directory?', 122043, NULL, NULL, 1, 'multiple-choice'),
  (123212, 'An objective tone is most likely to be found in:', 122043, NULL, NULL, 2, 'multiple-choice'),
  (123213, 'What is the main goal of skimming?', 122043, NULL, NULL, 3, 'multiple-choice'),
  (123214, 'In the sentence "The company''s profits plummeted," what does "plummeted" mean?', 122043, NULL, NULL, 4, 'multiple-choice'),
  (123215, 'Which of these is an opinion?', 122043, NULL, NULL, 5, 'multiple-choice'),
  (123216, 'Which skill helps students choose more precise words and avoid repetition?', 122044, NULL, NULL, 1, 'multiple-choice'),
  (123217, 'What is the main purpose of a thesis statement?', 122044, NULL, NULL, 2, 'multiple-choice'),
  (123218, 'Which reading strategy is best for finding a date quickly in a long article?', 122044, NULL, NULL, 3, 'multiple-choice'),
  (123219, 'Why is proofreading important?', 122044, NULL, NULL, 4, 'multiple-choice'),
  (123220, 'What happens when vocabulary, writing, and reading are developed together?', 122044, NULL, NULL, 5, 'multiple-choice');

INSERT INTO "Answers" ("Id", "Text", "IsCorrect", "QuestionId", "OrderIndex")
VALUES
  (124801, 'Optional', 0, 123201, 1),
  (124802, 'Vital', 1, 123201, 2),
  (124803, 'Minor', 0, 123201, 3),
  (124804, 'Extra', 0, 123201, 4),
  (124805, 'Delicious', 0, 123202, 1),
  (124806, 'Very difficult', 0, 123202, 2),
  (124807, 'Very easy', 1, 123202, 3),
  (124808, 'Boring', 0, 123202, 4),
  (124809, 'Kind', 0, 123203, 1),
  (124810, 'Selfish/Stingy', 1, 123203, 2),
  (124811, 'Brave', 0, 123203, 3),
  (124812, 'Rich', 0, 123203, 4),
  (124813, 'take off', 1, 123204, 1),
  (124814, 'take in', 0, 123204, 2),
  (124815, 'take up', 0, 123204, 3),
  (124816, 'take after', 0, 123204, 4),
  (124817, 'Every night', 0, 123205, 1),
  (124818, 'Very frequently', 0, 123205, 2),
  (124819, 'Very rarely', 1, 123205, 3),
  (124820, 'Never', 0, 123205, 4),

  (124821, 'Best wishes,', 0, 123206, 1),
  (124822, 'Yours faithfully,', 1, 123206, 2),
  (124823, 'Love,', 0, 123206, 3),
  (124824, 'See you soon,', 0, 123206, 4),
  (124825, 'In the middle of the second paragraph', 0, 123207, 1),
  (124826, 'At the end of the introduction', 1, 123207, 2),
  (124827, 'At the very beginning of the conclusion', 0, 123207, 3),
  (124828, 'In a footnote', 0, 123207, 4),
  (124829, 'Furthermore', 0, 123208, 1),
  (124830, 'Consequently', 0, 123208, 2),
  (124831, 'However', 1, 123208, 3),
  (124832, 'In addition', 0, 123208, 4),
  (124833, 'Passive voice', 0, 123209, 1),
  (124834, 'Contractions', 1, 123209, 2),
  (124835, 'Complex sentences', 0, 123209, 3),
  (124836, 'Transition words', 0, 123209, 4),
  (124837, 'End the essay', 0, 123210, 1),
  (124838, 'Introduce the main idea of a paragraph', 1, 123210, 2),
  (124839, 'Greet the reader', 0, 123210, 3),
  (124840, 'List the bibliography', 0, 123210, 4),

  (124841, 'Skimming', 0, 123211, 1),
  (124842, 'Scanning', 1, 123211, 2),
  (124843, 'Critical analysis', 0, 123211, 3),
  (124844, 'Close reading', 0, 123211, 4),
  (124845, 'A personal diary', 0, 123212, 1),
  (124846, 'A political speech', 0, 123212, 2),
  (124847, 'A scientific report', 1, 123212, 3),
  (124848, 'A movie review', 0, 123212, 4),
  (124849, 'To understand every single word', 0, 123213, 1),
  (124850, 'To find hidden meanings', 0, 123213, 2),
  (124851, 'To get the general idea quickly', 1, 123213, 3),
  (124852, 'To check the spelling', 0, 123213, 4),
  (124853, 'Increased slowly', 0, 123214, 1),
  (124854, 'Stayed the same', 0, 123214, 2),
  (124855, 'Fell sharply', 1, 123214, 3),
  (124856, 'Became stable', 0, 123214, 4),
  (124857, 'Water boils at 100°C.', 0, 123215, 1),
  (124858, 'Bulgaria is located in Southeast Europe.', 0, 123215, 2),
  (124859, 'Learning English is the most exciting thing you can do.', 1, 123215, 3),
  (124860, 'William Shakespeare wrote Hamlet.', 0, 123215, 4),

  (124861, 'Grammar drills only', 0, 123216, 1),
  (124862, 'Vocabulary development', 1, 123216, 2),
  (124863, 'Memorizing dates', 0, 123216, 3),
  (124864, 'Copying a text word for word', 0, 123216, 4),
  (124865, 'To decorate the page', 0, 123217, 1),
  (124866, 'To present the main argument of the text', 1, 123217, 2),
  (124867, 'To list references', 0, 123217, 3),
  (124868, 'To replace the conclusion', 0, 123217, 4),
  (124869, 'Close reading', 0, 123218, 1),
  (124870, 'Scanning', 1, 123218, 2),
  (124871, 'Creative writing', 0, 123218, 3),
  (124872, 'Brainstorming', 0, 123218, 4),
  (124873, 'It removes all opinions from a text', 0, 123219, 1),
  (124874, 'It helps improve clarity, accuracy, and coherence', 1, 123219, 2),
  (124875, 'It makes every sentence longer', 0, 123219, 3),
  (124876, 'It replaces the need for planning', 0, 123219, 4),
  (124877, 'Students become less flexible in communication', 0, 123220, 1),
  (124878, 'English becomes a practical tool for thinking and communication', 1, 123220, 2),
  (124879, 'Reading becomes unnecessary', 0, 123220, 3),
  (124880, 'Vocabulary stops growing', 0, 123220, 4);


UPDATE "Subjects" SET "Grade" = 8, "Section" = 'А' WHERE "Id" BETWEEN 120001 AND 120020;
UPDATE "Lessons" SET "Grade" = 8, "Section" = 'А' WHERE "Id" BETWEEN 121001 AND 121044;
UPDATE "Tests" SET "Grade" = 8, "Section" = 'А' WHERE "Id" BETWEEN 122001 AND 122044;
COMMIT;
PRAGMA foreign_keys = ON;
